ID,Name,Pos,Price,Team,xPts GW37-38,xPts +2 per sub,xPts +2 per sub with 0.86 decay,GW xMins,38,xPts if play,38,Probability to play,38,xPts,38,npG,38
231,Alisson,GK,6,LIV,4.582120823,4.608436612,4.608436612,,87.42857143,,4.643215767,,0.986842105,,4.582120823,,8.58E-04
559,Ramsdale,GK,5.1,ARS,4.424855503,4.442223924,4.442223924,,87.80904762,,4.463618506,,0.991315789,,4.424855503,,6.15E-04
257,Ederson,GK,6.1,MCI,4.19211556,4.209483981,4.209483981,,87.80904762,,4.228839695,,0.991315789,,4.19211556,,9.98E-04
353,Lloris,GK,5.4,TOT,4.033721458,4.051089879,4.051089879,,87.80904762,,4.069058014,,0.991315789,,4.033721458,,2.15E-05
112,Pope,GK,5.4,BUR,3.884708401,3.91102419,3.91102419,,87.42857143,,3.936504513,,0.986842105,,3.884708401,,1.28E-04
69,R Sanchez,GK,4.5,BHA,3.548473806,3.565842227,3.565842227,,87.80904762,,3.579559453,,0.991315789,,3.548473806,,2.20E-05
270,de Gea,GK,5.1,MUN,3.398759065,3.425074854,3.425074854,,87.42857143,,3.444075852,,0.986842105,,3.398759065,,1.38E-05
295,Dubravka,GK,4.5,NEW,3.342993578,3.369309368,3.369309368,,87.42857143,,3.387566826,,0.986842105,,3.342993578,,2.20E-05
199,Meslier,GK,4.8,LEE,3.312327003,3.329695424,3.329695424,,87.80904762,,3.341343938,,0.991315789,,3.312327003,,1.93999E-05
200,Schmeichel,GK,4.9,LEI,3.258255643,3.275624064,3.275624064,,87.80904762,,3.286798897,,0.991315789,,3.258255643,,3.11E-04
129,Kepa,GK,4.5,CHE,2.337360294,3.268939242,3.268939242,,47.48333333,,4.375354245,,0.534210526,,2.337360294,,1.09E-02
408,Fabianski,GK,5,WHU,3.173650455,3.252597824,3.252597824,,85.19047619,,3.304074446,,0.960526316,,3.173650455,,1.22E-05
80,Raya,GK,4.3,BRE,3.198376979,3.2157454,3.2157454,,87.80904762,,3.226395678,,0.991315789,,3.198376979,,3.19E-05
143,E Mendy,GK,6.1,CHE,2.023198581,3.07583016,3.07583016,,42.5,,4.271197004,,0.473684211,,2.023198581,,2.62E-05
146,Guaita,GK,4.6,CRY,2.285022735,2.863970103,2.863970103,,63.60714286,,3.215957923,,0.710526316,,2.285022735,,1.55E-04
475,Sa,GK,5.2,WOL,2.678101497,2.695469918,2.695469918,,87.80904762,,2.701562434,,0.991315789,,2.678101497,,1.30E-05
170,Pickford,GK,4.8,EVE,2.663322862,2.680691283,2.680691283,,87.80904762,,2.686654334,,0.991315789,,2.663322862,,1.09E-04
30,Martinez,GK,5.5,AVL,2.536095987,2.553464408,2.553464408,,87.80904762,,2.558312915,,0.991315789,,2.536095987,,3.72E-05
334,McCarthy,GK,4.3,SOU,2.479006642,2.496375063,2.496375063,,87.80904762,,2.500723451,,0.991315789,,2.479006642,,0.003242385
156,Butland,GK,4.4,CRY,0.926006794,2.320743637,2.320743637,,26.17763158,,3.059848538,,0.302631579,,0.926006794,,5.01106E-05
314,Krul,GK,4.5,NOR,2.056180137,2.12460119,2.12460119,,85.20119048,,2.129014856,,0.965789474,,2.056180137,,2.46E-04
489,Areola,GK,4.7,WHU,0.165982406,2.060719248,2.060719248,,4.526315789,,3.153665705,,0.052631579,,0.165982406,,4.43596E-05
242,Kelleher,GK,4.3,LIV,0.103836044,2.051204465,2.051204465,,2.105263158,,3.945769674,,0.026315789,,0.103836044,,7.7532E-05
1,Leno,GK,4.5,ARS,0.08762563,2.034994051,2.034994051,,1.842105263,,3.329773936,,0.026315789,,0.08762563,,4.76E-05
260,Steffen,GK,4.4,MCI,0.080313493,2.032945072,2.032945072,,1.657894737,,3.391014163,,0.023684211,,0.080313493,,7.54E-05
480,Hennessey,GK,4.5,BUR,0.094282337,2.031124442,2.031124442,,2.368421053,,2.985607346,,0.031578947,,0.094282337,,1.51E-04
486,Gollini,GK,4.2,TOT,0.075803366,2.028434945,2.028434945,,1.657894737,,3.200586564,,0.023684211,,0.075803366,,1.02E-04
294,Darlow,GK,4.5,NEW,0.087542579,2.024384684,2.024384684,,2.273684211,,2.77218166,,0.031578947,,0.087542579,,3.5851E-05
280,D Henderson,GK,4.7,MUN,0.085424627,2.022266732,2.022266732,,2.210526316,,2.70511318,,0.031578947,,0.085424627,,6.91E-04
54,Steele,GK,3.9,BHA,0.071825479,2.0191939,2.0191939,,1.842105263,,2.729368208,,0.026315789,,0.071825479,,6.95E-05
490,Klaesson,GK,4.3,LEE,0.065593079,2.0129615,2.0129615,,1.842105263,,2.492537015,,0.026315789,,0.065593079,,7.15E-05
204,D Ward,GK,4,LEI,0.059159866,2.011791445,2.011791445,,1.657894737,,2.497861007,,0.023684211,,0.059159866,,3.42E-03
673,Lossl,GK,4.5,BRE,0.061471655,2.008840076,2.008840076,,1.842105263,,2.335922897,,0.026315789,,0.061471655,,3.90E-05
0,Karius,GK,4.5,LIV,0.008334496,2.003597654,2.003597654,,0.165789474,,3.519009524,,0.002368421,,0.008334496,,7.53E-05
593,Carson,GK,3.9,MCI,0.008724928,2.00346177,2.00346177,,0.184210526,,3.315472549,,0.002631579,,0.008724928,,6.87E-05
389,Bachmann,GK,4,WAT,0.145527972,2.003422709,2.003422709,,5.968421053,,2.048171464,,0.071052632,,0.145527972,,2.60874E-05
114,Norris,GK,4.3,BUR,0.007497773,2.002234615,2.002234615,,0.184210526,,2.849153827,,0.002631579,,0.007497773,,7.77E-05
688,McGill,GK,4,BHA,0.007158752,2.001895594,2.001895594,,0.184210526,,2.72032571,,0.002631579,,0.007158752,,5.39E-05
556,A Fernandez L,GK,4.5,BRE,0.006842028,2.00157887,2.00157887,,0.184210526,,2.599970575,,0.002631579,,0.006842028,,3.46E-05
572,Okonkwo,GK,3.9,ARS,0.004208748,2.001577169,2.001577169,,0.092105263,,3.198648182,,0.001315789,,0.004208748,,9.40739E-05
509,Heaton,GK,3.9,MUN,0.006744338,2.00148118,2.00148118,,0.184210526,,2.562848357,,0.002631579,,0.006744338,,1.73E-04
561,Matthews,GK,3.9,CRY,0.006730099,2.001466941,2.001466941,,0.184210526,,2.55743773,,0.002631579,,0.006730099,,8.08E-05
606,Bettinelli,GK,4,CHE,0.004036406,2.001404827,2.001404827,,0.078947368,,3.067668411,,0.001315789,,0.004036406,,8.12E-05
407,Randolph,GK,4.3,WHU,0.006027244,2.001290402,2.001290402,,0.165789474,,2.544836235,,0.002368421,,0.006027244,,4.63E-05
573,Jakupovic,GK,3.9,LEI,0.006406338,2.00114318,2.00114318,,0.184210526,,2.434408256,,0.002631579,,0.006406338,,7.77E-05
656,Pitaluga,GK,4,LIV,0.003532764,2.000901185,2.000901185,,0.065789474,,2.684900728,,0.001315789,,0.003532764,,5.38E-05
619,Cox,GK,4,BRE,0.003049226,2.000417647,2.000417647,,0.092105263,,2.317412086,,0.001315789,,0.003049226,,5.77E-05
223,Adrian,GK,4.3,LIV,0.000920287,2.000393971,2.000393971,,0.018421053,,3.497089371,,0.000263158,,0.000920287,,5.69E-05
615,Slicker,GK,4,MCI,0.000778569,2.000252254,2.000252254,,0.015789474,,2.958563914,,0.000263158,,0.000778569,,6.66E-05
514,Gillespie,GK,3.9,NEW,0.000707676,2.000181361,2.000181361,,0.018421053,,2.689170639,,0.000263158,,0.000707676,,7.96E-05
0,D Martin,GK,4,WHU,0.000645748,2.000119432,2.000119432,,0.018421053,,2.453843453,,0.000263158,,0.000645748,,4.73E-05
333,Forster,GK,4.4,SOU,0,2,2,,0,,0.001333,,0,,0,,0.00E+00
616,Tyrer,GK,4,EVE,0.000443032,1.999916716,1.999916716,,0.015789474,,1.683521792,,0.000263158,,0.000443032,,3.93352E-05
642,Angelini,GK,4,WAT,0.000322171,1.999795856,1.999795856,,0.015789474,,1.224250923,,0.000263158,,0.000322171,,3.14E-05
691,Olsen,GK,4,AVL,0.052418108,1.999786529,1.999786529,,1.842105263,,1.991888089,,0.026315789,,0.052418108,,1.97E-05
0,Sarkic,GK,4,WOL,0.004770216,1.999507058,1.999507058,,0.065789474,,1.812681899,,0.002631579,,0.004770216,,3.86E-06
571,Lonergan,GK,3.9,EVE,0.004641232,1.999378074,1.999378074,,0.184210526,,1.763668083,,0.002631579,,0.004641232,,3.99E-05
659,Austin,GK,4,TOT,0.00444854,1.999185382,1.999185382,,0.065789474,,1.690445075,,0.002631579,,0.00444854,,3.60E-05
596,Sinisalo,GK,4,AVL,0.004175021,1.998911863,1.998911863,,0.157894737,,1.586508128,,0.002631579,,0.004175021,,2.78E-05
708,Waller,GK,4,BUR,0.004131499,1.998868341,1.998868341,,0.065789474,,1.569969679,,0.002631579,,0.004131499,,1.87E-05
313,McGovern,GK,3.9,NOR,0.003978556,1.998715398,1.998715398,,0.184210526,,1.51185131,,0.002631579,,0.003978556,,3.74E-05
481,Begovic,GK,4,EVE,0.045987449,1.998619028,1.998619028,,1.657894737,,1.941692286,,0.023684211,,0.045987449,,7.37E-05
574,Elliot,GK,4,WAT,0.003665035,1.998401877,1.998401877,,0.184210526,,1.392713187,,0.002631579,,0.003665035,,2.56E-05
666,McCracken,GK,4,NOR,0.003600655,1.998337497,1.998337497,,0.157894737,,1.368249041,,0.002631579,,0.003600655,,5.04E-05
637,H Lewis,GK,3.9,SOU,0.003260703,1.997997545,1.997997545,,0.065789474,,1.239067286,,0.002631579,,0.003260703,,2.52E-05
621,Storer,GK,4,WOL,0.002969503,1.997706345,1.997706345,,0.065789474,,1.128411055,,0.002631579,,0.002969503,,1.38E-05
448,Gunn,GK,4,NOR,0.098237825,1.992974667,1.992974667,,4.263157895,,1.866518679,,0.052631579,,0.098237825,,3.49E-05
641,Caballero,GK,4.2,SOU,0.04537917,1.992747591,1.992747591,,1.842105263,,1.72440845,,0.026315789,,0.04537917,,4.36E-05
452,Ruddy,GK,4.3,WOL,0.045266526,1.992634947,1.992634947,,1.842105263,,1.72012798,,0.026315789,,0.045266526,,3.45E-05
376,Foster,GK,4.1,WAT,1.847599832,1.95286299,1.95286299,,83.64285714,,1.950244268,,0.947368421,,1.847599832,,1.19E-04
237,Trent,DEF,8.4,LIV,6.606712571,6.65934415,6.65934415,,84.54761905,,6.78527237,,0.973684211,,6.606712571,,0.081794932
256,Cancelo,DEF,7.2,MCI,5.563337301,5.61596888,5.61596888,,84.54761905,,5.713697769,,0.973684211,,5.563337301,,0.106554933
234,Robertson,DEF,7.3,LIV,5.545451047,5.598082626,5.598082626,,83.66666667,,5.695328102,,0.973684211,,5.545451047,,0.054125968
142,R James,DEF,6.4,CHE,4.953084731,5.110979468,5.110979468,,66,,5.377634851,,0.921052632,,4.953084731,,0.104037871
127,Rudiger,DEF,6.1,CHE,4.769839299,4.838260352,4.838260352,,83.89047619,,4.938798184,,0.965789474,,4.769839299,,0.103697962
259,Laporte,DEF,6,MCI,4.782005349,4.834636928,4.834636928,,84.54761905,,4.911248736,,0.973684211,,4.782005349,,0.126508078
122,Alonso,DEF,5.7,CHE,4.283595153,4.704647785,4.704647785,,59.21428571,,5.425887194,,0.789473684,,4.283595153,,0.161475428
119,Azpilicueta,DEF,5.6,CHE,4.568234646,4.673497804,4.673497804,,77.21428571,,4.82202546,,0.947368421,,4.568234646,,0.060812756
229,van Dijk,DEF,6.8,LIV,4.310732577,4.573890472,4.573890472,,75.78571429,,4.963873877,,0.868421053,,4.310732577,,0.073785812
23,Gabriel,DEF,5.4,ARS,4.477041034,4.529672613,4.529672613,,85.42857143,,4.598042143,,0.973684211,,4.477041034,,0.090304476
224,Matip,DEF,5.2,LIV,4.093173192,4.514225824,4.514225824,,69.21428571,,5.184686044,,0.789473684,,4.093173192,,0.09003422
367,D Sanchez,DEF,4.2,TOT,4.153643706,4.232591074,4.232591074,,81.71428571,,4.324341392,,0.960526316,,4.153643706,,0.105699654
368,Sessegnon,DEF,4.3,TOT,4.121467005,4.226730163,4.226730163,,73.78571429,,4.350437394,,0.947368421,,4.121467005,,0.059849385
67,B White,DEF,4.6,ARS,4.050330741,4.10296232,4.10296232,,85.42857143,,4.15979914,,0.973684211,,4.050330741,,0.038649603
588,Emerson R,DEF,4.5,TOT,3.942051655,4.047314813,4.047314813,,77.21428571,,4.161054524,,0.947368421,,3.942051655,,0.07219414
252,Stones,DEF,5.2,MCI,3.420028496,3.946344286,3.946344286,,63.5,,4.641467245,,0.736842105,,3.420028496,,0.076755902
364,Ben T Davies,DEF,4.5,TOT,3.785712399,3.827817662,3.827817662,,84.98571429,,3.867125569,,0.978947368,,3.785712399,,0.059970472
361,Dier,DEF,4.6,TOT,3.757409476,3.799514739,3.799514739,,85.87142857,,3.83821398,,0.978947368,,3.757409476,,0.044785873
121,T Silva,DEF,5.6,CHE,2.937904389,3.622114916,3.622114916,,55.88095238,,4.465614672,,0.657894737,,2.937904389,,0.034542485
584,Cucurella,DEF,4.9,BHA,3.568635708,3.621267287,3.621267287,,84.54761905,,3.665085321,,0.973684211,,3.568635708,,0.02613981
585,C Roberts,DEF,4.4,BUR,3.46036932,3.528790373,3.528790373,,82.14285714,,3.58294371,,0.965789474,,3.46036932,,0.031900451
59,Dunk,DEF,4.8,BHA,3.459136576,3.511768155,3.511768155,,84.54761905,,3.552626753,,0.973684211,,3.459136576,,0.063063045
249,Walker,DEF,5.4,MCI,2.76189742,3.498739525,3.498739525,,54.92857143,,4.373004249,,0.631578947,,2.76189742,,0.016017199
98,Tarkowski,DEF,4.9,BUR,3.399252803,3.451884382,3.451884382,,85.42857143,,3.4911245,,0.973684211,,3.399252803,,0.059543775
113,Taylor,DEF,4.4,BUR,3.334036918,3.360352707,3.360352707,,85.64285714,,3.378490743,,0.986842105,,3.334036918,,0.006324155
466,Tavares,DEF,4.3,ARS,2.926642028,3.347694659,3.347694659,,53.5,,3.707079902,,0.789473684,,2.926642028,,0.082645453
5,Cedric,DEF,4.2,ARS,2.900840999,3.32189363,3.32189363,,60.64285714,,3.674398598,,0.789473684,,2.900840999,,0.029009553
527,T Chalobah,DEF,4.7,CHE,2.163018992,3.26828215,3.26828215,,39.92857143,,4.834983628,,0.447368421,,2.163018992,,0.069835887
451,Collins,DEF,4.3,BUR,2.97588281,3.186409126,3.186409126,,76.35714286,,3.32598667,,0.894736842,,2.97588281,,0.06962427
39,Targett,DEF,4.7,NEW,3.046216847,3.1146379,3.1146379,,83.89047619,,3.154120986,,0.965789474,,3.046216847,,0.018622137
555,Varane,DEF,5.5,MUN,3.010357036,3.078778088,3.078778088,,82.14285714,,3.116990936,,0.965789474,,3.010357036,,0.031759139
411,A Cresswell,DEF,5.5,WHU,2.961760859,3.067024017,3.067024017,,81.5,,3.126303129,,0.947368421,,2.961760859,,0.023792823
62,Veltman,DEF,4.2,BHA,2.994817304,3.063238357,3.063238357,,80.3952381,,3.100900751,,0.965789474,,2.994817304,,0.028846761
264,Zinchenko,DEF,5.3,MCI,1.993755634,3.046387213,3.046387213,,37.78571429,,4.209039671,,0.473684211,,1.993755634,,0.029958905
76,Jansson,DEF,4.4,BRE,3.015078254,3.041394044,3.041394044,,86.53571429,,3.055279297,,0.986842105,,3.015078254,,0.07434164
590,Tomiyasu,DEF,4.5,ARS,2.102529912,2.997266754,2.997266754,,43.5,,3.804577935,,0.552631579,,2.102529912,,0.042576618
209,Castagne,DEF,5.3,LEI,2.816240662,2.92150382,2.92150382,,72.07142857,,2.972698477,,0.947368421,,2.816240662,,0.035422354
201,Evans,DEF,5.4,LEI,2.698157984,2.9086843,2.9086843,,74.73809524,,3.015588336,,0.894736842,,2.698157984,,0.059758143
83,Henry,DEF,4.5,BRE,2.851454613,2.904086192,2.904086192,,81.02380952,,2.928520953,,0.973684211,,2.851454613,,0.04944038
258,Ake,DEF,4.7,MCI,1.63948052,2.902638415,2.902638415,,32.42105263,,4.450018554,,0.368421053,,1.63948052,,0.095713093
279,Telles,DEF,5.1,MUN,2.476834504,2.897887135,2.897887135,,67.78571429,,3.137323705,,0.789473684,,2.476834504,,0.018781143
488,Andersen,DEF,4.6,CRY,2.854636785,2.896742048,2.896742048,,84.98571429,,2.916026824,,0.978947368,,2.854636785,,0.028699827
218,Justin,DEF,4.9,LEI,2.187403932,2.871614458,2.871614458,,53.5,,3.324853977,,0.657894737,,2.187403932,,0.066614516
501,M Sarr,DEF,4.9,CHE,1.591634263,2.854792157,2.854792157,,31.68421053,,4.320150141,,0.368421053,,1.591634263,,0.019452281
58,Burn,DEF,4.4,NEW,2.754568437,2.833515805,2.833515805,,83.45238095,,2.86776988,,0.960526316,,2.754568437,,0.052142295
483,Ajer,DEF,4.4,BRE,2.80534193,2.831657719,2.831657719,,86.53571429,,2.842746489,,0.986842105,,2.80534193,,0.038117027
128,Zouma,DEF,5.4,WHU,2.770811709,2.812916972,2.812916972,,84.98571429,,2.830399057,,0.978947368,,2.770811709,,0.038928313
243,Konate,DEF,5.1,LIV,1.527711507,2.790869402,2.790869402,,33.15789474,,4.14664552,,0.368421053,,1.527711507,,0.029243824
414,Dawson,DEF,4.9,WHU,2.72977153,2.771876793,2.771876793,,84.98571429,,2.788476294,,0.978947368,,2.72977153,,0.067602578
477,Guehi,DEF,4.5,CRY,2.651870672,2.75713383,2.75713383,,82.35714286,,2.79919682,,0.947368421,,2.651870672,,0.042510122
220,Fofana,DEF,4.3,LEI,2.291739,2.712791632,2.712791632,,68.5,,2.902869401,,0.789473684,,2.291739,,0.029142452
162,Mitchell,DEF,4.5,CRY,2.480656483,2.691182799,2.691182799,,77.16666667,,2.772498422,,0.894736842,,2.480656483,,0.011668908
510,Dalot,DEF,4.2,MUN,2.178278895,2.651963105,2.651963105,,64.26190476,,2.854296483,,0.763157895,,2.178278895,,0.031043969
305,Schar,DEF,4.3,NEW,1.88256952,2.619411626,2.619411626,,55.5,,2.980735074,,0.631578947,,1.88256952,,0.049310667
61,Webster,DEF,4.3,BHA,2.02003286,2.598980228,2.598980228,,49.78571429,,2.84300921,,0.710526316,,2.02003286,,0.051042772
418,Coufal,DEF,4.7,WHU,2.057018587,2.583334377,2.583334377,,62.16666667,,2.791668083,,0.736842105,,2.057018587,,0.020515855
273,Maguire,DEF,5.4,MUN,1.987574824,2.566522192,2.566522192,,60.07142857,,2.79732753,,0.710526316,,1.987574824,,0.042735844
493,Clyne,DEF,4.3,CRY,2.378099262,2.535993999,2.535993999,,79.33333333,,2.581936341,,0.921052632,,2.378099262,,0.007117044
90,M Sorensen,DEF,4.3,BRE,2.397717475,2.450349054,2.450349054,,82.78571429,,2.46252065,,0.973684211,,2.397717475,,0.013455973
678,Trippier,DEF,4.9,NEW,1.37649415,2.429125729,2.429125729,,35.52631579,,2.905932094,,0.473684211,,1.37649415,,0.011347373
284,Lindelof,DEF,4.8,MUN,1.472548428,2.419916849,2.419916849,,46.35714286,,2.797842013,,0.526315789,,1.472548428,,0.011523259
190,Llorente,DEF,4.5,LEE,2.387114001,2.41342979,2.41342979,,85.64285714,,2.418942187,,0.986842105,,2.387114001,,0.057201674
103,K Long,DEF,4,BUR,1.145115404,2.408273298,2.408273298,,31.68421053,,3.108170381,,0.368421053,,1.145115404,,0.037634877
207,R Pereira,DEF,5.2,LEI,1.144929146,2.408087041,2.408087041,,27.63157895,,3.107664825,,0.368421053,,1.144929146,,0.053043806
303,Krafth,DEF,4.3,NEW,1.710761075,2.394971601,2.394971601,,54.69047619,,2.600356834,,0.657894737,,1.710761075,,0.01156144
299,Lascelles,DEF,4.4,NEW,1.382479009,2.382479009,2.382479009,,41.5,,2.764958019,,0.5,,1.382479009,,0.043135247
288,Wan-Bissaka,DEF,5.1,MUN,1.094382557,2.357540452,2.357540452,,32.42105263,,2.970466941,,0.368421053,,1.094382557,,0.013564192
106,Mee,DEF,4.6,BUR,0.872913183,2.346597393,2.346597393,,22.63157895,,3.317070094,,0.263157895,,0.872913183,,0.067826611
245,Tsimikas,DEF,3.7,LIV,0.632762209,2.316972736,2.316972736,,11.84210526,,4.007493992,,0.157894737,,0.632762209,,0.031665539
71,Lamptey,DEF,4.5,BHA,2.100118396,2.310644712,2.310644712,,47.21428571,,2.347191149,,0.894736842,,2.100118396,,0.023458337
184,Cooper,DEF,4.4,LEE,2.241888963,2.294520542,2.294520542,,83.66666667,,2.302480557,,0.973684211,,2.241888963,,0.027526183
219,L Thomas,DEF,4.3,LEI,1.131508266,2.289403003,2.289403003,,36.21052632,,2.687332133,,0.421052632,,1.131508266,,0.018136489
194,Koch,DEF,4.3,LEE,2.184731268,2.263678636,2.263678636,,76.5,,2.274514745,,0.960526316,,2.184731268,,0.044196217
342,Walker-Peters,DEF,4.8,SOU,2.181611735,2.223716999,2.223716999,,84.98571429,,2.228528117,,0.978947368,,2.181611735,,0.031591127
208,Amartey,DEF,4,LEI,1.151680895,2.204312474,2.204312474,,37.78571429,,2.431326333,,0.473684211,,1.151680895,,0.008218388
374,Rodon,DEF,4.2,TOT,0.721843167,2.195527377,2.195527377,,15.78947368,,2.743004034,,0.263157895,,0.721843167,,0.016922167
463,Firpo,DEF,4.7,LEE,2.061440454,2.166703612,2.166703612,,70.35714286,,2.175964924,,0.947368421,,2.061440454,,0.052943065
133,Christensen,DEF,4.6,CHE,0.321889698,2.163994961,2.163994961,,6.631578947,,4.077269506,,0.078947368,,0.321889698,,0.024427089
14,Holding,DEF,4.1,ARS,0.790516645,2.158937697,2.158937697,,14.21052632,,2.503302708,,0.315789474,,0.790516645,,0.020139291
217,Soyuncu,DEF,4.9,LEI,0.465290267,2.149500794,2.149500794,,13.89473684,,2.94683836,,0.157894737,,0.465290267,,0.048844519
89,Roerslev,DEF,4.1,BRE,1.242247854,2.136984696,2.136984696,,33.15789474,,2.24787707,,0.552631579,,1.242247854,,0.015396341
474,J Ward,DEF,4.5,CRY,0.65917643,2.132860641,2.132860641,,23.68421053,,2.504870435,,0.263157895,,0.65917643,,0.010370477
110,Lowton,DEF,4.4,BUR,0.337316947,2.126790631,2.126790631,,8.842105263,,3.204510998,,0.105263158,,0.337316947,,0.023134749
56,Duffy,DEF,4,BHA,0.321370021,2.110843705,2.110843705,,8.421052632,,3.053015197,,0.105263158,,0.321370021,,0.068726627
425,Johnson,DEF,3.9,WHU,1.054799245,2.107430824,2.107430824,,35.52631579,,2.226798407,,0.473684211,,1.054799245,,0.006801218
343,Bednarek,DEF,4.4,SOU,1.835151888,2.098309782,2.098309782,,74.21428571,,2.113205204,,0.868421053,,1.835151888,,0.057763713
690,Kenedy,DEF,4.5,CHE,0.307290137,2.096763822,2.096763822,,4.210526316,,2.919256305,,0.105263158,,0.307290137,,0.072986851
275,Shaw,DEF,5,MUN,0.305504909,2.094978594,2.094978594,,8.421052632,,2.90229664,,0.105263158,,0.305504909,,0.013687246
100,Pieters,DEF,4.1,BUR,0.283369185,2.072842869,2.072842869,,6.736842105,,2.692007257,,0.105263158,,0.283369185,,0.014381338
198,Struijk,DEF,4.3,LEE,1.733263678,2.049053152,2.049053152,,60.64285714,,2.058250618,,0.842105263,,1.733263678,,0.052024837
147,Tomkins,DEF,4.3,CRY,0.142873499,2.037610342,2.037610342,,4.210526316,,2.71459649,,0.052631579,,0.142873499,,0.061381286
99,Bardsley,DEF,3.9,BUR,0.110237363,2.031289995,2.031289995,,2.960526316,,2.792679871,,0.039473684,,0.110237363,,0.016437949
292,Ritchie,DEF,4.9,NEW,0.129146564,2.023883406,2.023883406,,3.157894737,,2.45378471,,0.052631579,,0.129146564,,0.024866284
238,Gomez,DEF,4.7,LIV,0.049600013,2.023284223,2.023284223,,0.986842105,,3.769600983,,0.013157895,,0.049600013,,0.006770815
150,Kouyate,DEF,4.5,CRY,0.442959492,2.021906861,2.021906861,,12.63157895,,2.104057589,,0.210526316,,0.442959492,,0.022183264
151,Kelly,DEF,3.8,CRY,0.066648786,2.014017207,2.014017207,,2.105263158,,2.532653885,,0.026315789,,0.066648786,,0.019000967
651,Egan-Riley,DEF,4,MCI,0.03726957,2.010953781,2.010953781,,0.789473684,,2.832487318,,0.013157895,,0.03726957,,0.001622077
340,Vestergaard,DEF,4.7,LEI,0.033256092,2.006940303,2.006940303,,0.921052632,,2.527463012,,0.013157895,,0.033256092,,0.046257834
302,Manquillo,DEF,3.9,NEW,0.059298875,2.006667296,2.006667296,,1.842105263,,2.253357235,,0.026315789,,0.059298875,,0.015536237
158,Jach,DEF,4.2,CRY,0.032869456,2.006553666,2.006553666,,1.052631579,,2.498078623,,0.013157895,,0.032869456,,0.026544301
286,Bailly,DEF,4.9,MUN,0.032622088,2.006306299,2.006306299,,0.986842105,,2.479278694,,0.013157895,,0.032622088,,0.01171799
569,Stevens,DEF,3.9,BRE,0.057330545,2.004698966,2.004698966,,1.578947368,,2.178560703,,0.026315789,,0.057330545,,0.018784614
301,Dummett,DEF,4.5,NEW,0.030427356,2.004111567,2.004111567,,0.921052632,,2.312479091,,0.013157895,,0.030427356,,0.010970387
247,R Williams,DEF,4.4,LIV,0.00923427,2.003971112,2.003971112,,0.184210526,,3.509022568,,0.002631579,,0.00923427,,0.03505527
632,P Jones,DEF,4.5,MUN,0.013985694,2.003459378,2.003459378,,0.394736842,,2.65728191,,0.005263158,,0.013985694,,0.013393951
604,Wilson-Esbrand,DEF,3.9,MCI,0.007889508,2.00262635,2.00262635,,0.157894737,,2.998012945,,0.002631579,,0.007889508,,0.006518091
603,Mbete,DEF,3.9,MCI,0.007711673,2.002448515,2.002448515,,0.157894737,,2.930435676,,0.002631579,,0.007711673,,0.003118308
0,Burns,DEF,4,MCI,0.007276161,2.002013003,2.002013003,,0.157894737,,2.764941285,,0.002631579,,0.007276161,,0.001529358
565,Dodgson,DEF,3.9,BUR,0.003249865,2.000618286,2.000618286,,0.078947368,,2.469897064,,0.001315789,,0.003249865,,0.029858513
560,H Roberts,DEF,3.9,BHA,0.005786817,2.000523659,2.000523659,,0.157894737,,2.198990562,,0.002631579,,0.005786817,,0.004410334
534,B Thomas,DEF,3.9,BUR,0.002933279,2.0003017,2.0003017,,0.078947368,,2.229292008,,0.001315789,,0.002933279,,0.009323584
331,Omobamidele,DEF,3.9,NOR,0,2,2,,0,,0.001331,,0,,0,,0
424,Diop,DEF,4.2,WHU,0,2,2,,0,,0.001424,,0,,0,,0
674,Patterson,DEF,4.2,EVE,0,2,2,,0,,0.001697,,0,,0,,0
371,Tanganga,DEF,4.2,TOT,0,2,2,,0,,0.001371,,0,,0,,0
491,Livramento,DEF,4.2,SOU,0,2,2,,0,,0.001491,,0,,0,,0
185,Ayling,DEF,4.3,LEE,0,2,2,,0,,0.001185,,0,,0,,0
465,F Fernandez,DEF,4.3,NEW,0,2,2,,0,,0.001465,,0,,0,,0
396,Sierralta,DEF,4.3,WAT,0,2,2,,0,,0.001396,,0,,0,,0
387,Troost-Ekong,DEF,4.3,WAT,0,2,2,,0,,0.001387,,0,,0,,0
580,Kabak,DEF,4.3,NOR,0,2,2,,0,,0.001609,,0,,0,,0
91,Pinnock,DEF,4.4,BRE,0,2,2,,0,,0.001091,,0,,0,,0
36,Hause,DEF,4.4,AVL,0,2,2,,0,,0.001036,,0,,0,,0
324,Zimmermann,DEF,4.4,NOR,0,2,2,,0,,0.001324,,0,,0,,0
439,Kilman,DEF,4.5,WOL,0,2,2,,0,,0.001439,,0,,0,,0
594,Zanka,DEF,4.5,BRE,0,2,2,,0,,0.001618,,0,,0,,0
161,N Ferguson,DEF,4.5,CRY,0,2,2,,0,,0.001161,,0,,0,,0
473,Bertrand,DEF,4.6,LEI,0,2,2,,0,,0.001473,,0,,0,,0
360,Doherty,DEF,4.6,TOT,0,2,2,,0,,0.00136,,0,,0,,0
431,Saiss,DEF,4.8,WOL,0,2,2,,0,,0.001431,,0,,0,,0
494,Romero,DEF,4.8,TOT,0,2,2,,0,,0.001495,,0,,0,,0
437,Semedo,DEF,4.8,WOL,0,2,2,,0,,0.001437,,0,,0,,0
460,Perraud,DEF,4.8,SOU,0,2,2,,0,,0.00146,,0,,0,,0
45,Konsa,DEF,4.9,AVL,0,2,2,,0,,0.001045,,0,,0,,0
409,Ogbonna,DEF,4.9,WHU,0,2,2,,0,,0.001409,,0,,0,,0
16,Tierney,DEF,5,ARS,0,2,2,,0,,0.001016,,0,,0,,0
370,Reguilon,DEF,5.1,TOT,0,2,2,,0,,0.00137,,0,,0,,0
135,Chilwell,DEF,5.6,CHE,0,2,2,,0,,0.001135,,0,,0,,0
262,Dias,DEF,6.1,MCI,0,2,2,,0,,0.001262,,0,,0,,0
626,Bradley,DEF,4,LIV,0.004944507,1.999681349,1.999681349,,0.065789474,,1.878912685,,0.002631579,,0.004944507,,0.004777989
627,Beck,DEF,4,LIV,0.004869765,1.999606607,1.999606607,,0.065789474,,1.850510651,,0.002631579,,0.004869765,,0.006018189
0,Koumetio,DEF,4,LIV,0.004794125,1.999530967,1.999530967,,0.065789474,,1.821767608,,0.002631579,,0.004794125,,0.004003485
660,Quansah,DEF,4,LIV,0.004780621,1.999517463,1.999517463,,0.065789474,,1.816635821,,0.002631579,,0.004780621,,0.008030025
711,Swanson,DEF,4,ARS,0.004688069,1.999424911,1.999424911,,0.065789474,,1.78146609,,0.002631579,,0.004688069,,0.011946828
730,Kirk,DEF,4,ARS,0.002024091,1.999392512,1.999392512,,0.026315789,,1.538308857,,0.001315789,,0.002024091,,0.00069174
719,Ogungbo,DEF,4,ARS,0.002022171,1.999390592,1.999390592,,0.026315789,,1.536850146,,0.001315789,,0.002022171,,0.000326109
724,Lavinier,DEF,4,TOT,0.002014249,1.99938267,1.99938267,,0.026315789,,1.530829194,,0.001315789,,0.002014249,,0.004033964
540,Hannam,DEF,3.9,CRY,0.004574913,1.999311756,1.999311756,,0.105263158,,1.738467129,,0.002631579,,0.004574913,,0.001819734
705,Awe,DEF,4,ARS,0.004502525,1.999239367,1.999239367,,0.065789474,,1.71095933,,0.002631579,,0.004502525,,0.008449829
712,Offiah,DEF,4,BHA,0.001818323,1.999186744,1.999186744,,0.026315789,,1.381925767,,0.001315789,,0.001818323,,0.000436499
598,Omole,DEF,3.9,TOT,0.004213323,1.998950165,1.998950165,,0.065789474,,1.601062718,,0.002631579,,0.004213323,,0.001923209
653,Turns,DEF,4,BHA,0.003980087,1.998716929,1.998716929,,0.065789474,,1.512433011,,0.002631579,,0.003980087,,0.006627051
639,Daley-Campbell,DEF,4,LEI,0.003839013,1.998575855,1.998575855,,0.065789474,,1.458825015,,0.002631579,,0.003839013,,0.004563708
617,Ashby,DEF,4,WHU,0.003824893,1.998561735,1.998561735,,0.065789474,,1.453459252,,0.002631579,,0.003824893,,0.009277812
645,B Nelson,DEF,4,LEI,0.003750622,1.998487464,1.998487464,,0.065789474,,1.425236317,,0.002631579,,0.003750622,,0.006634122
709,Adaramola,DEF,4,CRY,0.003742294,1.998479136,1.998479136,,0.065789474,,1.422071723,,0.002631579,,0.003742294,,0.006985644
682,Ekwah,DEF,4,WHU,0.003639646,1.998376488,1.998376488,,0.065789474,,1.383065349,,0.002631579,,0.003639646,,0.006924377
644,Alese,DEF,4,WHU,0.003631728,1.99836857,1.99836857,,0.065789474,,1.380056616,,0.002631579,,0.003631728,,0.005420981
554,J Baptiste,DEF,3.9,WHU,0.0036022,1.998339042,1.998339042,,0.065789474,,1.368835898,,0.002631579,,0.0036022,,0.000449115
608,Hjelde,DEF,4,LEE,0.050685,1.998053421,1.998053421,,1.842105263,,1.926029984,,0.026315789,,0.050685,,0.017013464
635,Bueno,DEF,4,WOL,0.00267382,1.997410662,1.997410662,,0.065789474,,1.01605144,,0.002631579,,0.00267382,,0.000342222
684,K Hayden,DEF,4,AVL,0.002622116,1.997358958,1.997358958,,0.065789474,,0.996403924,,0.002631579,,0.002622116,,0.004195113
633,Morris,DEF,4,WAT,0.002565434,1.997302276,1.997302276,,0.065789474,,0.974864805,,0.002631579,,0.002565434,,0.000349308
610,Bogarde,DEF,4,AVL,0.002434849,1.997171691,1.997171691,,0.147368421,,0.925242654,,0.002631579,,0.002434849,,0.000596311
667,Small,DEF,4,SOU,0.022859752,1.996543962,1.996543962,,0.789473684,,1.737341124,,0.013157895,,0.022859752,,0.043337706
563,C Cresswell,DEF,4,LEE,0.048715202,1.996083623,1.996083623,,1.842105263,,1.851177668,,0.026315789,,0.048715202,,0.024767005
728,A Fernandez C,DEF,4,MUN,0.019315346,1.992999557,1.992999557,,0.328947368,,1.46796632,,0.013157895,,0.019315346,,0.008790667
643,Tomkinson,DEF,4,NOR,0.015220907,1.988905118,1.988905118,,0.789473684,,1.156788956,,0.013157895,,0.015220907,,0.019625989
657,Moore,DEF,4,LEE,0.040488012,1.987856433,1.987856433,,1.184210526,,1.538544464,,0.026315789,,0.040488012,,0.000966263
722,Jeanvier,DEF,4,BRE,0.035880229,1.98324865,1.98324865,,0.526315789,,1.363448705,,0.026315789,,0.035880229,,0.009557174
623,Welch,DEF,4,EVE,0.03219824,1.979566661,1.979566661,,1.184210526,,1.223533131,,0.026315789,,0.03219824,,0.004249046
546,Valery,DEF,3.9,SOU,0.177439472,1.966913156,1.966913156,,7.368421053,,1.685674983,,0.105263158,,0.177439472,,0.020847438
175,Mina,DEF,4.9,EVE,0.168150763,1.957624447,1.957624447,,8.421052632,,1.59743225,,0.105263158,,0.168150763,,0.02877312
618,Nkoulou,DEF,4.4,WAT,0.054783376,1.949520218,1.949520218,,3.368421053,,1.040884139,,0.052631579,,0.054783376,,0.008848632
417,Masuaku,DEF,4.4,WHU,0.250018618,1.934229144,1.934229144,,4.736842105,,1.583451245,,0.157894737,,0.250018618,,0.004178168
390,Masina,DEF,4.3,WAT,0.09168996,1.933795224,1.933795224,,5.921052632,,1.161406165,,0.078947368,,0.09168996,,0.015364157
415,Fredericks,DEF,4.4,WHU,0.239452205,1.923662731,1.923662731,,4.736842105,,1.516530632,,0.157894737,,0.239452205,,0.004489541
179,Godfrey,DEF,4.7,EVE,0.237423638,1.921634164,1.921634164,,14.21052632,,1.503683039,,0.157894737,,0.237423638,,0.02349997
446,Mosquera,DEF,4.4,WOL,0.079279205,1.921384468,1.921384468,,6.631578947,,1.004203259,,0.078947368,,0.079279205,,0.012059885
544,Branthwaite,DEF,4,EVE,0.54944353,1.917864582,1.917864582,,26.52631579,,1.739904511,,0.315789474,,0.54944353,,0.033158429
169,Keane,DEF,4.6,EVE,1.368581371,1.894897161,1.894897161,,62.16666667,,1.857360432,,0.736842105,,1.368581371,,0.02484507
670,Feeney,DEF,4,AVL,0.102075869,1.891549553,1.891549553,,6.315789474,,0.969720756,,0.105263158,,0.102075869,,0.001506923
502,Kenny,DEF,4.4,EVE,0.501239984,1.869661037,1.869661037,,26.52631579,,1.58725995,,0.315789474,,0.501239984,,0.01752696
338,J Stephens,DEF,4.4,SOU,1.552388248,1.868177722,1.868177722,,69.02380952,,1.843461045,,0.842105263,,1.552388248,,0.023511538
351,Salisu,DEF,4.5,SOU,1.819086014,1.861191277,1.861191277,,84.98571429,,1.858206144,,0.978947368,,1.819086014,,0.045330708
443,Hoever,DEF,3.9,WOL,0.156393636,1.840604163,1.840604163,,12.63157895,,0.990493029,,0.157894737,,0.156393636,,0.003394484
567,Lyanco,DEF,4.4,SOU,0.918859639,1.813596481,1.813596481,,44.5,,1.662698394,,0.552631579,,0.918859639,,0.020256642
432,Marcal,DEF,4.2,WOL,0.234126565,1.813073934,1.813073934,,16.84210526,,1.112101184,,0.210526316,,0.234126565,,0.011696479
675,Mykolenko,DEF,4.9,EVE,1.519148125,1.78230602,1.78230602,,71.07142857,,1.749322084,,0.868421053,,1.519148125,,0.021606682
165,Coleman,DEF,4.9,EVE,1.600891437,1.758786174,1.758786174,,78.5,,1.738110703,,0.921052632,,1.600891437,,0.023514189
456,Gibson,DEF,4.4,NOR,0.384300468,1.75272152,1.75272152,,29.05263158,,1.216951481,,0.315789474,,0.384300468,,0.028813235
327,J Sorensen,DEF,4.3,NOR,0.488385111,1.751543006,1.751543006,,27.63157895,,1.325616731,,0.368421053,,0.488385111,,0.027897371
400,Ngakia,DEF,4.2,WAT,0.433167442,1.696325337,1.696325337,,27.63157895,,1.175740201,,0.368421053,,0.433167442,,0.004137276
290,B Williams,DEF,3.9,NOR,0.327117297,1.695538349,1.695538349,,25.26315789,,1.03587144,,0.315789474,,0.327117297,,0.007227599
178,Holgate,DEF,4.2,EVE,1.347980974,1.558507289,1.558507289,,76.35714286,,1.50656697,,0.894736842,,1.347980974,,0.029343598
379,Cathcart,DEF,4.2,WAT,0.480109561,1.53274114,1.53274114,,40.35714286,,1.013564629,,0.473684211,,0.480109561,,0.005565633
319,Hanley,DEF,4.4,NOR,1.38155709,1.407872879,1.407872879,,86.53571429,,1.399977851,,0.986842105,,1.38155709,,0.040004057
321,Byram,DEF,4.4,NOR,1.246532137,1.404426874,1.404426874,,76.83333333,,1.353377749,,0.921052632,,1.246532137,,0.053275363
457,Giannoulis,DEF,4.4,NOR,1.084845094,1.400634568,1.400634568,,69.02380952,,1.28825355,,0.842105263,,1.084845094,,0.011952042
433,Jonny,DEF,4.5,WOL,1.310113747,1.389061116,1.389061116,,77.36904762,,1.363954038,,0.960526316,,1.310113747,,0.032965565
685,Toti,DEF,4.4,WOL,0.710276482,1.34185543,1.34185543,,59.21428571,,1.038096397,,0.684210526,,0.710276482,,0.013336178
470,Ait-Nouri,DEF,4.1,WOL,1.17554399,1.333438727,1.333438727,,76.83333333,,1.276304903,,0.921052632,,1.17554399,,0.015492354
168,Digne,DEF,5,AVL,1.275234871,1.327866449,1.327866449,,82.78571429,,1.309700678,,0.973684211,,1.275234871,,0.014406955
326,Aarons,DEF,4.3,NOR,1.218249876,1.270881455,1.270881455,,82.78571429,,1.251175549,,0.973684211,,1.218249876,,0.017977698
382,Femenia,DEF,4.3,WAT,0.945941201,1.261730675,1.261730675,,65.21428571,,1.123305177,,0.842105263,,0.945941201,,0.002371149
428,Boly,DEF,4.9,WOL,1.205714037,1.258345616,1.258345616,,85.42857143,,1.238300903,,0.973684211,,1.205714037,,0.020280636
52,Young,DEF,4.7,AVL,0.676001897,1.254949266,1.254949266,,24.86842105,,0.951410078,,0.710526316,,0.676001897,,0.003989099
429,Coady,DEF,4.8,WOL,1.173601662,1.226233241,1.226233241,,85.42857143,,1.205320626,,0.973684211,,1.173601662,,0.023700779
384,Kabasele,DEF,4.3,WAT,1.057679875,1.215574612,1.215574612,,78.5,,1.14833815,,0.921052632,,1.057679875,,0.023909927
677,Samir,DEF,4.5,WAT,0.672946677,1.199262467,1.199262467,,63.5,,0.913284777,,0.736842105,,0.672946677,,0.015627354
10,Chambers,DEF,4.2,AVL,1.107155085,1.159786664,1.159786664,,82.78571429,,1.137078195,,0.973684211,,1.107155085,,0.01882239
676,H Kamara,DEF,4.5,WAT,1.095365966,1.147997545,1.147997545,,84.54761905,,1.124970452,,0.973684211,,1.095365966,,0.016343359
44,Cash,DEF,5.3,AVL,1.094726217,1.147357796,1.147357796,,85.42857143,,1.124313412,,0.973684211,,1.094726217,,0.024519902
38,Mings,DEF,5,AVL,1.010258403,1.036574192,1.036574192,,86.53571429,,1.023728515,,0.986842105,,1.010258403,,0.017859028
359,Son,MID,11,TOT,7.157918454,7.200023718,7.200023718,,81.44285714,,7.311852185,,0.978947368,,7.157918454,,0.627531933
230,Mane,MID,11.7,LIV,5.821890924,5.874522503,5.874522503,,79.26190476,,5.979239327,,0.973684211,,5.821890924,,0.51315796
251,De Bruyne,MID,11.9,MCI,5.690479477,5.75890053,5.75890053,,75.15238095,,5.892049595,,0.965789474,,5.690479477,,0.286965774
138,Mount,MID,7.7,CHE,5.306176656,5.385124024,5.385124024,,73.89285714,,5.52423871,,0.960526316,,5.306176656,,0.311185238
265,Foden,MID,7.8,MCI,5.020018245,5.088439297,5.088439297,,71.65714286,,5.197839054,,0.965789474,,5.020018245,,0.359516135
22,Saka,MID,6.7,ARS,4.95728794,5.025708992,5.025708992,,78.64761905,,5.132886695,,0.965789474,,4.95728794,,0.275745112
212,Maddison,MID,6.9,LEI,4.861673291,4.94062066,4.94062066,,76.5,,5.061468084,,0.960526316,,4.861673291,,0.32216296
255,Sterling,MID,10.5,MCI,4.724137887,4.934664203,4.934664203,,60.16666667,,5.279918815,,0.894736842,,4.724137887,,0.422699695
233,Salah,MID,13.3,LIV,4.462042421,4.883095053,4.883095053,,50.64285714,,5.6519204,,0.789473684,,4.462042421,,0.43172254
696,Diaz,MID,8,LIV,4.337097144,4.405518196,4.405518196,,66.41428571,,4.490727288,,0.965789474,,4.337097144,,0.323003583
699,Eriksen,MID,5.6,BRE,4.270998146,4.339419198,4.339419198,,82.14285714,,4.422286908,,0.965789474,,4.270998146,,0.172712739
196,Raphinha,MID,6.4,LEE,4.235229634,4.287861213,4.287861213,,82.78571429,,4.3496953,,0.973684211,,4.235229634,,0.247914653
141,Havertz,MID,7.9,CHE,4.038048558,4.248574873,4.248574873,,55.30952381,,4.513113094,,0.894736842,,4.038048558,,0.380794764
261,B Silva,MID,7,MCI,4.082907891,4.161855259,4.161855259,,73.02380952,,4.250698626,,0.960526316,,4.082907891,,0.227477195
277,Fernandes,MID,11.6,MUN,4.082744568,4.135376147,4.135376147,,82.78571429,,4.193089016,,0.973684211,,4.082744568,,0.202319747
240,Jota,MID,8.3,LIV,3.898712541,4.109238856,4.109238856,,48.83333333,,4.357384604,,0.894736842,,3.898712541,,0.389077906
154,Zaha,MID,6.8,CRY,3.978610314,4.020715577,4.020715577,,81.44285714,,4.064171826,,0.978947368,,3.978610314,,0.17184145
701,Kulusevski,MID,6.3,TOT,3.910047519,3.988994888,3.988994888,,66.07142857,,4.070734404,,0.960526316,,3.910047519,,0.196232143
64,Trossard,MID,5.8,BHA,3.880718347,3.985981505,3.985981505,,72.07142857,,4.096313811,,0.947368421,,3.880718347,,0.192343083
558,Odegaard,MID,5.6,ARS,3.842163458,3.91058451,3.91058451,,73.4047619,,3.978261891,,0.965789474,,3.842163458,,0.177115236
96,Mbeumo,MID,5.2,BRE,3.807064428,3.875485481,3.875485481,,78.64761905,,3.941919572,,0.965789474,,3.807064428,,0.249427289
420,Bowen,MID,6.9,WHU,3.772398384,3.840819436,3.840819436,,76.9,,3.906025574,,0.965789474,,3.772398384,,0.225949444
578,Cornet,MID,5.8,BUR,3.741267758,3.809688811,3.809688811,,69.03571429,,3.873792229,,0.965789474,,3.741267758,,0.25734914
26,Martinelli,MID,5.3,ARS,3.676443825,3.755391194,3.755391194,,59.11904762,,3.827530558,,0.960526316,,3.676443825,,0.253895651
215,H Barnes,MID,6.5,LEI,3.588205377,3.746100114,3.746100114,,55.16666667,,3.895765838,,0.921052632,,3.588205377,,0.258018383
697,Guimaraes,MID,5,NEW,3.536468143,3.589099722,3.589099722,,82.78571429,,3.632048363,,0.973684211,,3.536468143,,0.154655627
341,Ward-Prowse,MID,6.5,SOU,3.485866526,3.538498104,3.538498104,,85.42857143,,3.580079134,,0.973684211,,3.485866526,,0.080233392
254,Mahrez,MID,8.6,MCI,3.170873849,3.434031744,3.434031744,,38.85714286,,3.651309281,,0.868421053,,3.170873849,,0.195144892
267,Harrison,MID,5.5,LEE,3.373494469,3.426126048,3.426126048,,77.5,,3.464669995,,0.973684211,,3.373494469,,0.162191853
74,Mac Allister,MID,5.1,BHA,3.262368021,3.341315389,3.341315389,,73.02380952,,3.396437939,,0.960526316,,3.262368021,,0.144738321
144,Gallagher,MID,6.1,CRY,3.202360631,3.270781684,3.270781684,,76.9,,3.315795749,,0.965789474,,3.202360631,,0.156271895
222,J Henderson,MID,4.9,LIV,3.199416516,3.267837569,3.267837569,,78.64761905,,3.312747347,,0.965789474,,3.199416516,,0.06281019
239,Keita,MID,5,LIV,3.037453405,3.195348142,3.195348142,,60.16666667,,3.297806554,,0.921052632,,3.037453405,,0.135763796
131,Ziyech,MID,7.3,CHE,2.656637429,3.182953219,3.182953219,,39.5,,3.605436511,,0.736842105,,2.656637429,,0.160756082
266,Rodri,MID,5.5,MCI,3.106340128,3.174761181,3.174761181,,82.14285714,,3.216373975,,0.965789474,,3.106340128,,0.087752119
21,Smith Rowe,MID,5.7,ARS,3.085116199,3.164063567,3.164063567,,52.16666667,,3.211901796,,0.960526316,,3.085116199,,0.181063232
365,Hojbjerg,MID,4.8,TOT,3.089877053,3.158298106,3.158298106,,83.89047619,,3.199327739,,0.965789474,,3.089877053,,0.075733618
132,Loftus-Cheek,MID,5.4,CHE,2.814275243,3.130064717,3.130064717,,61.4047619,,3.341951852,,0.842105263,,2.814275243,,0.109444328
210,Tielemans,MID,6.4,LEI,2.568413222,3.094729011,3.094729011,,56.83333333,,3.485703658,,0.736842105,,2.568413222,,0.111533342
524,Wissa,MID,5.7,BRE,2.978096396,3.057043765,3.057043765,,52.16666667,,3.100483919,,0.960526316,,2.978096396,,0.177055766
160,Eze,MID,5.9,CRY,2.878973517,3.036868254,3.036868254,,63.5,,3.125742676,,0.921052632,,2.878973517,,0.09257083
118,McNeil,MID,5.5,BUR,2.960806316,3.029227369,3.029227369,,73.4047619,,3.065685014,,0.965789474,,2.960806316,,0.064884555
505,Dewsbury-Hall,MID,4.4,LEI,2.890740767,2.996003925,2.996003925,,77.21428571,,3.051337476,,0.947368421,,2.890740767,,0.071923243
362,Lucas Moura,MID,5.9,TOT,2.914705077,2.993652446,2.993652446,,52.16666667,,3.034487478,,0.960526316,,2.914705077,,0.15374268
7,Xhaka,MID,4.8,ARS,2.926796759,2.979428338,2.979428338,,85.42857143,,3.005899374,,0.973684211,,2.926796759,,0.063361169
423,Fornals,MID,6,WHU,2.856215577,2.961478735,2.961478735,,72.92857143,,3.01489422,,0.947368421,,2.856215577,,0.119324126
115,Brownhill,MID,4.3,BUR,2.881771868,2.923877131,2.923877131,,84.98571429,,2.943745456,,0.978947368,,2.881771868,,0.061756731
137,Pulisic,MID,7.9,CHE,2.005437797,2.900174639,2.900174639,,29.84210526,,3.628887441,,0.552631579,,2.005437797,,0.268600219
422,Soucek,MID,5.7,WHU,2.592045302,2.855203197,2.855203197,,67.92857143,,2.984779439,,0.868421053,,2.592045302,,0.120867055
77,Norgaard,MID,5,BRE,2.740079433,2.808500486,2.808500486,,78.64761905,,2.837139468,,0.965789474,,2.740079433,,0.084634659
225,Thiago,MID,5.3,LIV,2.731927573,2.800348626,2.800348626,,66.41428571,,2.828698849,,0.965789474,,2.731927573,,0.074333159
702,Bentancur,MID,4.9,TOT,2.72803346,2.796454512,2.796454512,,76.9,,2.824666798,,0.965789474,,2.72803346,,0.062309398
369,Bergwijn,MID,5.9,TOT,2.443422991,2.759212464,2.759212464,,33.68421053,,2.901564802,,0.842105263,,2.443422991,,0.169004379
538,Caicedo,MID,4.5,BHA,2.62643716,2.731700318,2.731700318,,75.5,,2.772350336,,0.947368421,,2.62643716,,0.09533136
512,Elanga,MID,4.8,MUN,2.663286529,2.715918108,2.715918108,,65.16666667,,2.735267246,,0.973684211,,2.663286529,,0.11210854
587,Lookman,MID,5.9,LEI,1.968263888,2.705105993,2.705105993,,32.84210526,,3.116417822,,0.631578947,,1.968263888,,0.196918626
33,Grealish,MID,7.5,MCI,2.11145736,2.690404729,2.690404729,,36.92857143,,2.971680729,,0.710526316,,2.11145736,,0.125399451
336,Redmond,MID,5.9,SOU,2.583263273,2.688526431,2.688526431,,61.78571429,,2.726777899,,0.947368421,,2.583263273,,0.086828012
517,Elyounoussi,MID,5.4,SOU,2.401605348,2.664763243,2.664763243,,53.78571429,,2.765484946,,0.868421053,,2.401605348,,0.160060682
250,Gundogan,MID,7.1,MCI,1.971049418,2.655259944,2.655259944,,29.60526316,,2.995995115,,0.657894737,,1.971049418,,0.158458512
155,Schlupp,MID,5.4,CRY,2.527819654,2.633082812,2.633082812,,61.78571429,,2.668254079,,0.947368421,,2.527819654,,0.104807007
12,Elneny,MID,4.4,ARS,2.543658605,2.612079658,2.612079658,,76.9,,2.633760954,,0.965789474,,2.543658605,,0.038388228
55,Gross,MID,5.7,BHA,2.08494227,2.61125806,2.61125806,,40.83333333,,2.82956451,,0.736842105,,2.08494227,,0.056967687
186,Klich,MID,5.1,LEE,2.541518796,2.609939848,2.609939848,,73.4047619,,2.631545347,,0.965789474,,2.541518796,,0.08645409
101,Cork,MID,4.4,BUR,2.509860025,2.578281077,2.578281077,,82.14285714,,2.598765148,,0.965789474,,2.509860025,,0.048227968
419,Benrahma,MID,5.9,WHU,2.345238054,2.55576437,2.55576437,,47.21428571,,2.621148413,,0.894736842,,2.345238054,,0.100768768
274,Fred,MID,4.9,MUN,2.497915497,2.550547076,2.550547076,,73.97619048,,2.565426727,,0.973684211,,2.497915497,,0.053327571
123,Jorginho,MID,5.7,CHE,1.38383463,2.541729367,2.541729367,,32,,3.286607247,,0.421052632,,1.38383463,,0.02218294
681,Coutinho,MID,7.1,AVL,2.459347764,2.538295133,2.538295133,,62.5952381,,2.560416851,,0.960526316,,2.459347764,,0.099785763
323,Dowell,MID,5.1,NOR,2.302994648,2.513520964,2.513520964,,60.16666667,,2.573935195,,0.894736842,,2.302994648,,0.092718664
309,S Longstaff,MID,4.3,NEW,2.422065188,2.501012557,2.501012557,,73.02380952,,2.521602114,,0.960526316,,2.422065188,,0.07292187
281,Rashford,MID,9.4,MUN,1.757166026,2.494008131,2.494008131,,35.36842105,,2.782179541,,0.631578947,,1.757166026,,0.129871651
174,Iwobi,MID,5.8,EVE,2.252340975,2.462867291,2.462867291,,66.64285714,,2.517322266,,0.894736842,,2.252340975,,0.04834286
503,A Gordon,MID,4.6,EVE,2.347734682,2.45299784,2.45299784,,68.64285714,,2.478164386,,0.947368421,,2.347734682,,0.066304604
421,Rice,MID,5,WHU,2.3697603,2.448707668,2.448707668,,81.71428571,,2.467147709,,0.960526316,,2.3697603,,0.032803704
339,S Armstrong,MID,5.8,SOU,2.226726102,2.437252418,2.437252418,,55.30952381,,2.488693879,,0.894736842,,2.226726102,,0.097300856
285,McTominay,MID,5.4,MUN,2.368804128,2.43722518,2.43722518,,76.9,,2.452712721,,0.965789474,,2.368804128,,0.054468129
84,Janelt,MID,4.9,BRE,2.266222999,2.424117736,2.424117736,,53.5,,2.460470684,,0.921052632,,2.266222999,,0.069334804
70,Bissouma,MID,4.4,BHA,2.349862968,2.418284021,2.418284021,,76.9,,2.433100621,,0.965789474,,2.349862968,,0.04192217
124,Barkley,MID,5.2,CHE,1.253948676,2.411843412,2.411843412,,18.94736842,,2.978128105,,0.421052632,,1.253948676,,0.137564331
471,Lees-Melou,MID,4.8,NOR,2.331465888,2.399886941,2.399886941,,75.15238095,,2.414051873,,0.965789474,,2.331465888,,0.064568662
449,Rashica,MID,5.2,NOR,2.186715192,2.397241508,2.397241508,,60.16666667,,2.443975803,,0.894736842,,2.186715192,,0.082852466
308,Almiron,MID,5,NEW,2.290569238,2.395832396,2.395832396,,58.35714286,,2.417823085,,0.947368421,,2.290569238,,0.085602953
130,Kante,MID,4.9,CHE,1.214368209,2.372262945,2.372262945,,27.78947368,,2.884124495,,0.421052632,,1.214368209,,0.086793516
592,Saul,MID,4.9,CHE,1.633952068,2.370794174,2.370794174,,37.78571429,,2.587090775,,0.631578947,,1.633952068,,0.06820503
191,K Phillips,MID,4.7,LEE,2.324193691,2.366298954,2.366298954,,84.1,,2.374176351,,0.978947368,,2.324193691,,0.036749146
485,Sancho,MID,8.9,MUN,1.200549045,2.358443782,2.358443782,,25.26315789,,2.851303982,,0.421052632,,1.200549045,,0.102941955
60,March,MID,5.3,BHA,2.084687955,2.347845849,2.347845849,,47.5,,2.400549766,,0.868421053,,2.084687955,,0.052375916
484,D Gray,MID,5.4,EVE,2.242268568,2.347531726,2.347531726,,58.35714286,,2.366839044,,0.947368421,,2.242268568,,0.083361809
416,Lanzini,MID,5.6,WHU,2.227887287,2.333150445,2.333150445,,54.92857143,,2.351658803,,0.947368421,,2.227887287,,0.045102899
298,Fraser,MID,5.2,NEW,1.266783864,2.319415443,2.319415443,,25.57894737,,2.674321492,,0.473684211,,1.266783864,,0.089619977
17,Pepe,MID,6.9,ARS,1.7084416,2.287388968,2.287388968,,19.18421053,,2.404473363,,0.710526316,,1.7084416,,0.131410502
81,Canos,MID,5.5,BRE,1.599376396,2.283586923,2.283586923,,34.21052632,,2.431052122,,0.657894737,,1.599376396,,0.092701121
462,Mwepu,MID,5.9,BHA,1.512681301,2.249523406,2.249523406,,32.84210526,,2.395078726,,0.631578947,,1.512681301,,0.085931579
125,Kovacic,MID,4.9,CHE,0.866125681,2.234546734,2.234546734,,17.68421053,,2.742731324,,0.315789474,,0.866125681,,0.07348921
173,Doucoure,MID,5.3,EVE,1.631242798,2.210190167,2.210190167,,53.64285714,,2.295823198,,0.710526316,,1.631242798,,0.053056234
317,Rupp,MID,4.4,NOR,2.084833593,2.190096751,2.190096751,,60.07142857,,2.200657682,,0.947368421,,2.084833593,,0.047347629
354,Sissoko,MID,4.4,WAT,2.12663742,2.179268999,2.179268999,,85.42857143,,2.184114107,,0.973684211,,2.12663742,,0.04247712
426,Moutinho,MID,4.9,WOL,2.109817242,2.178238295,2.178238295,,80.3952381,,2.184551913,,0.965789474,,2.109817242,,0.015541715
86,Jensen,MID,4.9,BRE,2.009883782,2.167778519,2.167778519,,38.5,,2.182159535,,0.921052632,,2.009883782,,0.061099353
35,McGinn,MID,5.6,AVL,2.095302774,2.163723827,2.163723827,,82.14285714,,2.169523308,,0.965789474,,2.095302774,,0.027040804
436,Neves,MID,5.2,WOL,2.050942215,2.156205373,2.156205373,,75.5,,2.164883449,,0.947368421,,2.050942215,,0.03524967
304,Murphy,MID,4.6,NEW,1.409579272,2.146421377,2.146421377,,28.42105263,,2.231833847,,0.631578947,,1.409579272,,0.082964249
211,Perez,MID,5.7,LEI,1.384125044,2.120967149,2.120967149,,18.94736842,,2.191531319,,0.631578947,,1.384125044,,0.096068621
51,J Ramsey,MID,4.7,AVL,2.036897017,2.115844386,2.115844386,,76.5,,2.120605114,,0.960526316,,2.036897017,,0.054105341
453,Fernandinho,MID,4.7,MCI,0.623565989,2.097250199,2.097250199,,14.73684211,,2.369550757,,0.263157895,,0.623565989,,0.057477068
202,Albrighton,MID,5.2,LEI,0.725856796,2.094277849,2.094277849,,17.05263158,,2.29854652,,0.315789474,,0.725856796,,0.041354175
232,Fabinho,MID,5.4,LIV,0.514329506,2.093276874,2.093276874,,12.63157895,,2.443065152,,0.210526316,,0.514329506,,0.042022861
581,Normann,MID,4.5,NOR,2.037826394,2.090457973,2.090457973,,73.97619048,,2.092902783,,0.973684211,,2.037826394,,0.032048962
434,Dendoncker,MID,4.6,WOL,1.772825805,2.088615278,2.088615278,,60.64285714,,2.105230643,,0.842105263,,1.772825805,,0.052036077
438,Podence,MID,5.5,WOL,1.562261392,2.088577182,2.088577182,,46.16666667,,2.120211889,,0.736842105,,1.562261392,,0.049994591
386,W Hughes,MID,4.7,CRY,1.667052692,2.088105323,2.088105323,,47.78571429,,2.111600076,,0.789473684,,1.667052692,,0.030440992
244,C Jones,MID,5,LIV,0.663315925,2.084368556,2.084368556,,14.47368421,,2.291455012,,0.289473684,,0.663315925,,0.061118391
441,Neto,MID,6.2,WOL,1.919061337,2.076956074,2.076956074,,50.16666667,,2.083552309,,0.921052632,,1.919061337,,0.067490248
346,Tella,MID,4.7,SOU,1.23243105,2.074536313,2.074536313,,32.42105263,,2.128744541,,0.578947368,,1.23243105,,0.070402369
140,Hudson-Odoi,MID,5.3,CHE,0.275865235,2.065338919,2.065338919,,4.210526316,,2.620719735,,0.105263158,,0.275865235,,0.103091516
335,Romeu,MID,4.5,SOU,1.882374884,2.040269621,2.040269621,,63.5,,2.043721302,,0.921052632,,1.882374884,,0.029918928
145,Gilmour,MID,4.3,NOR,0.669686823,2.038107876,2.038107876,,22.73684211,,2.12067494,,0.315789474,,0.669686823,,0.031813862
221,Milner,MID,4.9,LIV,0.983714522,2.036346101,2.036346101,,18.94736842,,2.076730658,,0.473684211,,0.983714522,,0.017874288
464,Olise,MID,5.4,CRY,0.337239409,2.021449935,2.021449935,,6.315789474,,2.135849588,,0.157894737,,0.337239409,,0.043164614
575,Lennon,MID,4.7,BUR,1.597253047,2.018305679,2.018305679,,42.07142857,,2.023187193,,0.789473684,,1.597253047,,0.03135673
672,Vale,MID,4.5,CHE,0.433937294,2.012884662,2.012884662,,9.473684211,,2.061202147,,0.210526316,,0.433937294,,0.036377396
148,McArthur,MID,4.3,CRY,0.526471512,2.000155723,2.000155723,,14.21052632,,2.000591747,,0.263157895,,0.526471512,,0.024063835
405,Baah,MID,4.3,WAT,0,2,2,,0,,0.001405,,0,,0,,0
467,Etebo,MID,4.3,WAT,0,2,2,,0,,0.001467,,0,,0,,0
373,Skipp,MID,4.4,TOT,0,2,2,,0,,0.001373,,0,,0,,0
612,Sarmiento,MID,4.5,BHA,0,2,2,,0,,0.001639,,0,,0,,0
75,Moder,MID,4.5,BHA,0,2,2,,0,,0.001075,,0,,0,,0
552,Forshaw,MID,4.5,LEE,0,2,2,,0,,0.001561,,0,,0,,0
551,Summerville,MID,4.5,LEE,0,2,2,,0,,0.00156,,0,,0,,0
216,Ndidi,MID,4.8,LEI,0,2,2,,0,,0.001216,,0,,0,,0
193,T Roberts,MID,4.8,LEE,0,2,2,,0,,0.001193,,0,,0,,0
318,McLean,MID,4.9,NOR,0,2,2,,0,,0.001318,,0,,0,,0
188,Dallas,MID,4.9,LEE,0,2,2,,0,,0.001188,,0,,0,,0
15,Partey,MID,5,ARS,0,2,2,,0,,0.001015,,0,,0,,0
403,Louza,MID,5.2,WAT,0,2,2,,0,,0.001403,,0,,0,,0
107,Westwood,MID,5.2,BUR,0,2,2,,0,,0.001107,,0,,0,,0
482,Townsend,MID,5.2,EVE,0,2,2,,0,,0.001482,,0,,0,,0
85,Ghoddos,MID,5.2,BRE,0,2,2,,0,,0.001085,,0,,0,,0
291,Shelvey,MID,5.3,NEW,0,2,2,,0,,0.001291,,0,,0,,0
19,Willock,MID,5.5,NEW,0,2,2,,0,,0.001019,,0,,0,,0
495,Kucka,MID,5.5,WAT,0,2,2,,0,,0.001512,,0,,0,,0
399,I Sarr,MID,5.7,WAT,0,2,2,,0,,0.001399,,0,,0,,0
287,D James,MID,6,LEE,0,2,2,,0,,0.001287,,0,,0,,0
492,Bailey,MID,6.3,AVL,0,2,2,,0,,0.001492,,0,,0,,0
289,M Greenwood,MID,7.1,MUN,0,2,2,,0,,0.001289,,0,,0,,0
272,Pogba,MID,7.4,MUN,0,2,2,,0,,0.001272,,0,,0,,0
629,McAtee,MID,4.4,MCI,0.002397456,1.999765877,1.999765877,,0.032894737,,1.822066787,,0.001315789,,0.002397456,,0.065003022
731,Dibling,MID,4.5,SOU,0.004986177,1.999723019,1.999723019,,0.065789474,,1.894747244,,0.002631579,,0.004986177,,0.095176436
507,Palmer,MID,4.5,MCI,0.004962088,1.99969893,1.99969893,,0.065789474,,1.885593495,,0.002631579,,0.004962088,,0.07162043
508,Edozie,MID,4.7,MCI,0.002131432,1.999499853,1.999499853,,0.032894737,,1.619888423,,0.001315789,,0.002131432,,0.034009347
720,Flores,MID,4.5,ARS,0.002107606,1.999476027,1.999476027,,0.026315789,,1.601780366,,0.001315789,,0.002107606,,0.049861568
625,K Gordon,MID,4.5,LIV,0.004699457,1.999436299,1.999436299,,0.065789474,,1.785793646,,0.002631579,,0.004699457,,0.059435752
628,Haygarth,MID,4.5,BRE,0.002026218,1.999394639,1.999394639,,0.026315789,,1.539925662,,0.001315789,,0.002026218,,0.028376895
662,Peart-Harris,MID,4.5,BRE,0.00197448,1.999342901,1.999342901,,0.026315789,,1.500604798,,0.001315789,,0.00197448,,0.03370499
0,Simons,MID,4.5,CHE,0.001955029,1.99932345,1.99932345,,0.032894737,,1.485822192,,0.001315789,,0.001955029,,0.010560983
605,Lavia,MID,4.4,MCI,0.001916542,1.999284963,1.999284963,,0.032894737,,1.45657177,,0.001315789,,0.001916542,,0.011845254
614,Maghoma,MID,4.5,BRE,0.001857944,1.999226365,1.999226365,,0.026315789,,1.412037243,,0.001315789,,0.001857944,,0.022168338
654,Leonard,MID,4.5,BHA,0.001853338,1.99922176,1.99922176,,0.026315789,,1.408537229,,0.001315789,,0.001853338,,0.016953728
721,Azeez,MID,4.5,ARS,0.001827537,1.999195958,1.999195958,,0.026315789,,1.388928298,,0.001315789,,0.001827537,,0.012138883
726,Costelloe,MID,4.5,BUR,0.001820579,1.999189,1.999189,,0.026315789,,1.383639939,,0.001315789,,0.001820579,,0.022952245
717,Bowden,MID,4.5,TOT,0.001819214,1.999187635,1.999187635,,0.026315789,,1.382602284,,0.001315789,,0.001819214,,0.006034673
631,Jenkins,MID,4.5,LEE,0.001818176,1.999186597,1.999186597,,0.032894737,,1.381814002,,0.001315789,,0.001818176,,0.004418932
714,Devine,MID,4.5,TOT,0.00442923,1.999166072,1.999166072,,0.065789474,,1.68310732,,0.002631579,,0.00442923,,0.053052026
613,Whitaker,MID,4.5,EVE,0.001789449,1.99915787,1.99915787,,0.026315789,,1.359980967,,0.001315789,,0.001789449,,0.025986053
692,Hutchinson,MID,4.5,ARS,0.004408573,1.999145415,1.999145415,,0.052631579,,1.675257606,,0.002631579,,0.004408573,,0.045770705
668,H White,MID,4.4,TOT,0.004393945,1.999130788,1.999130788,,0.065789474,,1.669699267,,0.002631579,,0.004393945,,0.032098942
729,Craig,MID,4.5,TOT,0.001726443,1.999094864,1.999094864,,0.026315789,,1.312096598,,0.001315789,,0.001726443,,0.002278935
630,Onyango,MID,4.5,EVE,0.001612356,1.998980777,1.998980777,,0.026315789,,1.225390301,,0.001315789,,0.001612356,,0.003966539
718,Price,MID,4.5,EVE,0.001603478,1.998971899,1.998971899,,0.026315789,,1.218643337,,0.001315789,,0.001603478,,0.002217566
79,Fosu,MID,5.1,BRE,0.004216189,1.998953031,1.998953031,,0.065789474,,1.60215187,,0.002631579,,0.004216189,,0.026106161
609,Anderson,MID,4.5,NEW,0.004163858,1.9989007,1.9989007,,0.065789474,,1.582266061,,0.002631579,,0.004163858,,0.045274337
693,Oulad,MID,4.5,ARS,0.003973262,1.998710104,1.998710104,,0.052631579,,1.509839675,,0.002631579,,0.003973262,,0.029415437
634,Perkins,MID,4.5,WHU,0.0039617,1.998698542,1.998698542,,0.065789474,,1.505445935,,0.002631579,,0.0039617,,0.035627808
543,Banks,MID,4.5,CRY,0.003934819,1.998671661,1.998671661,,0.065789474,,1.495231196,,0.002631579,,0.003934819,,0.014565659
541,Rak-Sakyi,MID,4.4,CRY,0.003928287,1.998665129,1.998665129,,0.065789474,,1.492748938,,0.002631579,,0.003928287,,0.02296162
620,Morton,MID,4.5,LIV,0.003922665,1.998659507,1.998659507,,0.065789474,,1.490612728,,0.002631579,,0.003922665,,0.012789953
652,Oko-Flex,MID,4.4,WHU,0.003865383,1.998602225,1.998602225,,0.065789474,,1.46884552,,0.002631579,,0.003865383,,0.028453957
601,McKinstry,MID,4.3,LEE,0.003779754,1.998516596,1.998516596,,0.065789474,,1.436306452,,0.002631579,,0.003779754,,0.010850456
707,De Bolle,MID,4.4,NEW,0.003725959,1.998462801,1.998462801,,0.065789474,,1.41586454,,0.002631579,,0.003725959,,0.002771101
710,Chesters,MID,4.5,WHU,0.003661287,1.998398129,1.998398129,,0.065789474,,1.391289159,,0.002631579,,0.003661287,,0.007143483
0,Watts,MID,4.5,SOU,0.003573321,1.998310163,1.998310163,,0.065789474,,1.357862063,,0.002631579,,0.003573321,,0.007379997
646,Brunt,MID,4.5,LEI,0.003563672,1.998300514,1.998300514,,0.065789474,,1.354195363,,0.002631579,,0.003563672,,0.002497366
600,Kenneh,MID,4.4,LEE,0.003471315,1.998208157,1.998208157,,0.065789474,,1.319099553,,0.002631579,,0.003471315,,0.007051828
680,Chauke,MID,4.5,SOU,0.003436693,1.998173535,1.998173535,,0.065789474,,1.305943402,,0.002631579,,0.003436693,,0.00314039
713,O'Reilly,MID,4.5,AVL,0.003332139,1.998068981,1.998068981,,0.065789474,,1.266212659,,0.002631579,,0.003332139,,0.002432258
576,McCarron,MID,4.4,LEE,0.022535379,1.99621959,1.99621959,,0.526315789,,1.712688824,,0.013157895,,0.022535379,,0.042782698
157,Riedewald,MID,4.7,CRY,0.020374016,1.994058227,1.994058227,,0.394736842,,1.548425251,,0.013157895,,0.020374016,,0.014417813
736,Mancini,MID,4.5,BUR,0.018940794,1.992625004,1.992625004,,0.328947368,,1.439500341,,0.013157895,,0.018940794,,0.010257713
687,Giles,MID,4.5,WOL,0.018671823,1.992356033,1.992356033,,0.328947368,,1.419058531,,0.013157895,,0.018671823,,0.008016155
363,Alli,MID,6.2,EVE,1.412651861,1.99159923,1.99159923,,34.10526316,,1.988176694,,0.710526316,,1.412651861,,0.054592359
214,Choudhury,MID,4.4,LEI,0.044228939,1.99159736,1.99159736,,1.052631579,,1.680699672,,0.026315789,,0.044228939,,0.030874414
548,Campbell,MID,4.4,WOL,0.017421753,1.991105963,1.991105963,,0.328947368,,1.324053208,,0.013157895,,0.017421753,,0.008992233
0,Chong,MID,4.5,MUN,0.040101613,1.987470034,1.987470034,,0.657894737,,1.523861298,,0.026315789,,0.040101613,,0.017311511
723,Garnacho,MID,4.5,MUN,0.039647834,1.987016255,1.987016255,,0.657894737,,1.506617691,,0.026315789,,0.039647834,,0.028504346
589,Kral,MID,4.4,WHU,0.039217546,1.986585967,1.986585967,,0.789473684,,1.490266741,,0.026315789,,0.039217546,,0.004002914
282,van de Beek,MID,5.7,EVE,1.670704525,1.986493998,1.986493998,,44.64285714,,1.983961623,,0.842105263,,1.670704525,,0.048820736
727,Shoretire,MID,4.5,MUN,0.038415401,1.985783822,1.985783822,,0.657894737,,1.459785238,,0.026315789,,0.038415401,,0.020659737
332,Walcott,MID,5.8,SOU,0.089306483,1.984043326,1.984043326,,1.578947368,,1.696823186,,0.052631579,,0.089306483,,0.048962061
703,Chrisene,MID,4.5,AVL,0.035229372,1.982597793,1.982597793,,0.789473684,,1.338716153,,0.026315789,,0.035229372,,0.000757553
271,Matic,MID,4.3,MUN,0.823908412,1.981803149,1.981803149,,26.10526316,,1.956782478,,0.421052632,,0.823908412,,0.009816018
658,Archie Gray,MID,4.5,LEE,0.086433804,1.981170646,1.981170646,,1.842105263,,1.642242275,,0.052631579,,0.086433804,,0.017553314
506,Elliott,MID,5.3,LIV,0.34898105,1.980559998,1.980559998,,5.526315789,,1.894468559,,0.184210526,,0.34898105,,0.040939436
350,Djenepo,MID,5.2,SOU,0.085470621,1.980207463,1.980207463,,1.578947368,,1.623941801,,0.052631579,,0.085470621,,0.054285284
664,Patino,MID,4.5,ARS,0.084963122,1.979699964,1.979699964,,1.578947368,,1.614299321,,0.052631579,,0.084963122,,0.02725001
73,Alzate,MID,4.8,BHA,0.189457337,1.978931021,1.978931021,,4.210526316,,1.799844697,,0.105263158,,0.189457337,,0.025029026
236,Minamino,MID,5.1,LIV,0.188844029,1.978317713,1.978317713,,2.105263158,,1.794018275,,0.105263158,,0.188844029,,0.070828494
671,Hall,MID,4.5,CHE,0.186482108,1.975955793,1.975955793,,3.157894737,,1.77158003,,0.105263158,,0.186482108,,0.037850551
459,Mata,MID,4.7,MUN,1.23864153,1.975483635,1.975483635,,25.26315789,,1.961182422,,0.631578947,,1.23864153,,0.037307157
733,Blake,MID,4.5,WAT,0.078691796,1.973428638,1.973428638,,1.578947368,,1.495144126,,0.052631579,,0.078691796,,0.02049758
347,Smallbone,MID,4.5,SOU,0.074362555,1.969099397,1.969099397,,1.315789474,,1.412888541,,0.052631579,,0.074362555,,0.015953385
108,Gudmundsson,MID,5.4,BUR,0.284703556,1.968914082,1.968914082,,5.052631579,,1.803122521,,0.157894737,,0.284703556,,0.046684938
706,Mejbri,MID,4.5,MUN,0.073982888,1.96871973,1.96871973,,1.315789474,,1.40567487,,0.052631579,,0.073982888,,0.011671386
683,Gibbs,MID,4.5,NOR,0.073655092,1.968391934,1.968391934,,1.578947368,,1.399446744,,0.052631579,,0.073655092,,0.00196652
152,Milivojevic,MID,5.2,CRY,0.914964897,1.967596476,1.967596476,,21.31578947,,1.93159256,,0.473684211,,0.914964897,,0.020427256
381,Cleverley,MID,4.8,WAT,1.807429857,1.965324594,1.965324594,,63.5,,1.962352416,,0.921052632,,1.807429857,,0.030578442
42,El Ghazi,MID,5.6,EVE,0.175399483,1.964873167,1.964873167,,3.157894737,,1.666295085,,0.105263158,,0.175399483,,0.039840251
163,Delph,MID,4.2,EVE,0.069486538,1.96422338,1.96422338,,1.578947368,,1.32024422,,0.052631579,,0.069486538,,0.003975096
227,Chamberlain,MID,5.8,LIV,0.276511621,1.960722147,1.960722147,,3.947368421,,1.751240267,,0.157894737,,0.276511621,,0.044703664
458,Soumare,MID,4.8,LEI,0.380601487,1.959548856,1.959548856,,9.473684211,,1.807857064,,0.210526316,,0.380601487,,0.02119656
276,Lingard,MID,6.7,MUN,1.061370536,1.956107378,1.956107378,,19.34210526,,1.920575255,,0.552631579,,1.061370536,,0.057519188
716,Springett,MID,4.5,NOR,0.270145434,1.95435596,1.95435596,,6.315789474,,1.710921083,,0.157894737,,0.270145434,,0.030041509
479,Onyeka,MID,4.9,BRE,0.163540651,1.953014335,1.953014335,,3.157894737,,1.55363618,,0.105263158,,0.163540651,,0.031143441
679,Kayembe,MID,4.5,WAT,1.869898336,1.948845704,1.948845704,,68.67857143,,1.946743473,,0.960526316,,1.869898336,,0.021255087
582,Vlasic,MID,5.6,WHU,0.680989432,1.944147326,1.944147326,,13.26315789,,1.848399886,,0.368421053,,0.680989432,,0.049989081
547,Cundle,MID,4.4,WOL,0.153987706,1.943461391,1.943461391,,3.684210526,,1.462883211,,0.105263158,,0.153987706,,0.006128315
478,Lokonga,MID,4.8,ARS,0.677420229,1.940578123,1.940578123,,16.57894737,,1.838712049,,0.368421053,,0.677420229,,0.025517732
499,S Baptiste,MID,4.9,BRE,0.241506798,1.925717324,1.925717324,,3.947368421,,1.529543055,,0.157894737,,0.241506798,,0.022607131
391,Sema,MID,5.2,WAT,1.708015616,1.918541932,1.918541932,,52.07142857,,1.90895863,,0.894736842,,1.708015616,,0.01961984
53,Lallana,MID,5.3,BHA,0.437410766,1.911094976,1.911094976,,7.894736842,,1.66216091,,0.263157895,,0.437410766,,0.032234091
698,Kalu,MID,4.9,WAT,1.642908878,1.906066773,1.906066773,,47.5,,1.891834466,,0.868421053,,1.642908878,,0.045547884
43,Buendia,MID,6.1,AVL,1.799812626,1.905075784,1.905075784,,46.35714286,,1.899802216,,0.947368421,,1.799812626,,0.041234869
32,B Traore,MID,5.7,AVL,0.422071738,1.895755949,1.895755949,,8.421052632,,1.603872605,,0.263157895,,0.422071738,,0.036154493
172,Gomes,MID,4.9,EVE,0.313301276,1.892248644,1.892248644,,8.421052632,,1.488181059,,0.210526316,,0.313301276,,0.016760586
461,Trincao,MID,5.6,WOL,0.625531249,1.888689144,1.888689144,,12.89473684,,1.697870534,,0.368421053,,0.625531249,,0.044124397
34,Sanson,MID,5,AVL,0.309494488,1.888441856,1.888441856,,7.368421053,,1.470098816,,0.210526316,,0.309494488,,0.014446651
203,N Mendy,MID,4.3,LEI,1.203461573,1.8876721,1.8876721,,41.5952381,,1.829261592,,0.657894737,,1.203461573,,0.009767401
378,Gosling,MID,4.7,WAT,1.360271398,1.886587187,1.886587187,,40.83333333,,1.846082611,,0.736842105,,1.360271398,,0.045648899
406,Noble,MID,4.3,WHU,1.302687631,1.881634999,1.881634999,,31.97368421,,1.833412221,,0.710526316,,1.302687631,,0.009592557
526,Chukwuemeka,MID,4.5,AVL,0.29779857,1.876745939,1.876745939,,7.368421053,,1.414543208,,0.210526316,,0.29779857,,0.006150048
50,Douglas Luiz,MID,4.3,AVL,1.76954445,1.874807608,1.874807608,,70.35714286,,1.867852475,,0.947368421,,1.76954445,,0.028104873
638,Iroegbunam,MID,4.5,AVL,0.287203613,1.866150982,1.866150982,,8.421052632,,1.364217162,,0.210526316,,0.287203613,,0.005642458
176,T Davies,MID,4.8,EVE,0.387752216,1.861436427,1.861436427,,7.894736842,,1.473458422,,0.263157895,,0.387752216,,0.023638529
624,Bate,MID,4.5,LEE,0.597836839,1.860994734,1.860994734,,16.57894737,,1.622699992,,0.368421053,,0.597836839,,0.010013789
82,Dasilva,MID,5.3,BRE,1.116825588,1.853667693,1.853667693,,18.94736842,,1.768307181,,0.631578947,,1.116825588,,0.032249053
412,Yarmolenko,MID,5.1,WHU,1.273798155,1.852745523,1.852745523,,22.73684211,,1.792752959,,0.710526316,,1.273798155,,0.049282674
366,Winks,MID,4.4,TOT,0.692960584,1.850855321,1.850855321,,12.63157895,,1.645781386,,0.421052632,,0.692960584,,0.009752514
102,D Stephens,MID,4.4,BUR,0.480851073,1.849272126,1.849272126,,9.473684211,,1.522695066,,0.315789474,,0.480851073,,0.013918368
349,I Diallo,MID,4.5,SOU,1.11187945,1.848721555,1.848721555,,31.57894737,,1.760475796,,0.631578947,,1.11187945,,0.018717135
328,Placheta,MID,4.7,NOR,0.895294497,1.842662918,1.842662918,,18.42105263,,1.701059545,,0.526315789,,0.895294497,,0.039194971
171,Allan,MID,4.3,EVE,1.514939676,1.830729149,1.830729149,,60.64285714,,1.798990865,,0.842105263,,1.514939676,,0.009930277
648,Rowe,MID,4.4,NOR,1.227173648,1.806121016,1.806121016,,24.86842105,,1.727133282,,0.710526316,,1.227173648,,0.047735684
528,Tzolis,MID,4.8,NOR,0.743614836,1.796246415,1.796246415,,13.26315789,,1.569853543,,0.473684211,,0.743614836,,0.032155209
197,Shackleton,MID,4.4,LEE,0.898446156,1.793182998,1.793182998,,24.86842105,,1.62575971,,0.552631579,,0.898446156,,0.022049532
41,Nakamba,MID,4.4,AVL,0.608498331,1.766393068,1.766393068,,22.73684211,,1.445183536,,0.421052632,,0.608498331,,0.004014502
689,Chiquinho,MID,5.5,WOL,0.959266216,1.696108321,1.696108321,,18.94736842,,1.518838175,,0.631578947,,0.959266216,,0.032339126
357,Kane,FWD,12.4,TOT,5.783942537,6.047100432,6.047100432,,72.64285714,,6.660297467,,0.868421053,,5.783942537,,0.709079719
20,Nketiah,FWD,5.5,ARS,4.610961311,4.679382363,4.679382363,,73.4047619,,4.774292365,,0.965789474,,4.610961311,,0.53011891
78,Toney,FWD,6.9,BRE,4.494510982,4.562932034,4.562932034,,82.14285714,,4.653717093,,0.965789474,,4.494510982,,0.314538202
205,Vardy,FWD,10.3,LEI,4.234011469,4.339274627,4.339274627,,63.5,,4.469234329,,0.947368421,,4.234011469,,0.371991033
579,Ronaldo,FWD,12.2,MUN,4.032927222,4.101348274,4.101348274,,79.52142857,,4.175782954,,0.965789474,,4.032927222,,0.339064415
263,Jesus,FWD,8.6,MCI,3.791506369,3.949401105,3.949401105,,58.5,,4.116492629,,0.921052632,,3.791506369,,0.368750894
447,Welbeck,FWD,5.9,BHA,3.878067604,3.946488657,3.946488657,,73.4047619,,4.015437846,,0.965789474,,3.878067604,,0.301285269
529,Lukaku,FWD,11.4,CHE,3.219749643,3.746065432,3.746065432,,43.5,,4.36966023,,0.736842105,,3.219749643,,0.369635836
315,Pukki,FWD,6.1,NOR,3.589367278,3.641998857,3.641998857,,84.54761905,,3.686377204,,0.973684211,,3.589367278,,0.230347687
296,Wilson,FWD,7.1,NEW,3.45088891,3.519309963,3.519309963,,71.65714286,,3.573127482,,0.965789474,,3.45088891,,0.257142904
213,Iheanacho,FWD,7,LEI,2.530109663,3.266951768,3.266951768,,40.07142857,,4.006006967,,0.631578947,,2.530109663,,0.305908189
159,Mateta,FWD,5.3,CRY,3.141595771,3.246858928,3.246858928,,58.35714286,,3.316128869,,0.947368421,,3.141595771,,0.305536276
307,Saint-Maximin,FWD,6.8,NEW,3.090568627,3.143200206,3.143200206,,79.26190476,,3.174097509,,0.973684211,,3.090568627,,0.150388959
413,Antonio,FWD,7.4,WHU,3.04675614,3.125703509,3.125703509,,69.54761905,,3.171965297,,0.960526316,,3.04675614,,0.217973156
187,Rodrigo,FWD,6.3,LEE,2.969101559,3.037522611,3.037522611,,71.65714286,,3.074274093,,0.965789474,,2.969101559,,0.173669532
345,Adams,FWD,6.6,SOU,2.520699086,2.941751717,2.941751717,,52.07142857,,3.192885508,,0.789473684,,2.520699086,,0.221250628
180,Richarlison,FWD,7.5,EVE,2.504776349,2.820565823,2.820565823,,62.92857143,,2.974421915,,0.842105263,,2.504776349,,0.161673714
177,Calvert-Lewin,FWD,7.7,EVE,2.491011629,2.754169524,2.754169524,,58.5,,2.868437633,,0.868421053,,2.491011629,,0.17835329
40,Watkins,FWD,7.5,AVL,2.649056718,2.728004086,2.728004086,,79.97619048,,2.757922062,,0.960526316,,2.649056718,,0.148094181
105,A Barnes,FWD,5.2,BUR,2.497936603,2.708462919,2.708462919,,53.69047619,,2.791811498,,0.894736842,,2.497936603,,0.175468845
310,Joelinton,FWD,5.8,NEW,2.626382535,2.679014114,2.679014114,,82.78571429,,2.697365846,,0.973684211,,2.626382535,,0.148666217
468,King,FWD,5.6,WAT,2.495488757,2.653383494,2.653383494,,71,,2.709387793,,0.921052632,,2.495488757,,0.128779743
430,Jimenez,FWD,7.5,WOL,2.521764769,2.627027927,2.627027927,,67.78571429,,2.661862812,,0.947368421,,2.521764769,,0.109326929
153,Ayew,FWD,5.8,CRY,2.417110579,2.575005315,2.575005315,,58.5,,2.624291485,,0.921052632,,2.417110579,,0.127144727
63,Maupay,FWD,6.2,BHA,1.829629857,2.566471962,2.566471962,,37.78571429,,2.89691394,,0.631578947,,1.829629857,,0.16871661
189,Bamford,FWD,7.7,LEE,1.880674743,2.564885269,2.564885269,,31.57894737,,2.858625609,,0.657894737,,1.880674743,,0.232543258
518,Broja,FWD,5.4,SOU,2.349043572,2.559569888,2.559569888,,56.92857143,,2.625401639,,0.894736842,,2.349043572,,0.176770073
700,Weghorst,FWD,6.4,BUR,2.32592681,2.536453126,2.536453126,,45.5952381,,2.599565258,,0.894736842,,2.32592681,,0.173092085
134,Werner,FWD,8.7,CHE,1.363844812,2.521739549,2.521739549,,18.94736842,,3.239131428,,0.421052632,,1.363844812,,0.302892217
455,Daka,FWD,7,LEI,1.447320428,2.499952007,2.499952007,,22.73684211,,3.055454237,,0.473684211,,1.447320428,,0.28159831
404,Joao Pedro,FWD,5.4,WAT,2.427177365,2.495598418,2.495598418,,82.14285714,,2.513153675,,0.965789474,,2.427177365,,0.098722196
228,Firmino,FWD,8.7,LIV,1.712946756,2.397157283,2.397157283,,26.31578947,,2.60367907,,0.657894737,,1.712946756,,0.177294781
337,Ings,FWD,7.7,AVL,2.128674348,2.391832242,2.391832242,,55.35714286,,2.451200764,,0.868421053,,2.128674348,,0.110631197
586,Edouard,FWD,6.1,CRY,1.338323433,2.390955012,2.390955012,,26.52631579,,2.82534947,,0.473684211,,1.338323433,,0.207360698
109,Wood,FWD,6.5,NEW,1.643388471,2.327598997,2.327598997,,34.21052632,,2.497950476,,0.657894737,,1.643388471,,0.14284699
104,Jay Rodriguez,FWD,5.2,BUR,1.419352358,2.314089201,2.314089201,,30.94736842,,2.568351887,,0.552631579,,1.419352358,,0.170091303
525,A Armstrong,FWD,5.7,SOU,0.906136656,2.16929455,2.16929455,,19.89473684,,2.45951378,,0.368421053,,0.906136656,,0.156431731
269,Cavani,FWD,8.4,MUN,1.259485813,2.154222655,2.154222655,,22.10526316,,2.279069566,,0.552631579,,1.259485813,,0.145294408
6,Lacazette,FWD,8.2,ARS,1.452772163,2.136982689,2.136982689,,18.42105263,,2.208213687,,0.657894737,,1.452772163,,0.138355373
577,Gelhardt,FWD,4.7,LEE,1.879248077,2.089774392,2.089774392,,39.92857143,,2.100336086,,0.894736842,,1.879248077,,0.125065007
235,Origi,FWD,4.8,LIV,0.458800501,2.03774787,2.03774787,,5.263157895,,2.179302382,,0.210526316,,0.458800501,,0.165289536
725,Forde,FWD,4.5,WAT,0,2,2,,0,,0.001753,,0,,0,,0
329,Idah,FWD,4.8,NOR,0,2,2,,0,,0.001329,,0,,0,,0
111,Vydra,FWD,5.2,BUR,0,2,2,,0,,0.001111,,0,,0,,0
516,Sargent,FWD,5.4,NOR,0,2,2,,0,,0.001513,,0,,0,,0
450,Dennis,FWD,5.9,WAT,0,2,2,,0,,0.00145,,0,,0,,0
591,Rondon,FWD,6,EVE,0,2,2,,0,,0.001612,,0,,0,,0
704,Delap,FWD,4.5,MCI,0.002241381,1.999609802,1.999609802,,0.032894737,,1.703449423,,0.001315789,,0.002241381,,0.091907756
640,Young-Coombes,FWD,4.5,BRE,0.002098738,1.999467159,1.999467159,,0.026315789,,1.595040729,,0.001315789,,0.002098738,,0.07339748
663,Kayky,FWD,5,MCI,0.002009662,1.999378083,1.999378083,,0.032894737,,1.527343117,,0.001315789,,0.002009662,,0.029485852
533,Richardson,FWD,4.5,BUR,0.001947185,1.999315606,1.999315606,,0.032894737,,1.479860795,,0.001315789,,0.001947185,,0.032686919
622,Tosun,FWD,5,EVE,0.00192945,1.999297871,1.999297871,,0.026315789,,1.466382127,,0.001315789,,0.00192945,,0.041837983
0,Soonsup-Bell,FWD,4.5,CHE,0.001908254,1.999276675,1.999276675,,0.032894737,,1.450273108,,0.001315789,,0.001908254,,0.024215428
655,E Ferguson,FWD,4.5,BHA,0.001842308,1.999210729,1.999210729,,0.026315789,,1.400153946,,0.001315789,,0.001842308,,0.038013083
0,Munoz,FWD,4.5,NEW,0.004158296,1.998895138,1.998895138,,0.065789474,,1.580152329,,0.002631579,,0.004158296,,0.045382518
734,Grieves,FWD,4.5,WAT,0.003997448,1.99873429,1.99873429,,0.065789474,,1.51903009,,0.002631579,,0.003997448,,0.043505414
694,Biereth,FWD,4.5,ARS,0.003807527,1.998544369,1.998544369,,0.052631579,,1.446860113,,0.002631579,,0.003807527,,0.036973527
732,Cukur,FWD,4.5,WAT,0.003490375,1.998227217,1.998227217,,0.065789474,,1.326342456,,0.002631579,,0.003490375,,0.010552083
520,Scarlett,FWD,4.5,TOT,0.0237638,1.997448011,1.997448011,,0.328947368,,1.806048812,,0.013157895,,0.0237638,,0.094900734
149,Benteke,FWD,5.9,CRY,0.940552445,1.993184024,1.993184024,,14.21052632,,1.985610717,,0.473684211,,0.940552445,,0.121180227
735,McGlynn,FWD,4.5,BUR,0.019070056,1.992754267,1.992754267,,0.328947368,,1.449324271,,0.013157895,,0.019070056,,0.032960663
715,A Kamara,FWD,4.5,NOR,0.018733645,1.992417855,1.992417855,,0.328947368,,1.423756999,,0.013157895,,0.018733645,,0.02832398
583,Hwang,FWD,5.4,WOL,1.761118648,1.971644964,1.971644964,,47.21428571,,1.968309077,,0.894736842,,1.761118648,,0.067307473
519,S Long,FWD,5.4,SOU,0.79204085,1.949935587,1.949935587,,16.84210526,,1.881097019,,0.421052632,,0.79204085,,0.092406292
300,Gayle,FWD,5.2,NEW,0.257535351,1.941745877,1.941745877,,3.157894737,,1.63105722,,0.157894737,,0.257535351,,0.073848352
472,Cucho,FWD,5,WAT,0.647473826,1.910631721,1.910631721,,16.57894737,,1.757428957,,0.368421053,,0.647473826,,0.054488838
607,Dobbin,FWD,4.5,EVE,0.221984863,1.906195389,1.906195389,,4.736842105,,1.40590413,,0.157894737,,0.221984863,,0.012767481
550,S Greenwood,FWD,4.6,LEE,0.639106809,1.797001546,1.797001546,,11.78947368,,1.517878672,,0.421052632,,0.639106809,,0.056124294
445,F Silva,FWD,5.6,WOL,0.790757149,1.73812557,1.73812557,,13.15789474,,1.502438582,,0.526315789,,0.790757149,,0.045646614
