ID,Name,Pos,Price,Team,Pts,22,23,24,25,26,27,28,29,30,31,32,33,34,35,36,37,38
131313,Martinez,GK,5.5,AVL,,3.941059561,8.288949003,4.410274415,4.109354873,8.953637212,4.308757027,4.398270309,4.076880724,4.213469993,4.254096546,4.125825525,4.183818471,4.053685341,4.641960497,4.339043849,4.468933696,4.155238083
192988,R Sanchez,GK,4.7,BHA,,8.153655617,3.987992571,0,8.258274296,4.578175551,4.303921676,4.129631563,4.05146022,0,4.657490549,3.972691202,7.626253611,4.407288917,4.249689818,7.928073786,4.167152562,4.255645968
23173,de Gea,GK,5.2,MUN,,7.193285972,4.104943781,4.181352266,4.242934279,4.039575714,4.280430697,3.909986035,3.970358601,0,4.068403351,3.983976254,8.409105971,3.866151379,4.385368419,7.708732543,3.997504778,4.078990086
176642,Meslier,GK,5,LEE,,3.369646743,7.714360293,3.623204611,3.689670028,3.578373101,3.66841693,3.636049893,8.023301813,3.810628339,3.943393461,3.763867964,0,3.797957835,7.44960202,3.615718763,4.085210923,3.881047369
90826,Alisson,GK,6.1,LIV,,4.368378,4.574276525,4.541720083,4.685253232,4.995980917,0,4.59538198,9.27389775,0,4.799841596,4.150018884,4.414453503,4.735358032,4.535561894,8.724231058,8.730981403,4.86860167
23259,Lloris,GK,5.6,TOT,,3.819835788,3.713265262,4.193358107,8.334093846,3.711820004,3.952855494,4.169455549,3.565188679,0,4.219036511,3.83407077,4.307932187,4.096127585,3.988451741,7.727379653,8.437166007,4.198174349
45113,Ederson,GK,6.1,MCI,,4.253419409,4.544134356,4.948990096,4.789059477,4.537630569,4.521111836,4.427167135,4.59231363,0,4.705481453,4.292714782,4.651976204,4.869031611,4.541508823,9.706394005,4.386713711,4.737548778
231959,Sa,GK,4.8,WOL,,4.07536288,4.055205923,3.946651155,3.630736598,3.967400402,3.771037175,4.242303036,8.02985728,4.163227645,4.059084245,3.881919127,3.800296775,4.077061162,4.287662111,7.378285892,4.423906405,3.752025508
24087,Pope,GK,5.5,BUR,,0,3.573481959,3.561238281,3.685372966,7.4081868,3.79524825,3.696439096,7.728935388,3.951919312,3.662350865,3.972243229,3.615266228,4.074191929,7.461877743,3.838871438,7.068113193,3.957141907
77662,Dubravka,GK,4.5,NEW,,3.904464895,3.685513466,3.913780953,3.823828175,3.53817437,3.835199931,7.667927834,3.463434997,4.023658719,3.397195952,4.073779084,3.727017453,3.940648721,3.54381084,7.058007086,3.70099536,3.859037466
23433,Pickford,GK,5,EVE,,3.811035989,3.844476857,3.674746459,3.954106135,3.690860234,3.579300591,3.419521499,7.926372893,3.734303746,3.560548302,3.543729423,4.047706254,7.279472015,3.656421613,7.481926657,4.122074623,3.511209633
251271,A Fernandez,GK,4.6,BRE,,6.131436148,3.861882487,3.328272589,3.559737693,3.011017082,3.066501519,2.630368761,0,0,0,0,0,0,0,0,0,0
23448,Fabianski,GK,5.1,WHU,,3.817785859,3.500971176,4.163009915,3.701541406,4.148203469,4.249828739,3.700805042,4.013206588,0,4.097996058,4.021117253,4.299856092,3.656149294,3.895931056,7.473334529,3.739798485,3.997813239
88473,Guaita,GK,4.7,CRY,,2.64255,3.15288099,3.717334799,3.604865351,6.655332975,3.907769733,3.572088607,3.260257937,3.457328964,3.46932236,3.256221365,3.416709755,3.704715168,3.443664974,3.765143546,3.331487901,3.290264642
23024,McCarthy,GK,4.7,SOU,,2.622478539,3.001445804,3.132829664,3.107428435,3.780212659,4.100740187,7.089422795,3.85815893,3.69336057,3.505685652,3.440350729,3.538194583,3.630029597,3.892401864,3.662650853,3.325953043,3.315011812
140080,Ramsdale,GK,5.1,ARS,,0,4.697344524,4.397473787,0,4.676079673,0,4.361890148,4.377197798,4.222587586,4.381706962,4.654371887,8.469575565,4.175499627,4.241865391,9.082712749,8.525866324,4.499981672
92390,Kepa,GK,5,CHE,,7.452940566,4.348443703,0,0,0,0,0,0,0,0,0,0,0,0,0,0,0
23397,Schmeichel,GK,5,LEI,,3.209520404,3.958361906,3.200103867,3.631280271,3.664387277,0,3.809562651,3.2942796,0,3.113826786,3.927486902,7.511055875,7.174033627,6.892830355,7.012530794,7.655866671,3.832652164
192741,Krul,GK,4.5,NOR,,3.108222934,3.080227569,3.356963595,2.929310385,2.994824394,3.040348594,3.426783831,3.061373029,0,3.189403343,3.454844877,2.710309709,6.149177279,2.930229058,3.093104527,5.94844304,2.9474109
23517,Foster,GK,4.1,WAT,,0,2.534168416,0,2.38616394,3.35623794,0,0,3.2663772,2.261577873,0,2.251314315,2.41863336,0,2.445678619,0,0,0
225305,Bachmann,GK,4.4,WAT,,2.480140692,1.586500576,0,1.493843283,4.405145886,0,0,4.297099925,1.41584694,0,1.409421503,1.514170563,0,1.531102082,0,0,0
185291,E Mendy,GK,6.1,CHE,,7.452940566,4.348443703,0,0,4.467909316,0,4.576075693,4.684727941,0,4.796348624,4.414681764,4.460978717,8.973567885,8.623380663,9.038791845,4.039666488,4.700932225
189710,Butland,GK,4.5,CRY,,0,0,0,0,0,0,0,0,0,0,0,0,0,0,0,0,0
178022,Forster,GK,4.5,SOU,,0,0,0,0,0,0,0,0,0,0,0,0,0,0,0,0,0
137863,D Henderson,GK,5,MUN,,0,0,0,0,0,0,0,0,0,0,0,0,0,0,0,0,0
192208,Raya,GK,4.6,BRE,,0,0,0,0,0,0,0,2.608074141,0,3.166627355,3.545204136,6.705490249,3.394397386,3.04068536,3.744443853,3.421636128,3.722422056
274828,Lossl,GK,4.5,BRE,,0,0,0,0,0,0,0,0,0,0,0,0,0,0,0,0,0
140028,Kelleher,GK,4.5,LIV,,0,0,0,0,0,0,0,0,0,0,0,0,0,0,0,0,0
183126,Areola,GK,5,WHU,,0,0,0,0,0,0,0,0,0,0,0,0,0,0,0,0,0
131328,Steer,GK,4,AVL,,0,0,0,0,0,0,0,0,0,0,0,0,0,0,0,0,0
45019,Darlow,GK,4.5,NEW,,0,0,0,0,0,0,0,0,0,0,0,0,0,0,0,0,0
234801,Gollini,GK,5,TOT,,0,0,0,0,0,0,0,0,0,0,0,0,0,0,0,0,0
193308,Steffen,GK,4.5,MCI,,0,0,0,0,0,0,0,0,0,0,0,0,0,0,0,0,0
233402,Hennessey,GK,4.5,BUR,,0,0,0,0,0,0,0,0,0,0,0,0,0,0,0,0,0
88472,Leno,GK,5,ARS,,0,0,0,0,0,0,0,0,0,0,0,0,0,0,0,0,0
236836,Klaesson,GK,4.5,LEE,,0,0,0,0,0,0,0,0,0,0,0,0,0,0,0,0,0
88503,Ruddy,GK,4,WOL,,0,0,0,0,0,0,0,0,0,0,0,0,0,0,0,0,0
197282,Steele,GK,4,BHA,,0,0,0,0,0,0,0,0,0,0,0,0,0,0,0,0,0
225320,Gunn,GK,4,NOR,,0,0,0,0,0,0,0,0,0,0,0,0,0,0,0,0,0
237977,Bettinelli,GK,4,CHE,,0,0,0,0,0,0,0,0,0,0,0,0,0,0,0,0,0
233403,Begovic,GK,4.5,EVE,,0,0,0,0,0,0,0,0,0,0,0,0,0,0,0,0,0
90843,D Ward,GK,4,LEI,,0,0,0,0,0,0,0,0,0,0,0,0,0,0,0,0,0
231960,Scherpen,GK,4.5,BHA,,0,0,0,0,0,0,0,0,0,0,0,0,0,0,0,0,0
236835,Woodman,GK,4,NEW,,0,0,0,0,0,0,0,0,0,0,0,0,0,0,0,0,0
176811,Heaton,GK,4.5,MUN,,0,0,0,0,0,0,0,0,0,0,0,0,0,0,0,0,0
139990,Carson,GK,4.5,MCI,,0,0,0,0,0,0,0,0,0,0,0,0,0,0,0,0,0
221679,Norris,GK,4.5,BUR,,0,0,0,0,0,0,0,0,0,0,0,0,0,0,0,0,0
158282,Randolph,GK,4,WHU,,0,0,0,0,0,0,0,0,0,0,0,0,0,0,0,0,0
23079,Jakupovic,GK,4,LEI,,0,0,0,0,0,0,0,0,0,0,0,0,0,0,0,0,0
192713,McGovern,GK,4,NOR,,0,0,0,0,0,0,0,0,0,0,0,0,0,0,0,0,0
249316,Hein,GK,4.5,ARS,,0,0,0,0,0,0,0,0,0,0,0,0,0,0,0,0,0
23157,Caballero,GK,4,SOU,,0,0,0,0,0,0,0,0,0,0,0,0,0,0,0,0,0
23273,Adrian,GK,4.5,LIV,,0,0,0,0,0,0,0,0,0,0,0,0,0,0,0,0,0
190419,Gillespie,GK,4,NEW,,0,0,0,0,0,0,0,0,0,0,0,0,0,0,0,0,0
273452,H Lewis,GK,4,SOU,,0,0,0,0,0,0,0,0,0,0,0,0,0,0,0,0,0
28906,Trent,DEF,7.9,LIV,,5.896634537,4.937384262,5.238024051,5.300738548,6.508319897,0,5.299928761,10.16656163,0,6.250120632,2.983965939,4.704424289,5.742494966,5.209349112,9.464916652,8.780124966,5.593928798
45120,Robertson,DEF,7.2,LIV,,5.088081792,4.329578898,4.484966531,4.58781215,5.534557958,0,4.55749827,8.830810785,0,5.2657417,2.628509875,4.092777803,4.947902033,4.542460411,8.181589947,7.655967277,4.953542738
139835,Cancelo,DEF,6.7,MCI,,4.284581241,4.61434366,5.605827267,5.32689645,4.81623485,4.697078566,4.661419902,4.732986273,0,5.026788504,3.825158263,4.687976048,5.89806729,4.71582489,10.21804407,4.271806102,5.285149711
134708,Konsa,DEF,4.8,AVL,,3.055513237,5.94998607,3.594594704,3.245707666,7.614629009,2.973575209,3.591887158,2.590441753,3.078433774,3.133971479,3.018849369,2.139005147,2.519618648,4.146569109,3.268153684,3.714806821,0
23238,van Dijk,DEF,6.3,LIV,,4.462069901,3.921218311,4.001167502,4.121120526,4.91772009,0,4.073814171,8.081242413,0,4.658827512,2.306053819,3.687849538,4.425513192,4.094698342,7.46263563,7.027022208,4.486358068
181873,Cash,DEF,5,AVL,,3.040487059,5.923190372,3.761966434,3.371661462,7.824279698,3.079809134,3.759173755,2.669052979,3.208619999,3.251918018,3.144713321,2.201111961,2.593173597,4.354275505,3.395954648,3.891099327,0
131314,Mings,DEF,4.8,AVL,,2.804576809,5.424064978,3.280089568,2.981305778,6.974231345,2.749529899,3.313986746,2.343381385,2.82025335,2.911255178,2.764548881,0,2.270012334,3.804490466,2.990197814,3.436914257,0
186737,Dias,DEF,6.2,MCI,,3.95107585,4.194235912,5.214087394,4.931506832,4.469634044,4.394459521,4.163840192,4.459129599,0,4.687293385,3.405224334,4.493488457,5.340726423,4.208721667,8.882144765,3.852035588,4.902526943
28849,Alonso,DEF,5.6,CHE,,6.371944831,4.413602237,0,0,4.429674249,0,4.649519026,5.330992252,0,5.19651236,3.995352794,4.528933074,8.406449963,7.564116874,8.589393079,2.879013888,5.461348331
77347,Laporte,DEF,5.8,MCI,,3.574853983,3.756117221,5.531690774,5.245345983,4.718324665,4.637167341,3.7445384,4.69606958,0,4.963866271,3.046145537,4.704360153,5.726431701,3.797234872,8.621619071,3.451771826,5.194650196
241033,Varane,DEF,5.5,MUN,,5.998486559,3.38932337,3.44515874,3.75580087,3.086751392,3.934913574,0,3.180901445,0,3.31006038,3.167186895,7.776669253,2.619042553,3.956012294,4.741434736,2.855624568,3.283363782
23076,Maguire,DEF,5.2,MUN,,5.547886929,3.241221158,3.26343659,3.591089288,2.925862556,3.800058808,0,3.033781891,0,3.169173395,2.98982601,7.67599989,2.456975477,3.784020866,4.479654052,2.696181745,3.094277331
177020,Veltman,DEF,4.6,BHA,,6.203914346,2.504071283,0,5.625837239,3.785467391,3.370970744,3.185111081,0,0,3.982203564,2.398055464,4.29852793,3.508685453,3.123228322,4.128891436,2.846623454,3.158411865
139208,Webster,DEF,4.5,BHA,,5.369920015,2.225296798,0,4.936183636,3.343518172,2.979223206,2.817122273,0,0,3.514722853,2.120024854,3.767488632,3.101530188,2.767663048,3.619431524,2.51343851,2.790012775
91483,Digne,DEF,5.3,AVL,,2.799026157,5.524151821,3.864506322,3.460480931,7.888445605,3.155105594,3.851559656,2.747789507,3.291408156,3.328244481,3.225923349,2.266203779,2.672118123,4.469363886,3.488979631,3.984581913,0
45074,Rudiger,DEF,5.7,CHE,,6.114945991,4.084979299,0,0,4.13017877,0,4.386455747,5.016965852,0,4.917063505,4.018144404,4.175823344,8.404490446,7.597940963,8.509682646,3.233495984,5.051081958
185167,Semedo,DEF,4.7,WOL,,3.773906463,3.266958276,3.015686947,2.333577817,3.238943337,2.531295635,3.795545429,6.720544632,3.690053225,3.533301299,3.324516581,2.001592362,3.358116994,3.673697409,4.340666349,4.277041415,0
23260,Walker,DEF,5.5,MCI,,2.805096776,2.984464196,3.53302274,3.337578426,3.030959575,2.999361689,2.928918881,3.056253905,0,3.189329023,2.394460118,3.112421684,3.5551629,2.96308872,5.979277146,2.732127373,3.319280366
23393,Azpilicueta,DEF,5.5,CHE,,5.730682168,3.45203365,0,0,3.800004788,0,3.832024365,4.324070008,0,4.175831847,2.300176544,3.829443151,5.651666836,5.082130633,6.11503951,0,4.255466422
156990,Lamptey,DEF,5,BHA,,6.169651336,2.507383592,0,5.68021466,3.249075821,2.887832534,2.719287001,0,0,3.426564202,2.05216743,4.345431601,3.003352875,2.64787789,3.826007307,2.446157764,2.711040567
32948,Wan-Bissaka,DEF,5.3,MUN,,5.540640712,3.394526222,3.421688318,3.763719281,3.047723902,3.955778213,0,3.161833148,0,3.298362987,3.130135682,7.31885115,2.556071329,3.973181083,4.326864116,2.818426708,3.250716773
23135,Matip,DEF,5.2,LIV,,2.900901719,2.543749528,2.595217467,2.6824884,3.254866969,0,2.650418529,4.170019596,0,3.061058603,0,2.370328968,2.906890481,2.667560804,3.829618572,3.58697764,2.968038478
132438,Dawson,DEF,4.8,WHU,,3.505322859,2.277244912,4.068742548,2.469834336,4.024118993,3.840259961,0,3.36684775,0,3.547439494,3.058124867,4.062988958,1.937306954,2.998368753,5.777730141,2.017958209,2.856988862
45008,Dunk,DEF,5,BHA,,5.588848104,0.87121362,0,6.65367852,4.145282363,3.697965087,3.501502676,2.284982355,0,4.368731059,2.688093923,5.117957199,3.838286729,3.402720522,4.833804702,3.176879159,3.484326506
88496,Coady,DEF,4.7,WOL,,3.408023738,3.004355004,2.724884357,2.125850717,2.91612524,2.313036788,3.484590566,6.075778689,3.310350233,3.229428465,3.065145799,0,3.069690954,3.42814968,4.066463437,3.854526488,0
176652,Ayling,DEF,4.5,LEE,,0,6.414537895,2.2617738,2.541456894,2.334007623,2.542649111,1.970380671,4.695770043,2.710135902,3.161245916,2.703333587,0,2.645601937,3.753515699,0,3.183029411,2.717021645
180322,T Silva,DEF,5.6,CHE,,5.601541269,3.635501242,0,0,3.88969962,0,4.018080332,4.609354492,0,4.504499675,3.284713483,3.887213056,6.379170131,5.75475819,6.666321047,0,4.517038716
184661,Reguilon,DEF,5.2,TOT,,4.45593441,0,3.731780546,6.720147658,0,3.015160792,3.786536258,2.26886191,0,4.05519587,2.844596723,3.67595279,3.239656852,3.316951753,4.59525885,7.368198643,3.645433238
23543,A Cresswell,DEF,5.4,WHU,,3.502659047,2.249610016,4.08505955,2.511317637,4.121938739,3.970528363,0,3.431858647,0,3.838987081,3.151709288,4.157686536,2.028056955,3.058662248,5.956556162,2.094008398,2.96575514
257275,Emerson R,DEF,4.9,TOT,,3.695200555,0,3.459407085,6.270551783,0,2.538974611,3.489760471,1.891490038,0,3.818924463,2.429027404,3.456570318,3.002382084,3.028845395,4.367561837,6.706673537,3.33410495
23378,Keane,DEF,4.9,EVE,,3.2107711,3.144277233,2.979546729,3.278243602,2.655734896,0,0,6.266468707,2.850408246,2.101658761,2.557718726,3.463646039,3.937233926,2.347999774,5.611084701,3.535417709,1.962521959
23044,Stones,DEF,5.7,MCI,,1.809656512,1.617769084,4.956370113,4.691213435,4.212603209,4.163220955,1.587659997,4.232546488,0,4.453089922,1.297949413,4.278598949,5.060346762,1.606182219,7.445382455,1.480986505,4.643782292
23490,Ben T Davies,DEF,4.6,TOT,,2.381087257,0,2.764547918,4.211498645,0,2.109965864,2.63566412,0,0,2.8251961,2.00939613,2.593710376,2.275658088,2.28830238,2.98514053,4.531623833,2.540595771
139989,Tierney,DEF,5.3,ARS,,0,4.109856038,3.312322118,0,3.94478733,0,3.307157183,3.302671415,2.959385989,3.244347189,3.754591741,5.209940918,3.028528552,2.731673409,7.476053614,5.563191962,3.77232288
45072,Lascelles,DEF,4.3,NEW,,3.033213922,2.231265007,2.896648476,2.736373931,1.935633486,2.4855308,5.029874975,0,3.001108665,0,3.064017312,2.460451038,2.763418347,0,3.216488994,2.389130264,2.566781824
45018,March,DEF,4.9,BHA,,6.367678487,2.737479205,0,5.639012466,2.709597711,2.412905375,2.279868984,0,0,2.850419393,1.716502859,4.238131155,2.511480114,2.235573957,2.955417028,2.037583104,2.260757966
192197,Pinnock,DEF,4.6,BRE,,3.5362811,3.471817529,0,3.403026433,1.953529998,3.564082609,3.182105057,3.589992298,0,0,2.886199045,4.83155635,2.474313911,0,3.265133653,2.471136425,3.242818905
278659,Trippier,DEF,4.5,NEW,,3.137953709,2.352156881,3.137406149,2.971171676,2.166630771,2.736292997,5.599044235,0,3.245494811,0,3.308327056,2.685995343,3.026673999,0,3.712141677,2.611029438,2.821713399
23287,Tarkowski,DEF,5,BUR,,0,1.970692818,2.561138314,0,5.059240208,2.774220449,2.297992211,6.128761558,3.322686365,0,3.216981232,2.224991143,3.494317561,5.646481709,3.163134646,4.644262444,3.641380689
23188,Shaw,DEF,5.5,MUN,,5.39293188,3.567538161,3.571310548,3.960626059,3.192654633,4.246572247,0,3.315255245,0,3.484718928,3.249316154,7.423779521,2.630298996,4.182568346,4.284117504,2.896526147,3.360108083
23479,Dier,DEF,4.6,TOT,,0,0,3.329116036,5.740091082,0,2.612665926,3.237658384,2.00729563,0,3.469322867,2.526694202,3.241112513,2.853367771,2.814775316,3.99518672,6.046023821,3.127783763
181081,Gabriel,DEF,5.3,ARS,,0,3.907880567,3.211842813,0,3.812326821,0,3.155959339,3.16887236,2.840090775,3.126155088,3.644404052,5.016056701,2.906096673,2.610954743,7.248321418,5.34713275,3.635198621
131352,Godfrey,DEF,4.6,EVE,,2.862156823,2.847775968,2.780187976,3.143120419,2.260337574,0,0,5.845459755,2.651310664,0,2.189421169,3.330082345,3.591718861,2.003098609,5.211222079,3.401555325,0
187323,Ait-Nouri,DEF,4.8,WOL,,3.679434476,3.119830544,3.024671381,0.703160088,3.170389921,0.849122451,3.816789189,6.05509791,3.694443196,3.564262609,1.342119657,0.830819687,1.39388507,3.769066349,3.866993721,4.367771513,0
88539,Saiss,DEF,4.8,WOL,,3.773906463,2.837095345,3.418621854,2.556055257,3.546181456,2.806334992,4.163354943,6.738278843,4.067214919,3.864455619,3.596082126,0.478158175,3.636378899,3.99172209,4.270286366,4.722042091,0
23379,Mee,DEF,4.9,BUR,,0,0,2.449250977,0,4.904019942,2.685770059,2.218822694,5.895809324,3.191595332,0,3.087759751,2.048891833,3.390129139,5.385676107,3.034354987,4.458513466,3.496702855
176641,B White,DEF,4.8,ARS,,0,3.544373148,2.964258257,0,3.473064039,0,2.85661985,2.87121656,2.596792367,2.86492838,3.340756531,4.607854731,2.638452964,2.381410227,6.604144439,4.87364062,3.302698862
174861,Mitchell,DEF,4.7,CRY,,2.622470338,0,3.021273802,2.763721411,4.876375564,3.40581673,2.801488254,0,2.838853944,2.610487421,1.970384365,2.566747304,3.05585325,2.553076402,3.264741676,2.400372567,2.42436768
231961,Guehi,DEF,4.7,CRY,,2.591546081,0,3.045716969,2.74470847,4.884357371,3.486718708,2.752581334,0,2.827981768,2.642298801,1.946024063,2.551435896,3.139052074,2.529456201,3.375992238,2.374589486,2.452789793
56987,D Sanchez,DEF,4.7,TOT,,3.571444599,0,1.839798556,5.14276872,0,1.045493667,1.305978544,0,0,3.855531832,0.995661098,1.285190353,1.127594603,1.133859883,3.552882961,5.551871405,1.258871926
106466,Kilman,DEF,4.7,WOL,,3.277124594,2.830260667,2.248957441,0,0.571556314,0,2.912742921,4.201312349,2.779547192,0.810462337,0.785674607,0,0.810647449,2.965041504,2.72655071,3.38648822,0
192193,Jansson,DEF,4.6,BRE,,3.218092515,3.308400704,0,3.233873777,0,3.391526002,2.980995957,3.414128885,0,0,2.71785725,4.458719119,2.309794356,0,3.09597314,2.278441455,3.066460136
230254,Duffy,DEF,4.6,BHA,,5.690605996,1.319561961,0,3.723787655,2.522303182,2.247484173,2.125197504,0,0,2.651457591,1.599316995,2.842140547,2.339750844,2.087886159,2.730448343,1.896102736,2.10474648
257276,Tomiyasu,DEF,4.8,ARS,,0,2.899986768,2.920146008,0,3.457975208,0,2.852189176,2.866386009,2.572440424,2.835623193,3.311002247,4.509451962,2.628682636,2.361443501,6.511963515,4.798535234,3.293724266
45060,Femenia,DEF,4.3,WAT,,2.79637194,3.034519652,0,2.572686049,4.355550638,0,0,4.02286409,2.518616794,0,2.259324805,2.713517518,0,2.821505096,1.912907802,1.904196036,0
23376,Lowton,DEF,4.6,BUR,,0,0,2.352680848,0,4.664272073,2.603789308,1.997208497,5.588422957,3.086453319,0,2.983389435,0,3.299175879,5.077872739,2.930650698,4.215735155,3.383881458
45003,Bednarek,DEF,4.5,SOU,,2.734929721,0,0,0,3.196418152,3.716413214,5.617892297,3.371805226,2.821297161,2.448755598,2.061808998,2.623427096,2.561542701,3.312699194,2.725600715,0,0
91161,Schar,DEF,4.5,NEW,,3.222468385,2.225989457,2.917903952,2.72445771,0.358617743,2.441493773,4.574479292,0,3.009199278,0,3.073231156,2.432155024,2.740742056,0,2.825157833,0.442637777,2.52972666
187804,Andersen,DEF,4.6,CRY,,2.458972258,0,2.743013952,2.66174542,4.735154381,3.358265218,2.669116318,0,2.73275816,2.545452343,0,2.463461123,3.017644629,2.444170961,3.241921068,2.293273939,2.360995101
226984,Firpo,DEF,4.4,LEE,,0,5.47818703,0,2.180677993,0,1.886131651,0,3.664451218,1.93532494,2.399779985,1.984233239,0,1.901723806,2.606555591,0,2.395663986,1.962557331
23148,Zinchenko,DEF,5.5,MCI,,0,0,0,0,0,0,0,0,0,0,0,0,0,0,3.267201466,0,0
185165,Llorente,DEF,4.4,LEE,,0,5.485819471,0,2.120447042,0,2.003621516,0,3.469592183,1.852555949,2.183216215,0,0,0,2.37425972,0,2.233837581,0
187802,Telles,DEF,5.1,MUN,,3.02067844,0,0,0,0,0,0,0,0,0,0,2.312401038,0,0,0,0,0
237976,Livramento,DEF,4.8,SOU,,2.734929721,0,0,0,3.257096206,3.789401637,5.839138186,3.44911358,2.87548789,2.507159682,2.251670109,2.679455577,2.600602313,3.368588776,2.773360582,0,1.949612019
92423,Burn,DEF,4.5,BHA,,3.216283901,0,0,0,0,0,0,0,0,0,0,0,0,0,0,0,0
276427,Kamara,DEF,4,WAT,,1.531123833,2.787011576,0,0,2.449636665,0,0,2.217187193,0,0,0,0,0,1.866882369,0,0,0
23000,Zouma,DEF,5.5,WHU,,2.868493409,1.448433115,4.236458159,0.758045879,3.967019873,3.819724589,0,3.468779553,0,3.661569556,3.196389659,3.94906763,0.137671803,3.086605785,5.791332821,2.129730516,3.025336166
23544,Kouyate,DEF,4.5,CRY,,0,0,0,2.422660165,4.160926903,2.889706234,2.332680959,0,2.380556744,2.194750492,0,2.148036338,2.594110673,2.132909013,2.783090333,2.002553978,2.035543787
176643,Struijk,DEF,4.2,LEE,,0,4.082699619,0,2.020560048,0,0,0,1.67613311,0,0,0,0,0,0,0,0,0
45068,Taylor,DEF,4.5,BUR,,0,0,1.983478372,0,4.082185454,2.222606134,0,4.84239473,2.609840978,0,2.521920399,0,2.817041231,4.366675789,2.475545586,3.658813269,2.858920909
274827,Mykolenko,DEF,4.5,EVE,,1.265759428,0.8481878,2.098819885,2.825396441,0,0,0,4.866428421,1.993545942,0,0,3.001459318,2.649462649,0,4.333446303,3.068148474,0
234799,Ajer,DEF,4.5,BRE,,2.677402181,2.711430808,0,2.418159739,0,2.535031272,2.218601168,2.541663091,0,0,1.99859441,2.971010751,0,0,2.305256534,0,2.255224806
186817,Coufal,DEF,4.9,WHU,,1.840294501,1.075365653,4.270286336,1.166310659,4.282432737,4.102842411,0,1.589900327,0,3.87761351,1.44411452,4.322274463,0.914839395,1.415896355,5.395114325,0.95292471,1.349133629
23059,Coleman,DEF,4.4,EVE,,2.105560604,1.925615547,0,1.825488507,0,0,0,3.045743934,0,0,0,1.927662461,2.060955041,0,2.722336205,1.972978512,0
225319,Konate,DEF,5.5,LIV,,1.899861608,1.651205834,1.684614847,1.7412644,2.112808383,0,1.720447116,4.907816279,0,1.987002953,0,1.538634593,1.886928909,1.731574557,4.4708107,4.166035856,1.926621468
88464,Doherty,DEF,5,TOT,,4.381017468,0,2.609728152,6.510078072,0,1.915366812,2.63262632,1.426913537,0,2.880943016,1.832424182,2.607588135,2.264954905,2.284918456,3.294827351,7.091708078,2.51520198
92422,Mina,DEF,5,EVE,,2.012083222,1.305124598,1.236748364,1.360731273,1.102340754,0,0,5.769987612,1.183145645,0.872355184,1.061656265,3.594780068,3.497578462,0.974606256,5.139182707,3.676122975,0.814602369
192195,Henry,DEF,4.7,BRE,,2.112660102,3.625167792,0,3.394704043,0.249617722,3.557466633,3.15034825,3.580962427,0,0,2.862574711,4.6913424,2.613872519,0,3.252518101,2.597254024,3.222487176
178201,Salisu,DEF,4.4,SOU,,2.315554104,0,0,0,2.70624978,3.14343507,4.812552283,2.831756809,2.372362822,2.036154441,0,2.20874723,2.169753478,2.817284041,2.299227791,0,0
182119,Castagne,DEF,4.9,LEI,,2.653715142,3.356397602,0,2.944632651,2.903449696,0,3.275400351,0.490292228,0,0,3.398413215,5.580260136,5.082785142,4.335571826,4.442444154,5.76711309,3.254920637
225299,Sierralta,DEF,4.5,WAT,,3.262071324,3.151037795,0,0.83899464,3.315597851,0,0,3.007575932,0.82136178,0,0.736802457,0.884922066,0,0.920138567,0.623830255,0.620989207,0
46637,Walker-Peters,DEF,4.8,SOU,,2.644682143,0,0,0,3.10237704,3.621840199,5.332697012,3.280142158,2.721569389,2.351931012,0.423816294,2.531630426,2.460196549,3.21700585,2.625105719,0,0
23018,J Ward,DEF,4.5,CRY,,2.15709345,0,2.393136211,2.166218777,3.6037955,2.740380612,2.207059282,0,2.230543307,2.055448791,0,1.993190092,2.433187028,1.983233271,2.609388246,0,0
88556,Boly,DEF,4.5,WOL,,0,0,0,0,2.122673217,0,2.565116114,3.663511244,2.437855862,2.353487937,2.215885318,0,2.222395967,2.490031295,2.346657738,2.86290757,0
262617,M Sarr,DEF,5,CHE,,3.356794137,0,0,0,0,0,0,0,0,0,0,0,0,0,0,0,0
45111,Christensen,DEF,5,CHE,,0,0,0,0,2.692690487,0,2.616804466,2.983768153,0,2.934927405,2.392632366,2.678982503,4.238098899,3.824717813,4.442011904,0,2.901039493
92386,Targett,DEF,4.7,AVL,,2.599026368,2.130560833,0,0,0,0,0,0,0,0,0,0,0,0,0,0,0
241952,Romero,DEF,4.8,TOT,,3.342851259,0,2.785343662,5.307442949,0,0.267458301,2.766536446,0,0,3.616903217,0.254710128,2.771023383,2.348473162,2.360966184,3.528625228,5.635986725,2.610580988
92428,Soyuncu,DEF,4.6,LEI,,2.012308851,3.16650548,0,2.684826319,2.533856939,0,2.894251497,1.866369206,0,0,2.824734081,4.836035822,3.666083515,3.752619118,4.009023971,5.006498655,2.707439607
182753,Marcal,DEF,4.6,WOL,,2.669365444,2.033362739,0,0,1.535524427,0,1.952338375,2.765308268,1.978084801,1.998400284,1.937279854,0,1.998856724,2.239572006,2.11061965,2.574942598,0
242981,T Chalobah,DEF,5.1,CHE,,3.107684677,0,0,0,2.456282645,0,2.518395511,2.854983667,0,2.798960407,0,2.465594122,3.671676862,3.286935447,3.822527447,0,2.822025178
67736,Johnson,DEF,4.3,WHU,,0,0,2.114851653,0,2.207010096,2.171264049,0,0,0,0,0,2.209666234,0,0,2.528955317,0,0
88449,Diop,DEF,4.9,WHU,,3.538660844,0.778962347,2.016072697,1.600337102,3.193997371,3.301276106,0,2.894307715,0,3.049553249,2.628914359,3.492744894,1.665404224,2.577545068,4.966820648,1.734736005,2.456007969
132423,Hause,DEF,4.5,AVL,,0,0,0,0,0,0,0,0,0,0,0,0,0,0,0,0,0
148332,R James,DEF,5.8,CHE,,6.114945991,3.941646692,0,0,2.946677251,0,4.48937794,5.009722824,0,4.894433261,4.004373396,3.531134828,8.79866286,7.946543867,8.059416965,3.276886363,5.107900431
45117,Ritchie,DEF,4.2,NEW,,0,0,0,0,0,0,0,0,0,0,0,0,0,0,0,0,0
88625,Vestergaard,DEF,4.9,LEI,,2.556899339,3.297533069,0,1.148509036,1.378203668,0,2.48804076,1.69173817,0,0,2.626507128,4.496664887,3.572616707,3.489277425,3.488554192,4.655165416,2.517443845
226790,Perraud,DEF,5,SOU,,2.925746016,0,0,0,2.438060318,2.836511167,4.370816888,2.581792622,2.152411988,1.876704323,1.685460667,2.00567435,1.946649685,2.521516744,2.075965816,0,1.459358704
180456,Koch,DEF,4.5,LEE,,0,5.211534362,0,1.288215333,0,1.250803095,0,2.635833332,1.392075834,1.726157533,1.427255488,0,1.367906597,1.874890864,0,1.723196902,1.411664045
131350,J Lewis,DEF,4.5,NEW,,2.186724634,0.825530772,0.925790148,0.874565225,0.618642692,0.794393917,4.029117598,0,0.959176393,0,0.979282459,0.78637824,0.883208819,0,2.482439641,0.763583596,0.820362341
242908,Dalot,DEF,5.1,MUN,,0,0,0,0,0,0,0,0,0,0,0,0,0,0,0,0,0
23120,Gomez,DEF,5,LIV,,0,0,0,0,0,0,0,0,0,0,0,0,0,0,0,0,0
23503,Cathcart,DEF,4,WAT,,1.927019016,2.238290029,0,0,0,0,0,0,0,0,0,0,0,0,0,0,0
225290,Young,DEF,5,AVL,,2.743529253,4.384200262,2.240840909,2.182785857,6.963109762,2.097153042,2.684463034,2.060234377,2.628370356,2.675788514,2.577497122,1.826285096,2.151253349,3.540345555,2.790353438,3.171706408,0
45099,Clark,DEF,4.4,NEW,,2.599623974,1.573629005,2.042899452,1.929863719,1.365130985,1.752953301,3.547385509,0,2.116571374,0,2.160938525,1.735265469,1.94893715,0,2.268471185,1.684965554,1.810256655
23346,Ake,DEF,5,MCI,,0,0,0,0,0,0,0,0,0,0,0,0,0,0,0,0,0
175378,L Thomas,DEF,4.5,LEI,,0,2.261154869,0,0,0,0,0,0,0,0,0,0,0,0,0,0,0
225300,Troost-Ekong,DEF,4.2,WAT,,1.531123833,2.787011576,0,2.073093207,3.621580352,0,0,3.336902921,1.996445368,0,0,2.17318289,0,2.513071744,0,0,0
278660,Samir,DEF,4.5,WAT,,2.211194317,1.871707412,0,1.050242925,1.778058478,0,0,1.642246457,1.028170332,0,0.922320037,1.107734298,0,1.15181787,0.780902857,0.777346469,0
45053,Lindelof,DEF,4.9,MUN,,0,0,0,0,0,0,0,0,0,0,0,0,0,0,0,0,0
178132,Tsimikas,DEF,4.4,LIV,,0,0,0,0,0,0,0,0,0,0,0,0,0,0,0,0,0
157546,Tanganga,DEF,4.6,TOT,,0,0,0,0,0,0,0,0,0,0,0,0,0,0,0,0,0
131320,Holgate,DEF,4.5,EVE,,1.072081274,1.458287797,0,1.654682565,0,0,0,2.760762045,0,0,0,1.747296383,1.714449442,0,2.467614689,1.788372335,0
274923,Patterson,DEF,4.5,EVE,,1.859911867,1.610310077,0,1.345096795,0,0,0,2.244232372,0,0,0,1.420382866,1.621043585,0,2.00593194,1.45377364,0
139838,Krafth,DEF,4.5,NEW,,1.43686994,1.422707861,1.899538087,1.794434687,1.269332319,1.629939034,3.298446175,0,1.96804005,0,2.009293716,1.613492453,1.81216963,0,2.109280225,1.566722358,1.6832211
138601,Cedric,DEF,4.4,ARS,,0,0,0,0,0,0,0,0,0,0,0,0,0,0,0,0,0
259132,Zanka,DEF,4.5,BRE,,0,0,0,0,0,0,0,0,0,0,0,0,0,0,0,0,0
186823,Fofana,DEF,4.5,LEI,,0,0,0,0,0,0,2.699388465,0,0,0,2.652163683,4.877853366,1.813063542,3.791632143,3.833131563,4.984439254,2.538541617
45114,Dummett,DEF,4.5,NEW,,2.228014568,1.341725783,1.741840585,1.64546275,1.163953787,1.494623341,3.024612907,0,1.804655593,0,1.842484427,1.479542136,1.661725359,0,1.934170169,1.436654841,1.54348199
88564,R Pereira,DEF,5.2,LEI,,1.974922742,2.402474073,0,1.393194617,1.224203059,0,1.170333108,0.175186287,0,0,3.15009161,4.898501662,3.922340464,3.789827724,3.853228762,5.114611592,1.163015502
137292,Justin,DEF,5,LEI,,1.974922742,2.402474073,0,2.169729322,2.139383987,0,2.41345289,0.361267958,0,0,2.504093948,4.111770626,3.581728711,3.194631872,3.273379903,4.249451751,2.398362575
176667,Chambers,DEF,4.5,ARS,,0,0,0,0,0,0,0,0,0,0,0,0,0,0,0,0,0
23466,F Fernandez,DEF,4.4,NEW,,3.033213922,2.231265007,2.605289682,2.313916201,1.636798842,2.101799729,4.253332873,0,2.537779608,0,2.590976042,2.08059193,2.336785339,0,2.719908237,2.020282083,2.170506736
23241,Bertrand,DEF,4.5,LEI,,0,0,0,0,0,0,0,0,0,0,0,0,0,0,0,0,0
23015,Tomkins,DEF,4.5,CRY,,0,0,0,0,0,0,0,0,0,0,0,0,0,0,0,0,0
24075,Holding,DEF,4.5,ARS,,0,0,0,0,0,0,0,0,0,0,0,0,0,0,0,0,0
230250,Tavares,DEF,4.6,ARS,,0,0,0,0,0,0,0,0,0,0,0,0,0,0,0,0,0
192204,Roerslev,DEF,4.5,BRE,,0,0,0,0,0,0,0,0,0,0,0,0,0,0,0,0,0
88479,Masina,DEF,4.4,WAT,,2.79637194,2.963536736,0,1.73016898,2.929171482,0,0,2.705434915,1.693806616,0,1.519428962,1.824880202,0,1.897503427,1.286458463,1.280599674,0
184652,Hoever,DEF,4.5,WOL,,0,0,0,0,0,0,0,0,0,0,0,0,0,0,0,0,0
257280,C Roberts,DEF,4.5,BUR,,0,0,0,0,0,0,0,0,0,0,0,0,0,0,0,0,0
25865,Manquillo,DEF,4,NEW,,0,0,0,0,0,0,0,0,0,0,0,0,0,0,0,0,0
156926,N Williams,DEF,4,LIV,,0,0,0,0,0,0,0,0,0,0,0,0,0,0,0,0,0
225296,Sessegnon,DEF,4.5,TOT,,0,0,0,0,0,0,0,0,0,0,0,0,0,0,0,0,0
23242,J Stephens,DEF,4.5,SOU,,2.059421321,0,0,0,2.326425249,2.702251201,4.137106349,2.434317256,2.039399619,1.750378379,0,1.898747618,1.865226674,2.421875755,1.976529153,0,0
160699,Mari,DEF,4.5,ARS,,0,0,0,0,0,0,0,0,0,0,0,0,0,0,0,0,0
23171,Bailly,DEF,5,MUN,,0,0,0,0,0,0,0,0,0,0,0,0,0,0,0,0,0
189708,Rodon,DEF,4.5,TOT,,0,0,0,0,0,0,0,0,0,0,0,0,0,0,0,0,0
176637,Cooper,DEF,4.4,LEE,,0,4.082699619,0,2.020560048,0,0,0,2.427729127,0,0,0,0,0,1.461604005,0,0,0
178020,N Ferguson,DEF,4.5,CRY,,0,0,0,0,0,0,0,0,0,0,0,0,0,0,0,0,0
91162,Jonny,DEF,4.5,WOL,,0,0,0,0,0,0,0,0,0,0,0,0,0,0,0,0,0
23521,Evans,DEF,4.9,LEI,,2.012308851,3.16650548,0,2.684826319,2.533856939,0,2.200308155,1.047240499,0,0,3.497376767,5.966365891,5.022755292,4.638349417,4.212708318,6.204974658,3.355564794
189201,Clyne,DEF,4.5,CRY,,0,0,0,0,0,0,0,0,0,0,0,0,0,0,0,0,0
192209,Goode,DEF,4,BRE,,0,0,0,0,0,0,0,0,0,0,0,0,0,0,0,0,0
234958,Kolasinac,DEF,4.5,ARS,,0,0,0,0,0,0,0,0,0,0,0,0,0,0,0,0,0
234803,Collins,DEF,4.5,BUR,,0,0,0,0,0,0,0,0,0,0,0,0,0,0,0,0,0
274845,P Jones,DEF,4.5,MUN,,0,0,0,0,0,0,0,0,0,0,0,0,0,0,0,0,0
134588,Pieters,DEF,4.5,BUR,,0,0,0,0,0,0,0,0,0,0,0,0,0,0,0,0,0
23265,Kabasele,DEF,4,WAT,,0,0,0,0,0,0,0,0,0,0,0,0,0,0,0,0,0
23101,Amartey,DEF,4,LEI,,0,0,0,0,0,0,0,0,0,0,0,0,0,0,0,0,0
230255,Jach,DEF,4.5,CRY,,0,0,0,0,0,0,0,0,0,0,0,0,0,0,0,0,0
242872,Valery,DEF,4,SOU,,0,0,0,0,0,0,0,0,0,0,0,0,0,0,0,0,0
23037,Kelly,DEF,4,CRY,,0,0,0,0,0,0,0,0,0,0,0,0,0,0,0,0,0
225312,Mosquera,DEF,4.5,WOL,,0,0,0,0,0,0,0,0,0,0,0,0,0,0,0,0,0
23252,Bardsley,DEF,4,BUR,,0,0,0,0,0,0,0,0,0,0,0,0,0,0,0,0,0
242875,Branthwaite,DEF,4,EVE,,0,0,0,0,0,0,0,0,0,0,0,0,0,0,0,0,0
192205,M Sorensen,DEF,4.5,BRE,,0,0,0,0,0,0,0,0,0,0,0,0,0,0,0,0,0
192967,N Phillips,DEF,4.5,LIV,,0,0,0,0,0,0,0,0,0,0,0,0,0,0,0,0,0
23278,Ogbonna,DEF,5.1,WHU,,1.840294501,1.075365653,4.270286336,1.166310659,4.282432737,4.102842411,0,1.589900327,0,3.87761351,1.44411452,4.322274463,0.914839395,1.415896355,5.395114325,0.95292471,1.349133629
24083,Chilwell,DEF,6.4,CHE,,6.114945991,3.941646692,0,0,2.946677251,0,4.48937794,5.009722824,0,4.894433261,4.004373396,3.531134828,8.79866286,7.946543867,8.059416965,3.276886363,5.107900431
23289,K Long,DEF,4,BUR,,0,0,0,0,0,0,0,0,0,0,0,0,0,0,0,0,0
274594,Beck,DEF,4,LIV,,0,0,0,0,0,0,0,0,0,0,0,0,0,0,0,0,0
274593,Bradley,DEF,4,LIV,,0,0,0,0,0,0,0,0,0,0,0,0,0,0,0,0,0
242874,Kenny,DEF,4.5,EVE,,2.102928653,1.923081842,0,1.823086549,0,0,0,3.041736376,0,0,0,1.925126063,2.058243258,0,2.718754184,1.970382487,0
274592,Koumetio,DEF,4,LIV,,0,0,0,0,0,0,0,0,0,0,0,0,0,0,0,0,0
260200,C Cresswell,DEF,4.5,LEE,,0,5.47818703,0,2.173026491,0,1.879513645,0,3.651593494,1.928534326,2.391359704,1.977271017,0,1.895051091,2.597409782,0,2.387258147,1.955671165
273787,Ashby,DEF,4,WHU,,0,0,0,0,0,0,0,0,0,0,0,0,0,0,0,0,0
242877,Thompson,DEF,4,BRE,,0,0,0,0,0,0,0,0,0,0,0,0,0,0,0,0,0
273846,McCarron,DEF,4,LEE,,0,0,0,0,0,0,0,0,0,0,0,0,0,0,0,0,0
192749,J Sorensen,DEF,4.5,NOR,,2.055338226,0.058718772,2.470375345,0,0,0,2.535818654,0,0,0,2.632256508,0,3.658330228,0,0.497380812,2.919493851,0
192718,Byram,DEF,4.5,NOR,,1.972174251,0.057491813,2.418755562,0,0,0,2.482831399,0,0,0,2.577254133,0,3.581887507,0,0.48698778,2.858489501,0
24382,Masuaku,DEF,4.9,WHU,,3.007198031,1.917679926,3.426309514,2.079860493,3.388731784,3.233903125,0,2.835240211,0,2.987317469,2.575263046,3.421464386,1.631416383,2.524942108,4.865456961,1.699333229,2.405885357
88450,Fredericks,DEF,4.5,WHU,,0,0,2.07032846,0,2.160546726,2.125553227,0,0,0,0,0,2.163146945,0,0,2.475714153,0,0
256301,Lyanco,DEF,4.5,SOU,,1.716597443,0,0,0,2.440372608,2.834606362,4.339740129,2.553549122,2.13928858,1.836111197,0,1.991747502,1.956584716,2.540498241,2.073338745,0,0
262155,Nkoulou,DEF,4.5,WAT,,2.691875935,2.911544863,0,1.717521546,2.907759409,0,0,2.685658344,1.681424989,0,1.508322025,1.811540435,0,1.883632788,1.277054527,1.271238565,0
192734,Zimmermann,DEF,4.5,NOR,,2.1385022,0.057491813,2.418755562,0,0,0,2.482831399,0,0,0,2.577254133,0,3.581887507,0,0.48698778,2.858489501,0
192745,Aarons,DEF,4.2,NOR,,2.303232113,1.963843983,2.530304199,0,0,0,2.592596591,0,0,0,2.693346094,0,4.110969654,0,2.00834585,3.356281171,0
192733,Gibson,DEF,4.2,NOR,,2.029970715,0,0,0,0,0,0,0,0,0,0,0,2.176359396,0,0,1.723762412,0
192723,Omobamidele,DEF,4,NOR,,0,0,0,0,0,0,0,0,0,0,0,0,0,0,0,0,0
225298,Ngakia,DEF,4.5,WAT,,2.064899911,2.284176268,0,1.487338246,2.518059695,0,0,2.325724751,1.456079372,0,1.306175774,1.568756665,0,1.631187157,1.105902889,1.100866386,0
192743,Hanley,DEF,4.3,NOR,,0.967814478,0.469140507,2.675801263,0,0,0,2.747438593,0,0,0,2.845921537,0,4.274543306,0,2.120867548,3.523823722,0
203020,Kabak,DEF,4.4,NOR,,2.1385022,0.059945731,2.521995128,0,0,0,2.588805909,0,0,0,2.687258883,0,3.734772949,0,0.507773844,2.9804982,0
225479,Giannoulis,DEF,4.5,NOR,,1.81772687,0.048114337,2.024232932,0,0,0,2.077857375,0,0,0,2.15687884,0,2.997646709,0,0.407555322,2.392241976,0
150363,B Williams,DEF,4.2,NOR,,0,0,1.903491374,0,0,0,1.95351804,0,0,0,2.019382438,0,3.003275968,0,0,2.349430138,0
160701,Fernandes,MID,11.4,MUN,,9.47318407,5.486184026,5.278832192,5.598205337,5.238777355,6.379311692,3.790933359,5.234282148,0,5.507749788,5.024585133,11.32409594,4.655452449,5.705010635,8.641362775,4.610397458,4.943648399
88567,Jota,MID,7.7,LIV,,7.171776676,6.145452633,5.607670919,5.059746746,6.21936399,0,5.229150507,9.614942347,0,6.155788044,3.519646327,4.635142463,5.466545357,4.897451789,9.388869254,8.667501708,4.954484357
187805,Raphinha,MID,7.6,LEE,,4.503081726,9.912117024,4.32534305,4.461078785,4.631468566,4.647526394,4.296420108,9.271417564,4.136675894,4.966701161,4.917176927,0,4.389726556,7.777152892,4.135710905,4.660631543,4.449263692
161049,Bowen,MID,6.5,WHU,,6.076862269,4.774068795,6.599718366,5.002758917,6.014172966,5.391931358,4.354805017,5.696991124,0,5.894950248,5.182827731,6.214494178,4.233827742,5.434594064,10.37084536,4.347288974,4.784745889
278661,Coutinho,MID,6.5,AVL,,4.416967427,8.39229405,5.389162514,4.515537919,10.15037742,3.949573834,4.622203189,3.908907841,4.648405001,3.687915187,4.599112917,4.148434341,4.245779593,5.691036022,4.657177285,4.959562445,2.75046757
45106,Salah,MID,13.4,LIV,,7.171776676,6.145452633,9.049552307,7.504348441,9.243034717,0,7.795136184,14.62912665,0,9.250485084,5.174897604,6.869422632,8.158553831,7.255628302,14.33841736,13.1104364,7.324519604
132424,Trossard,MID,6.7,BHA,,7.931994515,3.610707434,0,8.050686957,4.49743104,4.2016975,3.958133007,3.688456381,0,4.71371671,3.64898875,7.132781594,4.243638184,3.698001159,7.039245146,3.993860625,4.157660513
131333,McGinn,MID,5.6,AVL,,3.545675889,7.546689714,4.30648031,3.860402362,8.644407302,3.653598565,4.140764184,3.672847266,3.96665423,3.680056641,3.940832314,3.674407706,3.670941965,4.498756449,3.917110623,4.16602255,3.200994751
55898,Foden,MID,8.2,MCI,,4.875724576,5.311167731,6.029255092,5.806635078,5.369029559,5.189520119,5.34693523,5.089824599,0,5.466091664,4.831001539,4.758042332,6.631786869,5.436379877,10.62288809,4.970419503,5.696971238
139204,Saint-Maximin,MID,6.7,NEW,,5.146511763,4.30679765,4.674941205,4.542003112,4.016909837,4.174344501,8.34530091,3.385394097,4.427500044,3.711383362,4.20092378,4.319376825,4.378166189,3.79869377,7.151959157,4.177074993,4.172701791
23153,Sterling,MID,9.6,MCI,,5.272659795,5.668362,6.017193234,6.14842903,5.674677937,5.448710355,5.653505792,5.330677231,0,5.760615922,5.077905742,4.94375169,7.114128993,5.736269142,11.00281022,5.206494267,6.041772501
176640,Dallas,MID,5.5,LEE,,3.545624307,7.85748439,3.504452513,3.573025853,3.679089835,3.612811784,3.298823135,6.798537998,3.033517203,3.416695528,3.31676957,0,3.119770542,5.90849636,2.971919708,3.307889307,3.14765807
228177,Sancho,MID,8.1,MUN,,7.067368129,4.195069096,4.063091289,4.284266474,4.024378977,4.831747373,2.648613474,4.014119167,0,4.207694568,3.878159289,8.73411111,3.606278454,4.364855405,6.852384614,3.571784333,3.825544704
23161,De Bruyne,MID,11.1,MCI,,4.900031397,5.163775852,5.799318818,5.777967887,5.358724923,5.166814357,5.337403283,5.067362325,0,5.44047077,4.827802178,4.737238903,6.610389564,5.412391449,10.90731283,4.950723925,5.682815773
137792,Douglas Luiz,MID,5,AVL,,3.545675889,6.503835305,3.615376587,3.262582715,7.136237106,3.133512805,3.478937049,3.114492523,3.347339778,3.160257357,3.329381133,3.130317966,3.108509591,3.711091018,3.293608578,3.502466431,2.66344
23194,Rashford,MID,8.7,MUN,,7.640622239,4.68563202,4.527179694,4.785382793,4.49030345,5.467433487,3.111318799,4.464921075,0,4.704044909,4.303978972,9.560187277,3.979300179,4.879662373,7.351010212,3.919242045,4.234038381
192214,Mbeumo,MID,5.7,BRE,,7.001454922,4.184376002,3.041020137,4.416299252,3.693834581,4.570601846,4.360867138,4.696789873,0,3.315213716,4.297302238,7.808755097,4.120510227,3.647306869,4.39176166,3.961840254,4.653238572
192735,Buendia,MID,6.3,AVL,,4.258054552,7.591805522,4.294491262,3.603191226,8.260450603,3.310473202,3.794429821,3.297042101,3.571008919,3.226188497,3.540985535,3.247558988,3.269911028,4.197388117,3.539581486,3.78316423,1.481124904
23404,Ward-Prowse,MID,6.7,SOU,,3.827605387,3.57373695,3.637819611,3.654718505,4.335301811,4.657040443,8.085021746,4.607063996,4.036708342,3.984393898,3.825044114,4.105833239,3.737752011,4.307788871,3.923520239,3.794729719,3.767939418
23126,Mane,MID,10.4,LIV,,7.171776676,6.145452633,7.303632287,6.310720674,7.759990091,0,6.509334527,12.06918471,0,7.745125306,4.302571924,5.757929178,6.819887434,6.093058667,11.77228477,10.83471277,6.119298298
257179,Cucurella,MID,4.5,BHA,,6.04635968,3.020561273,0,6.306079074,3.466977622,3.328933115,3.168113243,3.036090921,0,3.554430989,2.98507826,5.808868544,3.358729739,3.086930378,5.838429165,3.135666134,3.2895003
176658,Harrison,MID,6.1,LEE,,3.612994202,7.785059948,3.498666336,3.575484993,3.690762296,3.697376015,3.430765226,7.194772241,3.341845518,3.881001759,3.80754717,0,3.489146716,6.262084198,3.300822526,3.699872571,3.528815347
110910,Tielemans,MID,6.7,LEI,,4.666495986,4.744656214,3.876133171,4.759070078,4.225835254,0,5.010848313,4.094479955,0,3.961113637,4.634936356,8.613388011,8.357054939,7.985810203,8.22245807,9.18026244,4.565322168
23492,Doucoure,MID,5.9,EVE,,3.989945985,4.008602543,3.769454515,4.213527673,3.669043115,3.38151499,3.482760542,7.647552286,3.936037258,3.584166838,3.828433161,4.079454655,6.585907282,3.561361221,7.638465433,4.12054915,3.505087724
234800,D Gray,MID,5.9,EVE,,4.178215609,4.293075805,3.667755601,4.002519827,3.398098629,3.016986379,3.175138853,7.260554856,3.721556125,3.295767814,3.543605891,3.808370813,7.012091226,3.204030177,7.281263185,3.856989018,3.200991183
45042,Shelvey,MID,6,NEW,,4.243991039,3.598451061,3.891048121,3.806536594,3.421483972,3.546408624,7.15516255,3.038670587,3.733811556,3.210371754,3.614356908,3.622234576,3.638007623,3.283877394,6.422744722,3.542710556,3.514420462
160700,Soucek,MID,6,WHU,,2.099115287,3.918280465,5.087592624,4.133875345,4.832067719,4.495508838,3.724883494,4.624911747,0,4.744933862,4.284399732,4.939256571,3.694019559,4.453886716,8.484303559,3.807578223,4.060028174
96761,McNeil,MID,5.9,BUR,,0,3.432353034,3.560887985,3.533681268,6.985636417,3.632393929,3.526329803,7.522357221,3.948261782,3.361891712,3.885366837,3.536427022,3.863045461,7.566013715,3.910723125,7.094734536,4.064060821
35693,Westwood,MID,5.5,BUR,,0,3.343396538,3.635386848,3.425500522,6.719256016,3.52606736,3.432969633,7.252953211,3.844150614,3.271763703,3.770913956,3.429299851,3.765669906,7.288504071,3.80668237,6.834175962,3.957769691
23023,Zaha,MID,6.9,CRY,,3.439004401,3.469109766,5.006458151,4.446438629,8.624110646,5.243020037,4.225333151,3.975652829,4.540192664,4.702119179,4.306098537,4.456386645,5.196362829,4.386628583,5.46184101,4.343473988,4.644251215
23472,Son,MID,10,TOT,,5.842420926,3.103042436,2.784405439,8.327215413,3.699870758,5.642568033,6.19862394,4.736468167,0,6.32916774,5.043461286,5.596462167,5.353182744,5.946755767,10.23915789,12.09940757,6.09789506
139802,Mount,MID,7.2,CHE,,6.710161272,4.316209156,0,0,4.158084216,0,4.418524788,4.851879914,0,4.746718185,4.14673592,4.384978741,9.117112271,8.513439599,8.873010684,3.878261908,5.258259845
131338,Grealish,MID,7.5,MCI,,4.252981234,4.492983251,5.05658732,4.849718461,4.560846742,4.396974845,4.537887608,4.33252153,0,4.602811608,4.142985249,4.107791267,5.473926299,4.564750045,8.906084567,4.225409113,4.809700587
28842,Sissoko,MID,4.5,WAT,,3.201356716,3.174779563,2.708175948,2.954050645,5.44692208,2.651504012,2.89014813,5.222210789,3.016644308,2.554780757,3.043449259,3.038465368,2.49639157,3.095759564,2.78230978,2.930414976,2.56811679
45081,B Silva,MID,7.3,MCI,,3.880429682,4.121986639,4.586409489,4.353512663,4.137603488,3.98990169,4.115194495,3.943247023,0,4.156939403,3.788405488,3.773745502,4.863078416,4.116807331,8.361908988,3.845749206,4.342322268
88532,Fred,MID,5.1,MUN,,5.752515312,3.033764302,2.931905427,3.098549642,2.886180592,3.30437409,2.425063506,2.952808755,0,3.031166786,2.842638034,6.400232662,2.70190599,3.145651642,5.17284413,2.771747192,2.834925007
184630,Gallagher,MID,6.2,CRY,,3.439004401,3.469109766,3.772917385,3.395591557,3.714799999,4.162887101,3.403131802,3.177462747,3.63431239,3.736825162,3.436112256,3.562663039,4.114513444,3.511234417,4.316585623,3.474121511,3.687929217
24092,Hojbjerg,MID,5.1,TOT,,3.853014286,2.960443241,3.49684779,6.40787954,2.822280091,3.269556817,3.526360141,3.056462968,0,3.587871441,3.185150527,3.435072368,3.265018649,3.415496103,6.113575874,6.715880365,3.41989797
88550,Fabinho,MID,5.1,LIV,,3.930060311,3.553708085,3.409880083,3.22786557,3.543502218,0,3.242034118,6.019577444,0,3.36540429,2.701603354,2.995202894,3.26015738,3.085062782,5.909948848,5.64992027,3.220691996
186002,J Ramsey,MID,4.5,AVL,,3.208756676,4.769069545,2.445068252,1.635169824,3.774577952,1.534338004,1.772962134,1.543626702,1.688037492,1.54716192,1.675461123,1.545587266,1.54263655,1.947283149,1.662605273,1.785204731,0
77665,Lucas Moura,MID,6.4,TOT,,5.842420926,3.337234318,3.725612912,6.264849635,1.826206829,2.077811714,2.772993233,0.557434989,0,2.834883942,0.580904911,2.579598171,2.016989307,2.657332442,5.514518509,6.391978594,2.695298993
192201,Norgaard,MID,4.5,BRE,,5.228088091,3.24832529,2.488995121,3.046541664,2.631798826,3.109916237,2.935713321,3.150149759,0,2.485375579,2.957738722,5.497860564,2.883504845,2.603034898,3.024468829,2.76352046,3.100075895
23121,J Henderson,MID,5.1,LIV,,4.114040569,3.696689237,3.085372043,2.669761882,2.992116614,0,2.593838094,4.740815752,0,2.77422219,2.05297611,2.375427192,2.62222559,2.464161662,4.619185776,4.415311777,2.533314248
23160,Gundogan,MID,7.5,MCI,,4.121148128,4.382805367,4.935106023,4.727165543,4.435010601,4.270373375,4.413343853,4.203416496,0,4.477399225,4.018526844,3.972534972,5.359216015,4.442601577,8.864196465,4.099668354,4.684260175
206669,Moder,MID,5,BHA,,6.540733815,3.082114334,0,6.353868064,3.474210373,3.29485421,3.115804811,2.94776668,0,3.596315686,2.902278314,5.765104288,3.327152897,2.985057244,5.757762178,3.104463053,3.25546257
23127,Lallana,MID,5.5,BHA,,6.69752708,3.174212994,0,6.292052521,3.584372702,3.380115011,3.184212066,2.995473477,0,3.726129294,2.948773264,5.665640767,3.414856501,3.027271328,5.645387923,3.181106297,3.339024296
45039,H Barnes,MID,7,LEI,,4.720015877,4.634519242,3.696638853,4.633631815,4.008227527,0,4.97180933,3.939118677,0,3.829894976,4.611230869,8.368735044,8.158796716,7.710291233,7.869640948,9.086486154,4.568466651
242864,Kucka,MID,5.5,WAT,,4.352815523,3.232678191,2.477842861,2.756662611,5.594889343,2.445897289,2.726016742,5.291784715,3.182614337,2.324947938,3.242489758,3.198447301,2.230213789,3.293528377,2.586009,2.782318448,2.319522201
88492,Maddison,MID,6.7,LEI,,4.356485527,4.390348424,3.1970412,4.274030185,3.648601865,0,4.57634942,3.434304049,0,3.407953127,4.183317068,7.540889236,6.766333739,6.918883277,7.008264637,8.2460343,4.160515423
84632,Willock,MID,5.2,NEW,,3.849701413,3.072818981,3.287855479,3.174976336,2.828336494,2.908739634,5.845418787,2.031535757,2.192616882,1.621097373,1.845077637,1.871155405,1.893576919,1.656897704,3.906254984,1.816853517,1.812297725
256300,Cornet,MID,5.7,BUR,,0,3.343396538,2.257766569,3.631375301,7.207329759,3.754684519,3.576366954,7.989764252,4.199330839,3.345226424,4.148598511,3.652400956,4.018104674,8.135501975,4.154657834,7.412975135,4.360941582
132425,Fornals,MID,6.1,WHU,,3.819995479,3.738564269,4.804887027,3.686878014,4.372917609,4.021603909,3.278059409,4.167713243,0,4.288979489,3.827532668,4.485149691,3.235162185,3.998209161,7.831691501,3.341600453,3.596135039
132974,Rodri,MID,5,MCI,,2.987120865,3.19229488,3.518256265,3.396832148,3.332262588,3.218355598,3.309898814,3.210082205,0,3.305282329,3.121931695,3.158329967,3.665900917,3.25820771,6.72700949,3.129386044,3.446651228
192212,Canos,MID,5.5,BRE,,5.873063696,3.508789284,2.305373322,3.63696804,3.041003928,3.751526533,3.549238654,3.840133991,0,2.763905544,3.531216214,6.494573035,3.399272546,3.002259958,3.613531385,3.249414704,3.793755404
32973,Rice,MID,5.1,WHU,,3.411199647,3.160493862,3.712943338,3.236154787,3.654391783,3.554565505,3.033162646,3.543270321,0,3.596941543,3.354946281,3.684564383,3.072258498,3.45193282,6.558698765,3.178999601,3.275756339
24079,Gudmundsson,MID,5.4,BUR,,0,2.970288304,3.229412597,3.02929985,6.076158778,3.133269531,3.028518606,6.566585776,3.421978343,2.875652792,3.370014004,3.045411485,3.340214321,6.609005008,3.387420931,6.176208347,3.529577347
88466,Neves,MID,6,WOL,,3.689190655,3.369651344,3.366534281,3.026389203,3.429241449,3.055877654,3.464296489,6.789091063,3.320135855,3.199909662,2.892357222,2.669352012,2.938009736,3.043674384,5.733475019,3.486841595,2.533089583
132426,D James,MID,6,LEE,,3.483496292,7.444772955,3.29901974,3.319592848,3.429983576,3.408570941,3.129509366,6.514498665,2.97604295,3.441869743,3.35818996,0,3.09562408,5.655075448,2.928208925,3.293760115,3.129626875
140008,Martinelli,MID,5.8,ARS,,0,5.38230764,3.062863794,0,4.223584154,0,4.080141037,4.068913024,3.63552517,3.696244309,3.925039359,6.837903655,3.873087195,3.595022,8.276234697,7.369350291,4.228699065
161009,Brownhill,MID,5,BUR,,0,2.573402152,2.789982265,2.641050462,5.249968165,2.715001205,2.665297009,5.611940068,2.939205676,2.553836619,2.870969952,2.636763752,2.906294036,5.603804013,2.910488695,5.31475371,3.018166289
91130,Moutinho,MID,5.5,WOL,,3.542956079,3.300273703,3.119743613,2.751714572,3.128711004,2.521431622,2.818978039,6.110401248,2.85134857,2.773396367,2.641650156,2.448907072,2.664428972,2.753554418,5.180210515,2.978726305,2.334458322
40951,McTominay,MID,5.5,MUN,,5.481050244,3.655644851,3.535309691,3.733345308,3.481950364,3.996216583,2.905047096,3.554351749,0,3.653525346,3.424491622,7.516382417,3.250980872,3.790786098,6.212183598,3.3254943,3.412690377
23236,Romeu,MID,4.5,SOU,,2.750669958,2.738113302,2.713649664,2.698640128,3.104219211,3.2622392,5.886849867,3.208420717,2.908039533,2.854895646,2.840873518,2.974021156,2.794179176,3.108069143,2.862427534,2.80167077,2.756789322
115171,M Greenwood,MID,7.3,MUN,,5.399344515,3.348370034,3.228206474,3.423893793,3.191293823,3.842167423,1.246365646,3.207106351,0,3.356309166,3.082276455,6.769247752,2.86549004,3.489415619,5.330798278,2.865682569,3.044917405
23016,Townsend,MID,5.6,EVE,,2.865796197,3.140968543,2.920916154,3.183949637,2.766738953,2.536484076,2.629812588,6.250558955,2.978802367,2.707965074,2.887201027,3.082335748,5.369383977,2.682438013,6.24998994,3.114017885,2.647051541
182530,Allan,MID,4.5,EVE,,2.89001701,3.046271704,2.669318167,2.858795413,2.612040518,2.537609206,2.515326981,5.132912095,2.688582219,2.556348782,2.704161998,2.85319803,5.129002535,2.626798531,5.067931593,2.870192403,2.525346326
106430,Saka,MID,6.7,ARS,,0,4.471383679,3.925487378,0,4.653750487,0,4.512497886,4.48791533,4.013593607,4.078403669,4.318284876,7.544988121,4.269776407,3.970730268,9.169492951,8.148812014,4.662179331
139971,I Sarr,MID,6.2,WAT,,4.251606198,2.949109929,2.060521958,1.989310913,6.412667061,3.381041044,4.097776276,7.695549846,4.86017952,3.795029715,5.174104958,4.965691698,3.489039634,5.215458141,4.342944518,4.77130498,3.703529559
186746,Lookman,MID,6,LEI,,3.177287294,3.29336482,2.162456271,3.602094808,3.192983823,0,3.852138539,3.104999922,0,3.112170858,3.731683889,6.549375434,4.635546252,6.06057723,6.109665425,7.002732727,3.708630307
92375,A Traore,MID,5.8,WOL,,3.629384762,3.323309788,3.354579556,2.987862877,3.369416655,2.806849922,3.076529465,6.28966251,2.883869425,2.736644612,1.587307331,1.532357057,1.667215789,1.722984343,4.946914803,2.941407588,1.460742927
192211,Janelt,MID,5,BRE,,5.430486188,3.171034184,2.470439533,3.042672403,2.618448723,3.109020362,2.935895582,3.151390395,0,2.464986172,2.950633896,5.521290966,2.872971954,2.588574967,3.019852803,2.755854938,3.099704545
88639,Jorginho,MID,5.7,CHE,,5.538237961,3.092168883,0,0,3.001704278,0,3.082561474,3.371592984,0,3.341054039,3.02076114,3.117340681,6.142514966,5.85092781,6.189524289,2.879261821,3.438646296
185623,Murphy,MID,5,NEW,,3.007189001,2.080121091,2.110811135,1.937931094,1.695414888,1.644752817,2.815022674,0,0,0,0,0,0,0,1.572943822,0,0
192747,McLean,MID,5,NOR,,3.106632331,2.992090208,3.109553256,2.712201944,2.638258248,3.032786874,3.355784077,3.122678833,0,3.027998253,3.428296319,2.943742635,6.042683564,3.044827457,3.236984851,5.987857528,3.167215892
23226,Redmond,MID,6,SOU,,3.248898522,2.004222531,2.075109682,2.471538945,3.372076822,3.719705704,5.92334492,3.681095891,3.121567702,3.079461963,3.053571637,3.133320503,2.528932457,3.333219738,2.994022654,2.548701493,2.577486286
23539,Lanzini,MID,5.5,WHU,,3.904583805,3.151037911,3.8600109,3.07054299,3.561415453,3.383787237,2.813218058,3.426893286,0,3.499397129,3.187583091,3.61714597,2.821442306,3.316036306,6.540953301,2.933726635,3.062759344
226791,Trincao,MID,5.9,WOL,,3.683365639,3.323273511,3.429408436,3.025727103,3.466513572,2.831849291,3.15849283,6.293973839,1.988352077,1.901247835,1.111115131,1.09326059,1.189475592,1.229263684,4.818920819,2.098548104,1.042167468
242911,Wissa,MID,5.4,BRE,,5.639140315,3.193241782,1.209731104,3.187893839,2.690176192,3.282793284,3.117353582,3.353797578,0,2.46249336,3.092075785,5.840827853,2.982446782,2.656102946,3.166008043,2.86727943,3.308762837
90433,Bissouma,MID,4.5,BHA,,0,0,0,5.856912466,3.268826249,3.1469005,2.985404171,2.877626109,0,3.343374961,2.816015687,5.403029817,3.17525583,2.92172531,5.452662687,2.946947963,3.108307109
182529,Havertz,MID,7.8,CHE,,6.303197667,4.13932196,0,0,3.939248738,0,4.222437767,4.667414184,0,4.552697639,3.923242687,4.192682059,8.423981724,7.849820023,8.166178396,3.63909684,5.117579001
225295,Rashica,MID,5.4,NOR,,3.379584214,3.335815186,3.539192448,2.89536805,2.867871582,3.173375743,3.553190073,3.30166164,0,3.082119629,3.686394745,3.019791689,6.327219944,3.153840752,3.416696391,6.133698385,3.305597017
139997,Lo Celso,MID,5.7,TOT,,4.519045233,2.820620366,3.487013472,5.940187431,1.543294431,1.787876704,3.402905028,1.671351575,0,3.471217412,1.741721201,3.245764109,1.785395118,3.277526871,5.691975463,6.374545264,3.298630654
23337,Xhaka,MID,4.9,ARS,,0,3.662790357,3.052496245,0,3.321938863,0,3.132361809,3.201483037,2.974434143,3.024204017,3.219883223,5.668321478,3.118341675,2.938163079,6.465291808,5.92990954,3.300900451
176655,Klich,MID,5.4,LEE,,2.485028099,5.240494809,1.411999427,1.360831859,1.383430048,0,0,1.932145333,0,0,0,0,0,1.108210556,0,0,0
23109,Mahrez,MID,8.5,MCI,,4.875724576,5.311167731,4.839270534,5.673704848,5.260734339,5.057946836,5.239548142,4.957365077,0,5.33353503,4.726802156,4.623939068,6.522416094,5.305952145,10.31268569,4.840694941,5.586908711
192744,Skipp,MID,4.5,TOT,,2.061694329,1.981262563,2.07643951,3.905104658,1.695218776,1.907556826,2.086535562,1.802602118,0,2.124474373,1.878165603,2.063687623,1.927794298,2.019519263,3.690218487,4.010488835,1.992997987
184638,Thiago,MID,5.5,LIV,,3.281945102,2.394077025,1.89167157,3.49688035,4.051620817,0,3.590556595,6.595474375,0,3.890692393,2.888001037,3.328710344,3.688703352,3.451561339,6.474176227,6.157502006,3.574384194
201990,Odegaard,MID,6.4,ARS,,0,3.201056649,3.392923516,0,4.09166312,0,3.946281039,3.943502185,3.568139637,3.626932589,3.838764796,6.821557167,3.773509671,3.528141896,8.117582382,7.28936543,4.090217644
189709,Benrahma,MID,6,WHU,,3.140408697,1.419252109,1.671723026,3.214147813,3.813205041,3.508133018,2.858559183,3.634672241,0,3.740098323,3.33679646,3.910645932,2.821659433,3.487200695,6.963759376,2.916456052,3.135771197
92389,Kovacic,MID,5.1,CHE,,4.062940869,2.781647055,0,0,2.673292104,0,2.782242425,3.025841244,0,2.980865785,2.656508609,2.801550541,5.15635885,4.88463454,5.128483213,2.498514502,3.164928209
192210,Jensen,MID,5,BRE,,5.250378167,3.069605716,1.048933658,2.908293785,1.315551291,2.960446559,2.785509372,2.994634162,0,1.288055756,1.53285983,5.222092279,1.494387828,1.349033165,1.567442973,1.432205445,2.945586058
45084,Gross,MID,5.9,BHA,,6.48978343,1.69039438,0,4.967409885,2.829767922,2.66851185,2.513851631,2.364847482,0,2.941681021,2.327978893,4.47287429,2.695939343,2.389951048,4.456885202,2.511399708,2.636071812
160975,Podence,MID,5.4,WOL,,2.86738102,2.571276982,2.436056269,1.609750344,2.25584583,0,0,3.44647601,0,0,0,0,0,0,1.883153314,0,0
23028,McArthur,MID,4.5,CRY,,0,0,0,0,4.194977058,2.802023018,2.464119021,2.343149499,2.543152662,2.592095393,2.416890067,2.496172105,2.754107954,2.478123717,2.839081146,2.453372122,2.561137187
132434,Pulisic,MID,7.7,CHE,,6.375554151,4.232645105,0,0,4.044316916,0,4.324753045,4.776402528,0,4.662902513,4.029741325,4.293623724,8.57394965,7.989307774,8.324161714,3.745181609,5.218968264
23053,Cleverley,MID,5,WAT,,3.514683795,3.015585117,1.31898199,1.438732073,5.197337434,1.291380658,1.407609182,4.944454327,2.824864039,1.24427285,2.869011338,2.84246521,1.215835154,2.917965036,1.355087911,1.427220627,1.250767992
23482,Alli,MID,6.3,TOT,,4.936026186,2.756030691,1.601165966,5.619923682,0.91733155,1.062710831,2.022680884,0.993448496,0,2.063285647,1.03527608,1.929276592,1.061235781,1.948156323,5.37946706,6.208053476,1.960700375
157062,Minamino,MID,5.5,LIV,,4.480368078,4.175943683,2.44075627,3.114607129,3.419168807,0,3.128278535,5.808364201,0,3.247319929,2.606810254,2.890108056,3.145765893,2.976814965,5.702582221,5.451677453,3.107685259
23102,Kante,MID,5,CHE,,2.525411186,1.806664771,0,0,1.746929888,0,1.809221043,1.952797559,0,1.926976872,1.73601479,1.818408863,3.623029138,3.450832626,3.610189866,1.639135433,2.027677565
163914,Mac Allister,MID,5.5,BHA,,6.20554705,1.817469008,0,6.152432855,2.596515121,2.462469989,2.328654122,2.20306773,0,2.687772775,2.169071161,5.502520332,2.486609007,2.230937519,5.480500307,2.32017765,2.433029921
197966,Smith Rowe,MID,6.4,ARS,,0,5.082712545,3.148148174,0,3.905684281,0,3.777759918,3.760323556,3.377501012,3.434796276,3.637294315,6.470134331,3.582768448,3.338988502,7.75598248,6.939073655,3.908157878
45036,W Hughes,MID,4.5,CRY,,2.603082547,2.576786016,2.112380607,0,2.437661975,0,0,0,0,0,0,0,0,0,0,0,0
242910,Elyounoussi,MID,5.1,SOU,,2.822121613,1.077974848,1.095245932,1.185023156,3.071002628,3.36903308,6.052597198,3.331531661,2.831391121,2.791168463,1.156667731,2.863684422,1.226976131,3.040299983,2.723544309,1.23026583,1.21055755
176657,Forshaw,MID,5,LEE,,1.740591973,3.566044124,0,0,0,0,0,0,0,0,0,0,0,0,0,0,0
183010,Fraser,MID,5.8,NEW,,3.425326663,2.240965299,2.435352041,2.357626672,2.070187615,2.112526661,5.348482865,0.825135541,0.890560804,0.658430477,0.749403071,0.759994907,0.769101706,0.672971263,4.207941709,0.737939465,0.736089069
192728,Cantwell,MID,5.4,NOR,,3.22643595,3.22534278,3.2824528,2.726755,1.254219596,1.785172168,2.421659386,2.253441918,0,2.185116868,2.473986934,2.124314861,5.411159713,2.197261451,2.335929419,4.321062099,2.285581527
88507,S Armstrong,MID,5.8,SOU,,2.803077802,0.574064384,0.589056873,1.833118568,3.022667614,3.310491139,5.882015748,3.271490176,2.796367298,2.754906533,1.851560746,2.820776963,1.887812272,2.994666412,2.693161948,1.895400393,1.896055075
23464,Cork,MID,4.5,BUR,,0,0,0,0,2.036872341,0,0,2.170338928,0,0,0,0,0,2.14973216,0,2.051104753,0
33589,Ndidi,MID,5,LEI,,1.779712915,1.572330039,0,3.118992091,2.920433223,0,3.239322561,2.830234087,0,2.802390255,3.207800919,6.125196728,1.939455642,5.749866932,5.820202226,6.31726094,3.184987633
92413,Dendoncker,MID,5,WOL,,2.247712566,1.967781356,1.456452649,0,1.157328625,0,0,2.410672729,0,0,0,0,0,0,1.394864094,0,0
88518,Keita,MID,5.1,LIV,,2.073783949,1.377950917,0,1.59179653,1.89612291,0,1.534424394,2.536500895,0,1.687963186,0,0,1.525653136,0,2.404259028,2.248132244,0
187806,Partey,MID,5.5,ARS,,0,3.614946299,0.960573039,0,3.627083307,0,3.430272848,3.494771264,3.226668017,3.280939398,3.494111391,6.136160424,3.392348394,3.187583078,7.066842058,6.449633156,3.607977682
23325,Chamberlain,MID,5.5,LIV,,3.954904194,3.329083404,2.333075846,2.699326178,3.180863102,0,2.938685896,5.66051493,0,3.200086184,2.568893014,2.848070121,3.100009299,2.933515839,5.619635571,5.372380327,3.062482565
230256,Lees-Melou,MID,5,NOR,,2.194072051,0,0,0,0,1.375806247,1.85719156,1.725518792,0,1.676033336,1.896360614,1.627164882,3.076856055,1.683641557,1.790048098,4.810157671,1.751740849
23008,Matic,MID,5,MUN,,3.141534508,0,0,0,0,0,0,0,0,0,0,1.061913643,0,0,0,0,0
226985,Mwepu,MID,5.5,BHA,,6.540733815,3.082114334,0,6.00379635,3.588305839,3.372225872,3.168416357,1.523012785,0,3.739393642,1.499510462,5.526436292,3.408126175,1.542279576,5.501747398,3.169222233,3.330329156
110898,Almiron,MID,5.6,NEW,,3.513266532,1.733947854,1.855289877,1.791593789,1.716849872,1.806480404,5.440871929,1.363267416,1.471361329,1.087841658,1.238144204,1.255643759,1.270689775,1.111865565,3.954857421,1.219204334,1.216147158
233400,Lokonga,MID,5,ARS,,0,3.614946299,1.674027703,0,2.884841644,0,2.720208939,2.780235269,2.58306123,2.626282436,2.796214378,4.922489705,2.70803356,2.551562674,5.614595517,5.149658285,2.866571444
23117,Milner,MID,5,LIV,,2.073783949,1.549175587,0,0,0,0,0,0,0,0,0,0,0,0,0,0,0
69539,Hudson-Odoi,MID,5.5,CHE,,4.351591715,2.039874507,0,0,2.110493767,0,2.23311563,2.548076837,0,2.510202766,2.237059882,2.093790404,4.342196927,4.113376455,4.217502643,2.104012212,2.665202702
176631,Ziyech,MID,7,CHE,,4.373948264,1.895131206,0,0,2.003214928,0,2.057175721,2.250063554,0,2.229683108,2.0159327,2.003963603,5.783854489,5.44238804,5.752048135,1.921501829,2.294812198
176648,K Phillips,MID,5,LEE,,0,0,0,0,0,0,0,4.453390894,2.407986354,2.646598124,2.515215249,0,2.435540967,4.662501575,2.328731779,2.607478968,2.451833123
184926,Tella,MID,5,SOU,,2.822121613,1.575501701,1.951923443,2.059488519,2.369009397,2.4896036,5.658488099,2.4485316,2.219293328,2.178736151,2.010208746,2.269647724,2.132399897,2.371947504,2.18448417,2.138117167,2.103865535
226789,Soumare,MID,5,LEI,,1.296380355,2.782296282,0,0,0,0,0,0,0,0,0,0,2.416419422,0,0,0,0
192215,S Baptiste,MID,4.5,BRE,,1.834159632,0,0,0,0,0,0,0,0,0,0,1.311044671,0,0,0,0,0
242878,Dewsbury-Hall,MID,4.5,LEI,,1.779712915,1.572330039,0,0,0,0,0,0,0,0,0,0,0,0,0,0,0
257177,Vlasic,MID,5.9,WHU,,3.140408697,1.419252109,2.443287499,2.521140407,2.924182607,2.778336848,2.309857814,2.813730067,0,2.873261026,2.617238892,2.969941438,2.316610523,2.722708378,5.370601135,2.408804171,2.514749465
35690,Milivojevic,MID,5.5,CRY,,1.802124874,1.692673061,0,0,3.166326462,2.349249215,2.065946511,1.964524234,2.13220925,2.173243413,2.026349197,2.092820195,2.309076659,2.077688214,2.380319188,2.056936184,2.147287687
144450,Gilmour,MID,4.5,NOR,,0,0,0,0,0,2.074628468,2.800526955,2.601972781,0,2.527351855,2.859591402,2.453661329,1.707501001,2.53882457,2.699278877,4.986409118,2.641513979
45069,Perez,MID,6,LEI,,0.78224315,0.646984694,0,2.260509278,2.175808144,0,2.491556504,2.294598663,0,2.362303526,2.704048591,5.163297225,1.561991053,4.846909135,4.662212673,5.325199717,2.684817899
23103,Schlupp,MID,5.5,CRY,,1.425428749,1.389073619,0,0,3.173605374,2.300306523,2.022905958,1.923596646,2.087788224,2.127967509,1.984133589,2.049219774,2.260970895,2.034403043,2.330729205,2.014083347,2.102552527
23326,Iwobi,MID,5.5,EVE,,1.900988966,1.948901312,1.72569078,1.607577476,1.468820568,1.426965842,1.414435948,4.311153381,1.511862024,1.437503609,1.520622952,1.604429917,4.114971038,1.477119396,4.280522582,1.61398631,1.420070095
242870,A Gordon,MID,4.5,EVE,,0,0,0,0,0,0,0,0,0,0,0,0,1.585101082,0,0,0,0
181309,van de Beek,MID,5.8,MUN,,4.42138053,3.078437769,2.977102898,3.143869733,2.932168727,3.365235018,2.446355449,2.993138315,0,3.076652923,2.883782418,6.329585193,2.737668103,3.192240925,5.231312504,2.800416252,2.873844528
255775,Lennon,MID,5,BUR,,0,1.821847865,0,0,1.661659015,0,0,1.770539651,0,0,0,0,0,1.753728867,0,1.673269667,0
240547,Bailey,MID,6.4,AVL,,4.258054552,7.591805522,4.224172107,3.413549583,7.197702572,2.768407415,2.782581868,2.217309015,3.518110586,1.952693038,3.48313762,3.151121114,3.193396807,4.252323937,3.497629138,3.753498282,0.896470336
137600,Trezeguet,MID,5.5,AVL,,3.545675889,6.503835305,3.361665949,2.728358644,7.177594173,2.620422989,2.909286538,2.604517139,2.799237358,2.642788316,2.78421931,2.617751282,2.599513868,3.103426991,2.754304249,2.928963155,2.22732117
252331,Tufan,MID,5.5,WAT,,2.888310292,1.382235995,0.788972346,0.981517279,3.69563556,0.928357881,1.011913157,3.554508204,2.030760472,0.89449265,2.062497429,2.04341374,0.874049135,2.097689649,0.974156253,1.026011587,0.899161929
160697,Bergwijn,MID,6,TOT,,4.519045233,2.672166663,2.523496592,5.647921735,1.227415454,1.421937028,2.706403999,1.329262072,0,2.760734316,1.385228557,2.581426426,1.419963369,2.606688037,5.396182275,6.131970452,2.623472333
139207,Neto,MID,6,WOL,,3.683365639,3.323273511,3.349188355,2.877094894,3.192841448,2.474142013,2.534182551,5.103271771,2.917536846,2.88592964,2.623628205,2.565785072,3.070890176,3.085110574,5.956144506,3.889518905,2.511043637
180321,Eze,MID,6,CRY,,1.090759792,1.024512642,0,0,2.495102285,1.909623631,1.679336637,1.596893968,1.733199332,1.766554587,1.647149348,1.701181328,1.876968746,1.688881063,1.93487934,1.672012453,1.745456073
23099,Albrighton,MID,5.5,LEI,,1.029267302,0.882251855,0,2.608279936,2.510547858,0,2.784680798,2.499212556,0,2.572954796,2.945173943,5.623718633,1.7806698,5.279117593,5.17351309,5.80005829,2.924228412
138306,Pepe,MID,7.5,ARS,,0,4.471383679,3.59492002,0,4.000592524,0,3.879164849,3.858032477,3.450282224,3.505996136,3.712209806,6.48604242,3.670509543,3.413434792,7.882546572,7.005119099,4.007838372
257277,Saul,MID,6,CHE,,4.103688586,2.44118596,0,0,2.580412449,0,2.649921267,2.898386951,0,2.872134174,2.596794664,2.581376845,5.280407602,5.02974496,5.320819125,2.475154899,2.956029272
192753,Placheta,MID,4.5,NOR,,0,0,0,0,0,0,0,0,0,0,0,0,0,0,0,0,0
154682,C Jones,MID,4.6,LIV,,0,0,0,0,0,0,0,0,0,0,0,0,0,0,0,0,0
225311,Sema,MID,5.4,WAT,,3.551967349,1.878127573,0.981908814,1.173702481,4.419256508,1.110134249,1.210049999,4.250495825,2.428391893,1.069638064,2.46634308,2.443522725,1.045191623,2.508426084,1.164900134,1.22690896,1.075221607
131369,El Ghazi,MID,5.8,EVE,,2.722506387,2.810340275,2.346981752,2.662601158,2.426963994,2.224986032,2.199200001,5.327596302,2.491045255,2.264555588,2.414442964,2.577625801,4.647186132,2.243208397,5.226599774,2.604120219,2.213616201
68289,Choudhury,MID,4.5,LEI,,0,0,0,0,0,0,0,0,0,0,0,0,0,0,0,0,0
192736,Rupp,MID,4.5,NOR,,0,0,0,0,0,0,0,0,0,0,0,0,1.392864939,0,0,0,0
184648,B Traore,MID,5.9,AVL,,3.545675889,7.546689714,4.130191642,3.465331945,7.848211892,3.354473536,3.801754251,3.37214632,3.641898913,3.378765454,3.618191072,3.373579005,3.370397009,4.130437207,3.596411508,3.82494468,2.938925006
257279,Kral,MID,5,WHU,,0,0,0,0,0,0,0,0,0,0,0,0,0,0,0,0,0
132429,Djenepo,MID,5.9,SOU,,2.803077802,0.566510905,0.542552383,1.618718735,2.669139238,2.923299193,5.19406069,2.888859746,2.469306796,2.432695242,1.635003934,2.490861529,1.667015515,2.644413031,2.378172247,1.673716136,1.674294248
92420,Gomes,MID,5,EVE,,1.900988966,1.948901312,1.98715908,2.181712289,1.993399343,1.936596499,1.919591644,3.917222388,2.051812746,1.950897755,2.063702577,2.177440602,4.738451499,2.004662037,3.867632005,2.190409992,1.927237986
274588,Patino,MID,4,ARS,,0,0,0,0,0,0,0,0,0,0,0,0,0,0,0,0,0
202398,Sanson,MID,5,AVL,,2.029285275,4.211283633,2.216289936,1.482171478,3.465548179,1.426665161,1.648543739,1.435302021,1.56957872,1.438589153,1.557884903,1.437125001,1.434381354,1.8106317,1.545931219,1.659927206,0
241953,Elliott,MID,5.5,LIV,,3.930060311,3.553708085,3.384954059,3.17501163,3.419168807,0,2.862848841,4.913348081,0,2.483707727,1.993814873,2.210494768,2.406034277,2.276812416,5.986749725,5.692872242,2.376908362
203010,Caicedo,MID,4.5,BHA,,0,0,0,0,0,0,0,0,0,0,0,0,0,0,0,0,0
23394,Loftus-Cheek,MID,5.5,CHE,,3.86300141,2.635244579,0,0,2.53259252,0,2.635808613,2.866586442,0,2.823978112,2.516692367,2.654100512,4.884971543,4.627548512,4.858563044,2.367013739,2.99835304
88575,Yarmolenko,MID,5.7,WHU,,2.897612192,2.344851311,3.264079393,2.855066289,3.311491561,3.146328483,2.615799247,3.186409547,0,3.253825401,2.96389305,3.363311165,2.623446354,3.083332004,6.081939034,2.727851081,2.847828864
23276,Noble,MID,4.5,WHU,,0,0,0,0,0,0,0,0,0,0,0,0,0,0,0,0,0
176664,T Roberts,MID,5.1,LEE,,1.740591973,3.566044124,0,0,0,0,0,0.926175167,0,0,0,0,0,0,0,0,0
225310,Louza,MID,5.5,WAT,,3.551967349,1.878127573,0.846968129,0.926607222,3.488886717,0.876421776,0.95530263,3.355654599,1.917151495,0.844451103,1.947112958,1.929096888,0.825151281,1.980336382,0.919658001,0.968612337,0.848859164
192730,Dowell,MID,5,NOR,,0,0,0,0,0,1.759187882,2.374715839,2.206351189,0,2.143076135,2.424799727,2.080590016,1.397954036,2.15280446,2.288862206,4.22824165,2.239880275
23058,Barkley,MID,5.5,CHE,,3.929647897,2.684045404,0,0,2.579492381,0,2.684619884,2.919671376,0,2.876274003,2.563297781,2.703250522,4.975433978,4.713243854,4.948536434,2.410847326,3.053878096
23324,Walcott,MID,5.9,SOU,,2.803077802,0.548886121,0.540829994,1.683038685,2.775197751,3.039456777,5.400447207,3.003648875,2.567424946,2.529358629,1.699970977,2.589836159,1.733254542,2.749489045,2.472669157,1.740221413,1.740822496
242906,Palmer,MID,4.5,MCI,,0,0,0,0,0,0,0,0,0,0,0,0,0,0,0,0,0
23177,Mata,MID,5,MUN,,0,0,0,0,0,0,0,0,0,0,0,0,0,0,0,0,0
259750,Summerville,MID,4.5,LEE,,0,0,0,0,0,0,0,0,0,0,0,0,0,0,0,0,0
219749,Elanga,MID,4.5,MUN,,0,0,0,0,0,0,0,0,0,0,0,0,0,0,0,0,0
225306,Baah,MID,4,WAT,,0,0,0,0,0,0,0,0,0,0,0,0,0,0,0,0,0
230251,Etebo,MID,4.5,WAT,,0,0,0,0,0,0,0,0,0,0,0,0,0,0,0,0,0
94552,N Mendy,MID,4.5,LEI,,0,0,0,0,0,0,0,0,0,0,0,0,0,0,0,0,0
138600,Nakamba,MID,4.5,AVL,,0,0,0,0,0,0,0,0,0,0,0,0,0,0,0,0,0
257281,Normann,MID,5,NOR,,0,0,0,0,0,2.074628468,2.800526955,2.601972781,0,2.527351855,2.859591402,2.453661329,1.707501001,2.53882457,2.699278877,4.986409118,2.641513979
272775,Sarmiento,MID,5.5,BHA,,6.540733815,3.082114334,0,6.353868064,3.474210373,3.29485421,3.115804811,2.94776668,0,3.596315686,2.902278314,5.765104288,3.327152897,2.985057244,5.757762178,3.104463053,3.25546257
24380,Pogba,MID,6.7,MUN,,3.958396056,2.740889768,2.650666177,2.799147175,2.610658998,2.99623995,2.17811472,2.664943324,0,2.739300629,2.567578206,5.635551729,2.437485197,2.842214507,4.657703677,2.493353067,2.558729997
271700,McAtee,MID,4,MCI,,0,0,0,0,0,0,0,0,0,0,0,0,0,0,0,0,0
274590,Vale,MID,4,CHE,,0,0,0,0,0,0,0,0,0,0,0,0,0,0,0,0,0
242984,Tzolis,MID,5,NOR,,0,0,0,0,0,1.734923221,2.341961138,2.175918758,0,2.113516464,2.391354213,2.051892223,1.38796865,2.123110605,2.257291693,4.169921076,2.208985374
274589,Simons,MID,4,CHE,,0,0,0,0,0,0,0,0,0,0,0,0,0,0,0,0,0
200376,Anderson,MID,4.5,NEW,,0,0,0,0,0,0,0,0,0,0,0,0,0,0,0,0,0
271701,Onyango,MID,4,EVE,,0,0,0,0,0,0,0,0,0,0,0,0,0,0,0,0,0
273728,McAteer,MID,4,LEI,,0,0,0,0,0,0,0,0,0,0,0,0,0,0,0,0,0
271705,McKinstry,MID,4,LEE,,0,0,0,0,0,0,0,0,0,0,0,0,0,0,0,0,0
147612,Alzate,MID,5,BHA,,4.829308802,2.402317738,0,5.93730252,3.264230393,3.134258664,2.982843463,2.858541744,0,3.346569527,2.81051228,5.469168629,3.162312795,2.906408134,5.497000559,2.952293845,3.097131862
202382,Watts,MID,4.5,SOU,,0,0,0,0,0,0,0,0,0,0,0,0,0,0,0,0,0
183359,Elneny,MID,4.5,ARS,,0,0,0,0,0,0,0,0,0,0,0,0,0,0,0,0,0
192202,Dasilva,MID,5.5,BRE,,5.639140315,3.193241782,1.209731104,3.164590522,2.619382082,3.119613501,2.887653845,3.039991957,0,2.232084624,2.802758752,5.294317644,2.703387434,2.407578694,2.869773372,2.598995974,2.999170992
223579,Bidstrup,MID,4.5,BRE,,0,0,0,0,0,0,0,0,0,0,0,0,0,0,0,0,0
187324,I Diallo,MID,4.4,SOU,,0,0,0,0,0,0,0,0,0,0,0,0,0,0,0,0,0
23192,Lingard,MID,6.4,MUN,,3.958396056,2.740889768,2.650666177,2.799147175,2.610658998,2.99623995,2.17811472,2.664943324,0,2.739300629,2.567578206,5.635551729,2.437485197,2.842214507,4.657703677,2.493353067,2.558729997
271609,Morton,MID,4.5,LIV,,0,0,0,0,0,0,0,0,0,0,0,0,0,0,0,0,0
23353,Gosling,MID,4.5,WAT,,0,0,0,0,0,0,0,0,0,0,0,0,0,0,0,0,0
25871,Winks,MID,4.5,TOT,,0,0,0,0,0,0,0,0,0,0,0,0,0,0,0,0,0
242868,Philogene-Bidace,MID,4.5,AVL,,0,0,0,0,0,0,0,0,0,0,0,0,0,0,0,0,0
179115,Hendrick,MID,5,NEW,,0,0,0,0,0,0,0,0,0,0,0,0,0,0,0,0,0
95817,S Longstaff,MID,5,NEW,,0,0,0,0,0,0,0,0,0,0,0,0,0,0,0,0,0
246493,Rak-Sakyi,MID,4.5,CRY,,0,0,0,0,0,0,0,0,0,0,0,0,0,0,0,0,0
162785,Smallbone,MID,4.5,SOU,,0,0,0,0,0,0,0,0,0,0,0,0,0,0,0,0,0
45097,Riedewald,MID,5,CRY,,0,0,0,0,4.148979502,2.789733443,2.453311482,2.332872528,2.531998484,2.580726553,2.406289672,2.485223981,2.742028533,2.467254754,2.826629036,2.442611718,2.549904129
34400,T Davies,MID,5,EVE,,2.89001701,3.046271704,2.622488024,2.712512022,2.451652065,2.381791097,2.360877079,4.817733282,2.523493837,2.399379997,2.538116963,2.67800166,4.971533159,2.465503884,4.756742811,2.693952519,2.370281201
192199,Fosu,MID,5.5,BRE,,5.639140315,3.193241782,1.209731104,3.169251185,2.657138941,3.219441133,3.033494948,3.23612047,0,2.354489265,2.956458426,5.584651192,2.851637712,2.539607203,3.027148041,2.74152156,3.16364166
45021,D Stephens,MID,4.5,BUR,,0,0,0,0,0,0,0,0,0,0,0,0,0,0,0,0,0
221680,Chukwuemeka,MID,4.5,AVL,,0,0,0,0,0,0,0,0,0,0,0,0,0,0,0,0,0
45098,Hayden,MID,5,NEW,,0,0,0,0,0,0,0,0,0,0,0,0,0,0,1.259320002,0,0
234779,Bryan Gil,MID,5.7,TOT,,3.726270395,2.804630439,3.312803169,6.070622722,2.673739034,3.09747488,3.340762239,2.895596496,0,3.399036102,3.017511026,3.254279086,3.093175562,3.23573315,5.791808723,6.362412977,3.23990334
23310,Fernandinho,MID,5,MCI,,0,0,0,0,0,0,0,0,0,0,0,0,0,0,0,0,0
192216,Ghoddos,MID,5,BRE,,4.613069261,2.924442563,2.19206237,2.761485134,2.400400608,2.836480035,2.70394648,2.929086618,0,2.310963258,2.75017811,5.112045788,2.681153628,2.420365782,2.812225403,2.5695892,2.882526709
139205,Gbamin,MID,4.5,EVE,,0,0,0,0,0,0,0,0,0,0,0,0,0,0,0,0,0
278691,Kayembe,MID,4.5,WAT,,0,0,0,0,0,0,0,0,0,0,0,0,0,0,0,0,0
132450,Ndombele,MID,6,TOT,,4.162278504,2.464331478,3.046548612,5.189847966,1.348351977,1.562039647,2.973064393,1.460233482,0,3.032747844,1.521714312,2.835772854,1.559871524,2.863523476,4.972989089,5.569339546,2.881961518
230249,Olise,MID,5.5,CRY,,0,0,0,0,4.027088573,2.129007101,1.872264025,1.780350087,1.932314633,1.969501843,1.83637896,1.896618302,2.092600722,1.882904944,2.157164264,1.864098416,1.945979467
176654,Shackleton,MID,4.5,LEE,,0,0,0,0,0,0,0,0,0,0,0,0,0,0,0,0,0
23162,Delph,MID,4.5,EVE,,0,0,0,0,0,0,0,0,0,0,0,0,0,0,0,0,0
233401,Onyeka,MID,5,BRE,,5.228088091,3.24832529,2.06033485,1.906315544,1.680426636,1.985708798,1.908213659,2.065098176,0,1.629301768,1.938962051,4.840906565,1.890297621,1.706433988,1.982707344,1.811641191,2.032271975
183114,Watkins,FWD,7.6,AVL,,4.593108517,8.539855283,5.001179178,4.170041118,9.67034432,3.776326597,4.527859908,3.999914644,4.3351897,3.764853689,4.297542822,3.987735961,4.024790504,5.153852463,4.302398973,4.52845469,3.24327428
23474,Kane,FWD,11.3,TOT,,5.06618637,4.007703952,5.503930543,9.303604198,3.735405415,5.226315369,5.660081425,4.571818754,0,5.742047318,4.796236309,5.068179886,4.89657225,5.493630754,9.455034201,10.89887529,5.528287279
254679,Ronaldo,FWD,11.3,MUN,,7.17088435,5.227902939,4.95241987,5.277321788,4.975330527,6.063676766,3.682949693,5.000835386,0,5.26457199,4.736935224,10.79556004,4.443023772,5.350438463,8.258295298,4.40211855,4.630780592
40266,Calvert-Lewin,FWD,8.1,EVE,,5.389785425,5.641405611,5.19597984,6.145003454,5.016400356,4.400820776,4.771843537,10.34773813,5.710573768,4.972305651,5.378852776,5.67912372,9.813838015,4.722993078,10.63186452,5.75867769,4.811653322
176665,Bamford,FWD,7.5,LEE,,3.769700886,9.316531112,4.028149215,4.101364182,4.260852783,4.259363834,3.957824315,8.61930348,3.687786659,4.498886078,4.517656634,0,3.967553891,7.230494817,3.804790049,4.168649891,4.018501652
23364,King,FWD,5.8,WAT,,6.406065758,5.161012849,4.090406333,4.367954322,8.523768426,3.88766036,4.352171932,7.764137932,4.573730233,3.610427096,4.809396984,4.513550484,3.307523807,4.788859406,3.989690413,4.451491705,3.480021625
23550,Antonio,FWD,7.5,WHU,,5.345095742,4.452656974,6.098272214,4.678475391,5.499204653,4.876924906,4.147037189,5.254241276,0,5.425707519,4.750698219,5.70097637,3.958012348,5.050827314,9.533847406,4.081106127,4.371152828
23134,Ings,FWD,7.8,AVL,,4.670639966,8.331622443,4.865516273,4.162559324,9.485919593,3.751620281,4.452378626,3.95225975,4.278941614,3.741217321,4.245133685,3.966193479,3.974486718,5.014882314,4.224204721,4.452828611,3.271642027
57345,Wood,FWD,6,NEW,,5.443487677,4.608879694,4.940959422,4.803588539,4.288963411,4.106481284,7.764549873,2.675539045,3.512837141,2.822157433,3.089663133,3.317825996,3.313535588,2.941749125,6.252901797,3.18865898,3.145149334
23119,Firmino,FWD,7.4,LIV,,4.751328029,4.566897626,4.101124636,3.423832798,4.098392238,0,3.534042531,6.696157224,0,4.124304485,2.528204952,3.177370684,3.662236386,3.313031748,6.602080565,6.144104969,3.287223941
88528,Jimenez,FWD,7.2,WOL,,4.213025187,3.917056349,4.139748009,3.583425272,4.114468433,3.620606128,4.175751088,8.577454934,4.470559569,4.181245973,3.814197774,3.413571349,3.897392577,3.888011705,6.766211044,4.566627871,3.387103787
139797,Maupay,FWD,5.9,BHA,,5.859779883,2.981685848,0,6.441562199,3.570594303,3.3424193,3.091147038,3.017914085,0,3.756358916,2.904903663,5.698732804,3.360579426,2.834109381,5.647837369,3.185810002,3.33425292
192217,Toney,FWD,6.2,BRE,,6.410905221,3.835849254,3.041333517,4.083295086,3.513131031,4.20899549,4.005424077,4.329597185,0,3.190391043,4.052150461,7.441545522,3.911623718,3.491506868,4.083121008,3.695692306,4.347069325
242879,A Armstrong,FWD,6.4,SOU,,3.386525092,3.300150491,3.52737673,3.528347283,4.174885238,4.590140179,7.886733822,4.614181266,3.894157153,3.909273172,3.531775319,3.930965779,3.471107264,4.086758497,3.717795377,3.650722885,3.670440462
45474,Richarlison,FWD,6.9,EVE,,2.860800185,3.763981876,3.477129117,4.06808391,3.368582071,3.012582133,3.220148846,6.752427061,3.788252973,3.341432395,3.604521919,3.786458007,6.009189262,3.207597135,6.917241841,3.834558564,3.24418543
225321,Dennis,FWD,5.6,WAT,,4.922806459,4.027224453,3.14708387,3.350762073,6.390140822,2.489657278,2.771947537,5.179061889,2.602963234,1.892155218,2.911851717,2.433766585,1.71997082,2.898962379,2.108450467,2.398345741,1.818307686
32986,Jesus,FWD,8.7,MCI,,3.134193294,3.550615063,3.961692054,3.726810503,3.480365334,3.346095859,3.481757306,3.26530556,0,3.510088687,3.198044724,3.019355966,4.289227519,3.527534694,6.97116658,3.23438002,3.664618489
132437,Adams,FWD,6.6,SOU,,3.668934662,3.482495123,3.745912232,3.747000974,4.449930075,4.909227024,8.297389918,4.935835129,4.151563892,4.168313628,3.928742124,4.180175393,3.683645652,4.352449983,3.956494511,3.870313822,3.904167121
240869,Lukaku,FWD,10.3,CHE,,6.171278991,4.517983104,0,0,3.679593026,0,4.542442575,4.996405905,0,4.866936066,3.679329361,4.563060881,8.694199316,8.10064452,8.349319176,3.490655959,5.579243266
192758,Pukki,FWD,6,NOR,,4.057797384,3.984612331,3.977394002,3.302855604,3.31502143,3.61941299,4.019021112,3.817220241,0,3.442190694,4.205800501,3.490927356,7.445166505,3.603319428,3.948100585,6.942712743,3.817623263
225294,Daka,FWD,7,LEI,,4.044338506,4.216937919,2.514180241,2.493446152,1.998090689,0,2.69684203,1.917800024,0,1.430809562,1.575496224,2.149929267,3.107245936,1.855642871,2.730724024,2.340986355,0
45079,Lacazette,FWD,7.7,ARS,,0,4.698318839,2.939887986,0,3.317209212,0,3.285850264,3.265281534,2.885644225,2.902672335,3.043056086,5.254435185,3.107307674,2.87799537,6.353552596,5.724034136,3.352509248
257274,Edouard,FWD,5.9,CRY,,3.599306594,3.800281237,2.954445134,2.600407071,5.317804053,3.079123812,2.408953572,2.290951598,2.653532116,2.762880568,2.564818922,2.624120153,3.093283701,2.570660805,3.27379475,2.55663959,2.741140348
179153,Rodrigo,FWD,6,LEE,,1.392229287,4.81867246,1.998250466,1.802472235,1.659757269,1.659261849,1.524458133,3.340178008,1.415800402,1.756254982,1.750522912,0,1.528613919,2.839563172,1.462742519,1.623009826,1.549156562
137599,Joelinton,FWD,5.8,NEW,,2.957977779,2.633527698,2.813174909,2.758758976,2.507436403,2.272693608,3.579829593,0,1.923688479,1.674448627,1.82285169,1.919044408,1.88320908,1.758708259,2.960024772,1.864292414,1.811747508
164449,Joao Pedro,FWD,5.4,WAT,,3.750447405,2.91728162,2.267733656,2.101104931,4.014086127,0,0,2.514797273,0,0,1.066763436,0,0,1.062340151,0,0,0
230257,Cucho,FWD,4.9,WAT,,2.470584198,2.10767304,1.501668181,1.327812173,2.301886692,0,0,0.921990485,0,0,0,0,0,0,0,0,0
23118,Benteke,FWD,5.9,CRY,,2.739756278,2.904449209,1.882063782,1.314065652,4.465330652,2.41688577,1.241086811,1.206703692,1.334480606,1.387148937,1.300282599,1.32310844,2.428266789,1.302689697,2.573946617,1.297317202,1.378856116
92351,Vydra,FWD,5.4,BUR,,0,2.837868637,2.62059367,1.083534172,3.998231512,0.5833976,0.56359036,4.444296348,1.414007713,0.529445779,1.407335891,0.578596452,0.618602948,4.598358986,0.660635429,4.196742989,1.474506445
176630,Werner,FWD,8.4,CHE,,2.335271643,2.103320186,0,0,0,0,2.126021321,2.362841936,0,2.292574017,0,2.127743781,3.361083036,3.112663695,3.206045289,0,2.678966453
35701,Ayew,FWD,5.8,CRY,,0,0,0,2.015293511,4.00006624,2.312719558,1.903370804,1.850639743,2.046602543,2.127376397,1.994155376,2.029161823,2.32085967,1.99784698,2.426603542,1.989607548,2.114658258
23170,Iheanacho,FWD,7.2,LEI,,4.044338506,4.216937919,1.693763531,3.818946847,3.107940107,0,4.138204482,3.058240463,0,2.31454987,2.626573526,3.940511506,3.554094083,3.541996037,4.798129658,4.404938191,1.464193747
77663,Aubameyang,FWD,9.1,ARS,,0,4.368612254,1.949609927,0,4.354637437,0,4.313676467,4.28225712,3.75585546,3.779590463,3.972513189,6.057734526,4.062067758,3.745192883,7.390555462,6.626885837,4.403839776
187803,Cavani,FWD,7.8,MUN,,2.411664593,0,0,0,0,0,0,0,0,0,0,1.059446918,0,0,0,0,0
134602,Jay Rodriguez,FWD,5.3,BUR,,0,1.901176172,1.64564738,0,3.255921829,0.87972654,0.84985848,3.755577456,1.002184979,0.79837062,0.985136057,0.872486713,0.93281397,3.875162532,0.996196282,3.563116934,1.037549253
23290,A Barnes,FWD,5.2,BUR,,0,0,0,0,2.52176424,1.326571766,1.281532628,3.180748787,1.511231318,1.203892204,1.485522625,1.315654567,1.40662424,3.28808415,1.502200743,3.008201956,1.564558397
23331,Welbeck,FWD,6,BHA,,5.676658263,2.157798969,0,6.186427562,2.583982719,2.418856072,2.237014304,2.184016772,0,2.718417636,2.102232914,5.444889871,2.431998269,2.05100021,5.383294067,2.305520396,2.412946192
23360,Wilson,FWD,7.6,NEW,,5.443487677,4.608879694,4.940959422,4.635041573,3.807395589,2.963390588,7.330332507,3.17330099,4.239982406,3.667732407,4.012812079,4.30047079,4.286851021,3.826765155,7.080817574,4.137694595,4.074671635
242865,Sargent,FWD,5.4,NOR,,2.113326411,1.619014626,1.618485003,1.359063045,1.361268993,1.478947338,1.634456628,1.55472651,0,1.410959291,1.706108029,1.429454873,3.247442636,1.472756958,1.607083324,3.0561265,1.557020847
257178,Hwang,FWD,6,WOL,,0,0,0,0,0,0,1.653942928,4.501458729,2.538564028,2.311317843,2.017328799,1.716528619,1.996020853,1.98078086,3.462009303,2.358523767,1.711718251
242869,Broja,FWD,5.2,SOU,,0,0,0,0,0,0,1.891366917,0,0,0,0,0,0,0,0,0,0
76982,Nketiah,FWD,6,ARS,,0,0,0,0,0,0,0,0,0,0,0,0,0,0,0,0,0
201968,Mateta,FWD,5.5,CRY,,0,0,0,0,0,0,0,0,0,0,0,0,0,0,0,0,0
257278,Rondon,FWD,5.5,EVE,,0,0,0,0,0,0,0,0,0,0,0,0,0,0,0,0,0
23097,Vardy,FWD,9.5,LEI,,4.044338506,4.216937919,1.693763531,3.818946847,3.107940107,0,3.688083995,2.328555019,0,3.774351992,4.625372098,8.282462145,8.883449896,7.854380201,6.054432163,9.361618777,4.669359108
102349,Origi,FWD,5,LIV,,0,0,0,0,0,0,0,0,0,0,0,0,0,0,0,0,0
23178,Martial,FWD,7.8,MUN,,0,0,0,0,0,0,0,0,0,0,0,0,0,0,0,0,0
182752,F Silva,FWD,5.8,WOL,,0,0,0,0,0,0,0,0,0,0,0,0,0,0,0,0,0
274591,Soonsup-Bell,FWD,4,CHE,,0,0,0,0,0,0,0,0,0,0,0,0,0,0,0,0,0
273794,Simms,FWD,4,EVE,,0,0,0,0,0,0,0,0,0,0,0,0,0,0,0,0,0
203938,Scarlett,FWD,4.5,TOT,,0,0,0,0,0,0,0,0,0,0,0,0,0,0,0,0,0
259614,Munoz,FWD,4,NEW,,0,0,0,0,0,0,0,0,0,0,0,0,0,0,0,0,0
242907,Edozie,FWD,4.5,MCI,,0,0,0,0,0,0,0,0,0,0,0,0,0,0,0,0,0
265469,Tosun,FWD,5.5,EVE,,0,0,0,0,0,0,0,0,0,0,0,0,0,0,0,0,0
225304,Fletcher,FWD,5,WAT,,2.462890712,2.09842886,1.495081917,1.321988435,2.291790697,0,0,0.917946667,0,0,0,0,0,0,0,0,0
242871,S Long,FWD,5,SOU,,0,0,0,0,0,0,0,0,0,0,0,0,0,0,0,0,0
259613,Gelhardt,FWD,4,LEE,,0,0,0,0,0,0,0,0,0,0,0,0,0,0,0,0,0
249318,S Greenwood,FWD,5,LEE,,0,0,0,0,0,0,0,0,0,0,0,0,0,0,0,0,0
260243,Dobbin,FWD,4,EVE,,0,0,0,0,0,0,0,0,0,0,0,0,0,0,0,0,0
260240,Archer,FWD,4,AVL,,0,0,0,0,0,0,0,0,0,0,0,0,0,0,0,0,0
131312,Gayle,FWD,6,NEW,,2.874081918,2.556523964,2.730918333,2.678093509,2.434119549,2.206240578,3.475156213,0,1.867440278,1.625488141,1.769551933,1.862931998,1.828144487,1.707284041,2.873474341,1.80978094,1.758772435
192218,Forss,FWD,5,BRE,,0,0,0,0,0,0,0,0,0,0,0,0,0,0,0,0,0
192765,Idah,FWD,5,NOR,,0,0,0,0,0,0,0,0,0,0,0,0,0,0,0,0,0
