ID,Name,Pos,Price,Team,xPts GW36-38,xPts +2 per sub,xPts +2 per sub with 0.86 decay,GW xMins,36,37,38,xPts if play,36,37,38,Probability to play,36,37,38,xPts,36,37,38
131313,Martinez,GK,5.5,AVL,20.82221251,20.83991262,18.58208401,,175.6180952,175.6180952,87.80904762,,8.088896396,8.826708069,3.942246,,0.999917079,0.999917079,0.991315789,,8.088225657,8.82597615,3.908010706
23433,Pickford,GK,4.9,EVE,19.52635938,19.54405948,17.43462254,,175.6180952,175.6180952,87.80904762,,7.615755887,8.279711519,3.66402924,,0.999917079,0.999917079,0.991315789,,7.615124381,8.279024958,3.632210039
23397,Schmeichel,GK,5,LEI,19.17203223,19.18973233,17.20005589,,175.6180952,175.6180952,87.80904762,,8.284836436,7.061002327,3.860995656,,0.999917079,0.999917079,0.991315789,,8.284149449,7.060416822,3.827465957
45113,Ederson,GK,6.3,MCI,18.93431021,18.96921289,17.09410344,,175.6180952,87.80904762,87.80904762,,9.700699978,4.494902043,4.820408696,,0.999917079,0.991315789,0.991315789,,9.699895586,4.455867367,4.778547252
90826,Alisson,GK,6.7,LIV,18.60320914,18.65622135,16.68970649,,174.8571429,87.42857143,87.42857143,,8.968088438,4.65806656,5.107251957,,0.999809683,0.986842105,0.986842105,,8.966381654,4.596776211,5.040051273
185291,E Mendy,GK,6,CHE,18.03826113,18.14504581,16.29302195,,172.6190476,86.30952381,86.30952381,,9.004791453,4.462527958,4.822125201,,0.999239237,0.973684211,0.973684211,,8.997940946,4.345093012,4.69522717
140080,Ramsdale,GK,5.2,ARS,17.68293574,17.71783842,15.88093565,,175.6180952,87.80904762,87.80904762,,8.625500993,4.430450037,4.707051935,,0.999917079,0.991315789,0.991315789,,8.624785759,4.391975076,4.666174905
23259,Lloris,GK,5.6,TOT,16.64278987,16.67769255,14.86456572,,175.6180952,87.80904762,87.80904762,,7.626205676,4.540348602,4.555861365,,0.999917079,0.991315789,0.991315789,,7.625573304,4.500919259,4.516297306
231959,Sa,GK,5,WOL,16.26069087,16.29559355,14.63643882,,175.6180952,87.80904762,87.80904762,,7.759474525,4.706016465,3.870322029,,0.999917079,0.991315789,0.991315789,,7.758831102,4.665148428,3.836711338
24087,Pope,GK,5.5,BUR,15.45717001,15.51018222,13.40158309,,87.42857143,174.8571429,87.42857143,,4.06844441,7.292672853,4.206319137,,0.986842105,0.999809683,0.986842105,,4.014912247,7.29128493,4.150972832
176642,Meslier,GK,5,LEE,15.22998018,15.26488286,13.69095211,,175.6180952,87.80904762,87.80904762,,7.335376364,4.096511694,3.867864701,,0.999917079,0.991315789,0.991315789,,7.334768107,4.060936724,3.834275349
88473,Guaita,GK,4.7,CRY,15.09692239,15.25823826,13.27181262,,85.19047619,170.3809524,85.19047619,,4.320268547,7.365253958,3.74225619,,0.960526316,0.998289435,0.960526316,,4.149731631,7.352655211,3.594535551
192741,Krul,GK,4.6,NOR,12.18438676,12.3237992,11.09790245,,170.402381,85.20119048,85.20119048,,6.073588718,3.395079528,2.940259388,,0.998714829,0.965789474,0.965789474,,6.065783118,3.27893207,2.839671567
192988,R Sanchez,GK,4.7,BHA,12.11467446,12.16677972,10.51555836,,87.80904762,87.80904762,87.80904762,,3.971137033,4.065960001,4.183705444,,0.991315789,0.991315789,0.991315789,,3.936650843,4.030650348,4.147373265
192208,Raya,GK,4.6,BRE,12.11391602,12.16602128,10.53763732,,87.80904762,87.80904762,87.80904762,,4.109792491,3.955763582,4.154481326,,0.991315789,0.991315789,0.991315789,,4.074102188,3.921410898,4.118402936
23448,Fabianski,GK,5,WHU,11.29444951,11.53129161,10.03518998,,85.19047619,85.19047619,85.19047619,,4.296103525,3.47640948,3.986091959,,0.960526316,0.960526316,0.960526316,,4.126520491,3.33918279,3.828746224
23517,Foster,GK,4.2,WAT,11.01168096,11.34112688,10.28132449,,162.8333333,81.41666667,81.41666667,,5.937231788,3.024147522,2.529270118,,0.993171773,0.921052632,0.921052632,,5.896691024,2.785399033,2.329590898
77662,Dubravka,GK,4.9,NEW,10.98850457,11.06745194,9.515588106,,87.42857143,87.42857143,87.42857143,,3.377089263,3.806367224,3.951561482,,0.986842105,0.986842105,0.986842105,,3.332653878,3.756283445,3.899567252
23173,de Gea,GK,5.1,MUN,8.463481057,10.51611264,9.136634335,,87.42857143,0,87.42857143,,4.324430345,0.00127,4.251897127,,0.986842105,0,0.986842105,,4.267529945,0,4.195951112
178022,Forster,GK,4.6,SOU,7.706895337,9.259526916,8.120717864,,77.67857143,65.25,51.17857143,,3.731950719,3.253374087,3.338689433,,0.881578947,0.75,0.592105263,,3.290009187,2.440030565,1.976855585
23024,McCarthy,GK,4.7,SOU,2.557313357,6.92573441,5.961404881,,11.84210526,23.94736842,38.54761905,,3.42186079,2.909420506,3.18589991,,0.131578947,0.263157895,0.421052632,,0.450244841,0.765636975,1.341431541
225305,Bachmann,GK,4.4,WAT,1.232478498,6.509016287,5.668703993,,16.35789474,8.178947368,8.178947368,,3.830875046,3.144690352,2.94295423,,0.166994264,0.097368421,0.097368421,,0.639734157,0.306193534,0.286550807
92390,Kepa,GK,5,CHE,0.72331673,6.392250898,5.553741136,,6.978947368,3.489473684,3.489473684,,4.737049554,3.897929964,4.21664325,,0.076059232,0.044736842,0.044736842,,0.360296349,0.174381077,0.188639303
189710,Butland,GK,4.5,CRY,0.81636823,6.38695853,5.537456857,,4.631578947,9.263157895,4.631578947,,3.847762414,4.032497712,3.363466539,,0.057894737,0.098915376,0.057894737,,0.222765192,0.398876027,0.19472701
183126,Areola,GK,5,WHU,0.600326825,6.284537351,5.44776656,,4.526315789,4.526315789,4.526315789,,4.114610095,3.442587132,3.849012442,,0.052631579,0.052631579,0.052631579,,0.216558426,0.181188796,0.202579602
140028,Kelleher,GK,4.5,LIV,0.438493342,6.24497924,5.419341175,,4.210526316,2.105263158,2.105263158,,4.804574904,4.123833308,4.482756584,,0.044125472,0.026315789,0.026315789,,0.212004134,0.108521929,0.117967279
193308,Steffen,GK,4.5,MCI,0.352130067,6.178217627,5.36165051,,3.315789474,1.657894737,1.657894737,,4.556087831,3.504747179,3.747535058,,0.039587799,0.023684211,0.023684211,,0.180365487,0.08300717,0.088757409
225320,Gunn,GK,4,NOR,0.565509441,6.175431749,5.361254179,,8.526315789,4.263157895,4.263157895,,3.131700027,2.922926455,2.479892969,,0.089775688,0.052631579,0.052631579,,0.281150524,0.153838234,0.130520683
88472,Leno,GK,5,ARS,0.35578956,6.162275459,5.345502119,,3.684210526,1.842105263,1.842105263,,3.909726796,3.369738336,3.594560466,,0.044125472,0.026315789,0.026315789,,0.172518539,0.088677325,0.094593696
234801,Gollini,GK,5,TOT,0.325076247,6.151163808,5.334570498,,3.315789474,1.657894737,1.657894737,,3.829889009,3.650326807,3.673513352,,0.039587799,0.023684211,0.023684211,,0.151616875,0.086455109,0.087004264
233402,Hennessey,GK,4.5,BUR,0.378143147,6.145375072,5.324319271,,2.368421053,4.736842105,2.368421053,,3.157212905,3.261451903,3.320160766,,0.031578947,0.053226143,0.031578947,,0.09970146,0.173594504,0.104847182
233403,Begovic,GK,4.5,EVE,0.347445155,6.14172554,5.327050614,,3.315789474,3.315789474,1.657894737,,3.417632548,3.765810643,2.66289026,,0.039587799,0.039587799,0.023684211,,0.135296549,0.149080153,0.063068454
90843,D Ward,GK,4,LEI,0.345905973,6.140186358,5.327284363,,3.315789474,3.315789474,1.657894737,,3.839267716,3.141778949,2.936205276,,0.039587799,0.039587799,0.023684211,,0.151988157,0.124376112,0.069541704
45019,Darlow,GK,4.5,NEW,0.304586412,6.115112727,5.297714958,,2.273684211,2.273684211,2.273684211,,3.045343407,3.257608661,3.342284302,,0.031578947,0.031578947,0.031578947,,0.096168739,0.102871852,0.10554582
236836,Klaesson,GK,4.5,LEE,0.308203619,6.114689518,5.303056229,,3.684210526,1.842105263,1.842105263,,3.337538169,3.156154187,2.959306392,,0.044125472,0.026315789,0.026315789,,0.147270446,0.083056689,0.077876484
88503,Ruddy,GK,4,WOL,0.292222861,6.09870876,5.289561657,,3.684210526,1.842105263,1.842105263,,3.103052276,3.477797959,2.423572246,,0.044125472,0.026315789,0.026315789,,0.136923645,0.091520999,0.063778217
197282,Steele,GK,4,BHA,0.248421977,6.09052724,5.27704412,,1.842105263,1.842105263,1.842105263,,3.064924688,3.133888647,3.241221801,,0.026315789,0.026315789,0.026315789,,0.080655913,0.082470754,0.085295311
137863,D Henderson,GK,5,MUN,0.20786668,6.081550891,5.270321765,,2.210526316,0,2.210526316,,3.314182041,0.00128,3.268262836,,0.031578947,0,0.031578947,,0.10465838,0,0.1032083
274828,Lossl,GK,4.5,BRE,0.225958564,6.068063827,5.258164532,,1.842105263,1.842105263,1.842105263,,2.902365378,2.77039878,2.913661287,,0.026315789,0.026315789,0.026315789,,0.076378036,0.072905231,0.076675297
139990,Carson,GK,4.5,MCI,0.038363032,6.01967539,5.217205928,,0.368421053,0.184210526,0.184210526,,4.828603094,3.414971496,3.675497546,,0.004080663,0.002631579,0.002631579,,0.019703903,0.008986767,0.009672362
237977,Bettinelli,GK,4,CHE,0.038228545,6.019540902,5.216968974,,0.368421053,0.184210526,0.184210526,,4.6723358,3.505122725,3.776557224,,0.004080663,0.002631579,0.002631579,,0.019066229,0.009224007,0.009938308
23079,Jakupovic,GK,4,LEI,0.037341266,6.015755455,5.213642023,,0.368421053,0.368421053,0.184210526,,4.035647025,3.274547906,2.854112525,,0.004080663,0.004080663,0.002631579,,0.016468117,0.013362327,0.007510822
221679,Norris,GK,4.5,BUR,0.032231952,6.01354431,5.210874329,,0.184210526,0.368421053,0.184210526,,3.181298867,3.724886015,3.290840869,,0.002631579,0.004080663,0.002631579,,0.008371839,0.015200006,0.008660108
251271,A Fernandez L,GK,4.6,BRE,0.02666836,6.010878886,5.208615198,,0.184210526,0.184210526,0.184210526,,3.399645734,3.294172041,3.440158884,,0.002631579,0.002631579,0.002631579,,0.008946436,0.008668874,0.00905305
158282,Randolph,GK,4,WHU,0.021800756,6.00759023,5.205858771,,0.165789474,0.165789474,0.165789474,,3.364370076,2.713919413,3.126474235,,0.002368421,0.002368421,0.002368421,,0.007968245,0.006427704,0.007404807
176811,Heaton,GK,4.5,MUN,0.016651107,6.006124791,5.204540445,,0.184210526,0,0.184210526,,3.182829429,0.001524,3.14459124,,0.002631579,0,0.002631579,,0.008375867,0,0.00827524
192713,McGovern,GK,4,NOR,0.024525756,6.005838114,5.204739565,,0.368421053,0.184210526,0.184210526,,2.986632848,2.546945163,2.141613729,,0.004080663,0.002631579,0.002631579,,0.012187443,0.006702487,0.005635826
23157,Caballero,GK,4,SOU,0.034131693,6.002552745,5.201590919,,0.368421053,0.368421053,0.368421053,,2.43119132,1.861049527,2.192780757,,0.005263158,0.005263158,0.005263158,,0.012795744,0.009794998,0.011540951
23273,Adrian,GK,4.5,LIV,0.003824173,6.002014469,5.201023049,,0.036842105,0.018421053,0.018421053,,4.869713554,3.586813131,3.940268323,,0.000378536,0.000263158,0.000263158,,0.001843362,0.000943898,0.001036913
190419,Gillespie,GK,4,NEW,0.002466872,6.000887925,5.199958045,,0.018421053,0.018421053,0.018421053,,2.937509506,3.170678362,3.265927344,,0.000263158,0.000263158,0.000263158,,0.000773029,0.000834389,0.000859455
273452,H Lewis,GK,4,SOU,0.011178159,5.995388686,5.195235445,,0.065789474,0.065789474,0.065789474,,1.511058755,1.308887301,1.427754517,,0.002631579,0.002631579,0.002631579,,0.00397647,0.00344444,0.003757249
28906,Trent,DEF,8.4,LIV,19.63708937,19.77650182,17.57997994,,164.2857143,82.14285714,82.14285714,,9.101576362,4.96527513,5.955541861,,0.998714829,0.965789474,0.965789474,,9.08987928,4.795410454,5.751799639
139835,Cancelo,DEF,7,MCI,18.7266304,18.94323461,17.07472248,,163,81.5,81.5,,9.830321742,4.366117518,5.055963955,,0.996961057,0.947368421,0.947368421,,9.800447956,4.136321859,4.789860589
77347,Laporte,DEF,6.3,MCI,16.48090439,17.12460542,15.47763106,,158.6666667,72.07142857,72.07142857,,9.093442912,4.117930912,4.720129527,,0.993938959,0.842105263,0.842105263,,9.038327179,3.467731294,3.974845918
45120,Robertson,DEF,8.2,LIV,16.71235361,16.92895781,15.03483189,,161.2857143,80.64285714,80.64285714,,7.749943838,4.278031572,5.207149918,,0.996961057,0.947368421,0.947368421,,7.726392202,4.052872016,4.933089396
45074,Rudiger,DEF,5.6,CHE,16.54216481,16.86705859,15.08288565,,162.5238095,80.16666667,80.16666667,,8.152628903,4.268437316,4.880494696,,0.995447849,0.921052632,0.921052632,,8.115516905,3.931455422,4.495192483
186737,Dias,DEF,6.3,MCI,15.91934273,16.45248675,14.87199369,,161.9166667,74.21428571,74.21428571,,8.732495852,3.864785008,4.44530903,,0.996585887,0.868421053,0.868421053,,8.702682123,3.356260665,3.860399947
28849,Alonso,DEF,5.6,CHE,15.89042172,16.43943401,14.69885277,,130.9285714,62.42857143,62.42857143,,7.975111609,4.299063755,4.919751989,,0.988651751,0.868421053,0.868421053,,7.884608053,3.733397471,4.272416201
23238,van Dijk,DEF,7,LIV,16.02041781,16.15983026,14.35448938,,167.7809524,83.89047619,83.89047619,,7.412284899,4.008334056,4.914582585,,0.998714829,0.965789474,0.965789474,,7.402758845,3.871206838,4.746452128
23393,Azpilicueta,DEF,5.4,CHE,14.39465092,14.96601717,13.33084123,,135.5,71.07142857,71.07142857,,7.056694943,4.039750027,4.593055038,,0.977474769,0.868421053,0.868421053,,6.897741261,3.50820397,3.988705691
148332,R James,DEF,5.5,CHE,14.60167237,14.94465806,13.27584829,,112.7142857,63.5,63.5,,6.827332048,3.995002275,4.546506488,,0.986401892,0.921052632,0.921052632,,6.73449325,3.679607358,4.187571765
180322,T Silva,DEF,5.4,CHE,13.50200101,13.94575014,12.4561491,,147.9047619,74.73809524,74.73809524,,6.68816349,3.608970265,4.091323437,,0.988651751,0.894736842,0.894736842,,6.612264543,3.229078658,3.660657812
91483,Digne,DEF,5.2,AVL,13.78734384,13.86090558,12.46342121,,164.2857143,164.2857143,82.14285714,,5.072313889,7.416371964,1.361278126,,0.998714829,0.998714829,0.965789474,,5.065795098,7.406840658,1.314708085
23059,Coleman,DEF,4.3,EVE,13.72169581,13.79525755,12.35840662,,164.2857143,164.2857143,82.14285714,,5.254536807,6.552710722,1.99797437,,0.998714829,0.998714829,0.965789474,,5.247783829,6.544289368,1.929622615
181873,Cash,DEF,5.2,AVL,13.7220245,13.77769913,12.39679838,,170.8571429,170.8571429,85.42857143,,5.020496836,7.479859069,1.264453486,,0.999239237,0.999239237,0.973684211,,5.01667743,7.474168672,1.231178395
181081,Gabriel,DEF,5.3,ARS,13.54036951,13.64715419,12.10846852,,170.8571429,85.42857143,85.42857143,,6.160027748,3.458533338,4.126090093,,0.999239237,0.973684211,0.973684211,,6.15534143,3.367519302,4.017508774
23378,Keane,DEF,4.7,EVE,13.43400182,13.48967645,12.08408554,,169.0952381,169.0952381,84.54761905,,5.122820453,6.429923499,1.941129108,,0.999239237,0.999239237,0.973684211,,5.118923203,6.425031854,1.890046763
23135,Matip,DEF,6,LIV,12.09201981,13.29481959,11.74091625,,129.6666667,64.83333333,64.83333333,,6.037838839,3.960889535,4.870753819,,0.924915898,0.736842105,0.736842105,,5.584493129,2.918550184,3.588976498
274827,Mykolenko,DEF,4.5,EVE,13.17388513,13.29130406,11.89955964,,157.8571429,157.8571429,78.92857143,,5.055154204,6.286836967,1.970048383,,0.996961057,0.996961057,0.947368421,,5.039791879,6.267731629,1.866361626
131314,Mings,DEF,4.9,AVL,12.95712259,13.01279722,11.7065552,,170.8571429,170.8571429,85.42857143,,4.724252525,7.085552473,1.187553456,,0.999239237,0.999239237,0.973684211,,4.720658491,7.08016205,1.15630205
92422,Mina,DEF,5,EVE,12.59429282,12.71171174,11.37995828,,157.8571429,157.8571429,78.92857143,,4.806965298,6.066042275,1.851790341,,0.996961057,0.996961057,0.947368421,,4.792357205,6.047607919,1.754327691
257276,Tomiyasu,DEF,4.8,ARS,12.31752702,12.45693946,11.04250174,,164.2857143,82.14285714,82.14285714,,5.564683715,3.20998758,3.789462151,,0.998714829,0.965789474,0.965789474,,5.557532144,3.100172215,3.659822657
257275,Emerson R,DEF,5,TOT,11.97874123,12.11815368,10.56762526,,160.7904762,80.3952381,80.3952381,,4.339529637,4.021036285,3.894548673,,0.998714829,0.965789474,0.965789474,,4.333952599,3.883474517,3.761314113
23479,Dier,DEF,4.8,TOT,11.81368455,11.97500042,10.45338446,,166.9047619,83.45238095,83.45238095,,4.346088898,3.947278416,3.834944516,,0.998289435,0.960526316,0.960526316,,4.338654629,3.791464795,3.683565127
231961,Guehi,DEF,4.8,CRY,11.86759244,11.952777,10.46919997,,85.87142857,171.7428571,85.87142857,,3.753842052,5.492069253,2.761521415,,0.978947368,0.999512982,0.978947368,,3.674813798,5.489394516,2.703384122
187804,Andersen,DEF,4.7,CRY,11.73460078,11.81978534,10.35386801,,85.87142857,171.7428571,85.87142857,,3.71980876,5.423135101,2.730085329,,0.978947368,0.999512982,0.978947368,,3.641496996,5.420493936,2.672609848
23490,Ben T Davies,DEF,4.8,TOT,11.54742749,11.76403169,10.26481094,,157.8571429,78.92857143,78.92857143,,4.250716283,3.913217803,3.802501581,,0.996961057,0.947368421,0.947368421,,4.237798599,3.707258971,3.602369919
23260,Walker,DEF,5.6,MCI,9.722817579,11.61417273,10.30187017,,94.14285714,53.78571429,53.78571429,,5.991398916,3.684895927,4.204276586,,0.79116453,0.631578947,0.631578947,,4.740182307,2.327302691,2.655332581
23346,Ake,DEF,5,MCI,8.917949604,11.51192127,10.33757297,,95.38095238,35.78947368,35.78947368,,6.595999118,3.752796869,4.264204137,,0.808277325,0.447368421,0.447368421,,5.331396523,1.67888281,1.907670272
174861,Mitchell,DEF,4.8,CRY,11.0376327,11.1549469,9.774158233,,84.54761905,152.3333333,84.54761905,,3.645547563,4.883949159,2.704675441,,0.973684211,0.993974481,0.973684211,,3.549612101,4.854520828,2.633499772
134708,Konsa,DEF,4.6,AVL,9.861832028,10.80360066,9.63940267,,122.7142857,122.7142857,61.35714286,,3.980364887,5.823088019,1.333665472,,0.909294684,0.909294684,0.710526316,,3.619324633,5.294902981,0.947604414
230250,Tavares,DEF,4.6,ARS,9.549227033,10.75202682,9.485088369,,108.3333333,54.16666667,54.16666667,,4.765471011,3.186157485,3.791683628,,0.924915898,0.736842105,0.736842105,,4.407659897,2.347694989,2.793872147
45111,Christensen,DEF,5,CHE,8.797022236,10.65921514,9.396579073,,96.23809524,52.64285714,52.64285714,,5.029645838,3.52224713,3.989730552,,0.805745655,0.631578947,0.631578947,,4.052615279,2.224577135,2.519829822
92428,Soyuncu,DEF,4.4,LEI,9.353968891,10.54324072,9.430134636,,114.1428571,114.1428571,57.07142857,,5.278129721,3.187403455,2.975155293,,0.873734676,0.873734676,0.657894737,,4.611684959,2.784944924,1.957339008
241952,Romero,DEF,4.7,TOT,10.34883414,10.51015,9.145754101,,163.4285714,81.71428571,81.71428571,,3.6455121,3.583164178,3.402129,,0.998289435,0.960526316,0.960526316,,3.639276214,3.441723487,3.267834434
23287,Tarkowski,DEF,4.8,BUR,10.40314865,10.48833321,9.028837069,,85.87142857,171.7428571,85.87142857,,3.056199624,4.001154352,3.485462509,,0.978947368,0.999512982,0.978947368,,2.99185858,3.999205717,3.412084351
23521,Evans,DEF,4.9,LEI,8.822804901,10.42591309,9.302633801,,101.2857143,101.2857143,50.64285714,,5.353847281,3.25998323,3.191588825,,0.809749268,0.809749268,0.578947368,,4.335273916,2.639769033,1.847761951
182119,Castagne,DEF,4.9,LEI,9.049318708,10.37090013,9.261902067,,105.2857143,105.2857143,52.64285714,,5.167785248,3.222572393,2.985381435,,0.853815171,0.853815171,0.631578947,,4.412333445,2.751481199,1.885504064
186823,Fofana,DEF,4.5,LEI,9.142434613,10.33170644,9.239040448,,114.1428571,114.1428571,57.07142857,,5.157227926,3.119571159,2.904276541,,0.873734676,0.873734676,0.657894737,,4.506048868,2.725677495,1.91070825
137292,Justin,DEF,4.9,LEI,8.572066649,10.32430149,9.197865425,,88,88,44,,5.295327647,3.334867494,3.242603812,,0.785625501,0.785625501,0.552631579,,4.160144438,2.619956947,1.791965264
176641,B White,DEF,5,ARS,9.475518704,10.27129932,8.839518766,,94.0952381,72.83333333,85.42857143,,3.72885406,3.255253223,3.904941094,,0.78632022,0.842105263,0.973684211,,2.932073345,2.741265872,3.802179486
225296,Sessegnon,DEF,4.6,TOT,9.238806407,10.16560707,8.911918768,,128.5047619,58.11904762,51.5,,3.863729293,3.570958518,3.425251743,,0.98396809,0.815789474,0.736842105,,3.801786332,2.91315037,2.523869705
88564,R Pereira,DEF,5.3,LEI,8.308087632,10.06032247,8.962053995,,88,88,44,,5.159473904,3.199756946,3.150132512,,0.785625501,0.785625501,0.552631579,,4.053414272,2.513810655,1.740862704
45068,Taylor,DEF,4.5,BUR,9.666317499,9.773102182,8.420835904,,84.54761905,166.452381,82.78571429,,2.865607661,3.758621821,3.204692168,,0.973684211,0.999239237,0.973684211,,2.790196933,3.755762403,3.120358164
45008,Dunk,DEF,5,BHA,9.360270892,9.518165629,8.195125446,,84.54761905,84.54761905,84.54761905,,3.06257526,3.061804232,3.488871694,,0.973684211,0.973684211,0.973684211,,2.981981174,2.981230437,3.397059281
192193,Jansson,DEF,4.5,BRE,9.217959617,9.375854354,8.120396533,,85.42857143,85.42857143,85.42857143,,3.279750006,2.852478556,3.334865098,,0.973684211,0.973684211,0.973684211,,3.193440796,2.777413331,3.247105491
189201,Clyne,DEF,4.6,CRY,8.161678089,9.364477873,8.191575571,,63.5,127,63.5,,3.389219948,4.132302931,2.50029883,,0.736842105,0.924915898,0.736842105,,2.497319962,3.822032674,1.842325454
139208,Webster,DEF,4.4,BHA,9.067413509,9.272676667,7.983888116,,82.14285714,82.14285714,82.14285714,,2.993367199,2.983762745,3.4114726,,0.965789474,0.965789474,0.965789474,,2.890962532,2.881686651,3.294764327
192195,Henry,DEF,4.7,BRE,8.77575996,8.981023118,7.786408958,,78.64761905,76.9,76.9,,3.162760484,2.774156993,3.149700466,,0.965789474,0.965789474,0.965789474,,3.054560783,2.679251622,3.041947555
176652,Ayling,DEF,4.3,LEE,8.853694703,8.938879266,7.885312696,,171.7428571,85.87142857,85.87142857,,3.480741568,3.078521952,2.411710201,,0.999512982,0.978947368,0.978947368,,3.479046384,3.013710964,2.360937355
257280,C Roberts,DEF,4.6,BUR,7.59184233,8.862533183,7.639958166,,62.42857143,124.8571429,62.42857143,,2.987158158,3.245922724,3.389106926,,0.723684211,0.917286153,0.723684211,,2.161759193,2.977439967,2.45264317
132438,Dawson,DEF,4.9,WHU,8.731625485,8.857941275,7.792847229,,85.87142857,85.87142857,85.87142857,,3.922609249,1.913514468,3.08327866,,0.978947368,0.978947368,0.978947368,,3.840028002,1.873229953,3.01836753
23044,Stones,DEF,5.8,MCI,5.146651773,8.839852178,7.657484859,,31.47368421,37.02380952,37.02380952,,5.218004684,3.91489699,4.450602166,,0.311294534,0.421052632,0.421052632,,1.624336339,1.64837768,1.873937754
234803,Collins,DEF,4.5,BUR,7.680552507,8.837727509,7.690569048,,83.45238095,128.0714286,46.35714286,,3.040187256,3.176771898,3.403765791,,0.960526316,0.934570394,0.526315789,,2.920179864,2.968916964,1.791455679
234799,Ajer,DEF,4.4,BRE,8.675785785,8.833680522,7.653722821,,83.66666667,83.66666667,83.66666667,,3.077425997,2.729787842,3.103052644,,0.973684211,0.973684211,0.973684211,,2.996441102,2.65795132,3.021393364
23544,Kouyate,DEF,4.6,CRY,7.620340917,8.823140701,7.710519606,,51.5,103,51.5,,3.1297108,3.854913827,2.373326832,,0.736842105,0.924915898,0.736842105,,2.306102695,3.565471082,1.74876714
177020,Veltman,DEF,4.3,BHA,8.376371494,8.581634652,7.387526239,,80.3952381,80.3952381,80.3952381,,2.764662271,2.745118197,3.163301733,,0.965789474,0.965789474,0.965789474,,2.670081719,2.651206259,3.055083516
185167,Semedo,DEF,4.8,WOL,8.036288527,8.542195737,7.598304432,,129,76.35714286,76.35714286,,3.040987735,4.40724987,1.319933161,,0.957572711,0.894736842,0.894736842,,2.911966868,3.943328831,1.180992828
88496,Coady,DEF,4.9,WOL,8.310226937,8.464835702,7.616705225,,170.1928571,84.54285714,84.32142857,,3.387957759,4.013085241,1.103961172,,0.999011407,0.963157895,0.960526316,,3.384608447,3.865234732,1.060383758
23543,A Cresswell,DEF,5.2,WHU,8.244633516,8.449896674,7.424176371,,82.14285714,82.14285714,82.14285714,,3.710257831,1.853091703,2.973328221,,0.965789474,0.965789474,0.965789474,,3.583327958,1.78969646,2.871609097
23000,Zouma,DEF,5.2,WHU,8.318269264,8.444585053,7.416184004,,85.87142857,85.87142857,85.87142857,,3.679849115,1.836638032,2.980669628,,0.978947368,0.978947368,0.978947368,,3.602378607,1.797971968,2.917918689
88556,Boly,DEF,4.5,WOL,8.039398404,8.428543834,7.572935764,,164.3071429,78.68333333,76.35714286,,3.382809332,3.986368191,1.145311513,,0.997532548,0.913157895,0.894736842,,3.374462413,3.640183585,1.024752407
184661,Reguilon,DEF,5.3,TOT,4.795870918,8.420863604,7.170311785,,22.52631579,27.63157895,42.5,,3.168584697,4.244474455,4.320861529,,0.266451025,0.368421053,0.552631579,,0.844272642,1.563753747,2.387844529
276427,H Kamara,DEF,4,WAT,8.214436142,8.321220825,7.706004873,,169.0952381,84.54761905,84.54761905,,4.870636365,2.36751976,1.070458527,,0.999239237,0.973684211,0.973684211,,4.866930967,2.305216608,1.042288566
175378,L Thomas,DEF,4.5,LEI,5.658883647,8.238296955,7.291847271,,72.42105263,72.42105263,36.21052632,,4.310895654,2.6351814,2.805589816,,0.644620357,0.644620357,0.421052632,,2.778891097,1.698691575,1.181300975
225319,Konate,DEF,5.5,LIV,4.44490963,8.165087292,7.120055337,,57.47368421,28.73684211,28.73684211,,4.024131747,3.357748892,4.240078139,,0.508332222,0.315789474,0.315789474,,2.045595831,1.060341755,1.338972044
242981,T Chalobah,DEF,5.1,CHE,3.85650348,8.066908426,7.090495257,,50.52631579,18.10526316,18.10526316,,4.580156121,3.748250314,4.263469699,,0.473744895,0.210526316,0.210526316,,2.169825582,0.789105329,0.897572568
241033,Varane,DEF,5.4,MUN,5.860694518,7.997536623,6.932343768,,82.14285714,0,82.14285714,,3.016995012,0.001493,3.051299039,,0.965789474,0,0.965789474,,2.913782024,0,2.946912493
138601,Cedric,DEF,4.5,ARS,4.955844856,7.982393615,6.964623184,,65.68421053,32.84210526,32.84210526,,3.496700107,2.947042525,3.469734336,,0.644620357,0.421052632,0.421052632,,2.254044072,1.24086001,1.460940773
187802,Telles,DEF,5,MUN,5.518353787,7.939406419,6.880936562,,76.35714286,0,76.35714286,,3.061642704,0.001279,3.105929175,,0.894736842,0,0.894736842,,2.739364525,0,2.778989262
45060,Femenia,DEF,4.3,WAT,7.732956172,7.89427204,7.288568732,,153,76.5,76.5,,4.548905782,2.222793033,1.100209718,,0.998289435,0.960526316,0.960526316,,4.541124582,2.135051203,1.056780387
278660,Samir,DEF,4.5,WAT,7.777963423,7.863147985,7.294224288,,171.7428571,85.87142857,85.87142857,,4.652370056,2.226523464,0.96860148,,0.999512982,0.978947368,0.978947368,,4.650104267,2.179649286,0.94820987
24075,Holding,DEF,4.6,ARS,4.511377345,7.827443218,6.988996785,,92.64285714,22.10526316,8.421052632,,3.945686145,2.656599919,2.157198838,,0.815651274,0.315789474,0.210526316,,3.218303932,0.83892629,0.454147124
23076,Maguire,DEF,5,MUN,5.251357402,7.725041612,6.684836286,,72.07142857,0,78.5,,2.956728754,0.001273,2.99817889,,0.842105263,0,0.921052632,,2.489876845,0,2.761480557
262617,M Sarr,DEF,5,CHE,3.370363219,7.662875906,6.716447575,,45.89473684,18.10526316,18.10526316,,4.228408395,3.432246082,3.886405986,,0.432691025,0.210526316,0.210526316,,1.829594363,0.722578123,0.818190734
176667,Chambers,DEF,4.5,AVL,4.706071695,7.653245924,6.734125292,,61.89473684,61.89473684,30.94736842,,2.982291475,4.353771115,1.244558122,,0.578995916,0.578995916,0.368421053,,1.726734585,2.520815696,0.458521413
23265,Kabasele,DEF,4,WAT,6.837733096,7.648499613,6.997884442,,139.8571429,69.92857143,69.92857143,,4.187404012,2.314675881,1.123839646,,0.963037794,0.815789474,0.815789474,,4.032628324,1.888288219,0.916816553
192197,Pinnock,DEF,4.5,BRE,4.375282493,7.638440388,6.506816274,,13.89473684,37.78571429,69.21428571,,3.202252482,2.915168043,3.346817705,,0.157894737,0.421052632,0.789473684,,0.505618813,1.227439176,2.642224504
45018,March,DEF,4.9,BHA,5.898129199,7.634971304,6.589711577,,42.07142857,42.07142857,42.07142857,,2.660974616,2.689589659,2.950506449,,0.710526316,0.710526316,0.710526316,,1.89069249,1.911024232,2.096412477
88539,Saiss,DEF,4.9,WOL,5.514357121,7.628793918,6.751762512,,124,48.75,42.07142857,,2.816552193,4.300052488,1.175336903,,0.916465812,0.552631579,0.473684211,,2.581273793,2.376344796,0.556738533
156990,Lamptey,DEF,4.6,BHA,7.305410319,7.621199793,6.566449846,,61.78571429,61.78571429,61.78571429,,2.470015786,2.458167728,2.783082934,,0.947368421,0.947368421,0.947368421,,2.340014955,2.328790479,2.636604885
131320,Holgate,DEF,4.5,EVE,4.617258386,7.564432615,6.639776053,,64.84210526,64.84210526,32.42105263,,3.010161389,3.88232721,1.700596723,,0.578995916,0.578995916,0.368421053,,1.742871151,2.2478516,0.626535635
56987,D Sanchez,DEF,4.6,TOT,3.604281204,7.504043084,6.48291081,,46.89473684,23.44736842,23.44736842,,2.840840491,3.955525564,3.871636999,,0.471171692,0.289473684,0.289473684,,1.33852362,1.145020558,1.120737026
192743,Hanley,DEF,4.4,NOR,7.41312184,7.498306403,6.77854895,,171.7428571,85.87142857,85.87142857,,3.673668061,2.301960259,1.519739501,,0.999512982,0.978947368,0.978947368,,3.671878918,2.253497938,1.487744985
226984,Firpo,DEF,4.3,LEE,7.306270822,7.445683269,6.548760023,,157.2952381,78.64761905,78.64761905,,2.760662218,2.709580762,2.000717549,,0.998714829,0.965789474,0.965789474,,2.757114295,2.616884578,1.932271949
242908,Dalot,DEF,4.9,MUN,4.224920039,7.382814776,6.398158956,,60.07142857,0,60.07142857,,2.952481599,0.001525,2.99370216,,0.710526316,0,0.710526316,,2.097815873,0,2.127104166
23101,Amartey,DEF,4.1,LEI,3.911498343,7.246590509,6.37827755,,55.57894737,55.57894737,27.78947368,,3.818743907,2.267185456,2.589777104,,0.508332222,0.508332222,0.315789474,,1.941190574,1.15248342,0.817824349
23379,Mee,DEF,5.1,BUR,3.34072308,7.182706973,6.122742953,,4.210526316,50.52631579,48.5,,2.835859224,2.654942764,3.499079355,,0.052631579,0.473744895,0.552631579,,0.149255749,1.257765582,1.933701749
23018,J Ward,DEF,4.3,CRY,3.473518942,7.122536562,6.205187777,,27.15789474,59.21052632,27.15789474,,3.25364293,3.10969598,2.389728291,,0.315789474,0.543912243,0.315789474,,1.027466189,1.691401714,0.754651039
186817,Coufal,DEF,4.9,WHU,4.425570566,7.109781092,6.212853001,,44.5,44.5,44.5,,3.445291301,1.772665492,2.790218516,,0.552631579,0.552631579,0.552631579,,1.903976772,0.97963093,1.541962864
185165,Llorente,DEF,4.3,LEE,6.533154852,7.09729814,6.222541482,,142.1428571,71.07142857,71.07142857,,2.574207205,2.622471149,1.992381915,,0.981086251,0.868421053,0.868421053,,2.525519296,2.277409156,1.7302264
192733,Gibson,DEF,4.3,NOR,6.969110344,7.054294907,6.37753181,,171.7428571,85.87142857,85.87142857,,3.447003644,2.186306431,1.413259355,,0.999512982,0.978947368,0.978947368,,3.445324891,2.140278927,1.383506527
178132,Tsimikas,DEF,4.4,LIV,2.222005675,7.053531117,6.13314579,,23.68421053,11.84210526,11.84210526,,3.833647064,3.397923572,4.15692948,,0.268447805,0.157894737,0.157894737,,1.02913414,0.536514248,0.656357286
23148,Zinchenko,DEF,5.5,MCI,1.935630765,7.03766171,6.163070816,,21.63157895,7.894736842,7.894736842,,4.866411662,3.454017922,3.910334029,,0.238458212,0.105263158,0.105263158,,1.160435823,0.363580834,0.411614108
192745,Aarons,DEF,4.2,NOR,6.910447313,7.017231996,6.341024943,,165.5714286,82.78571429,82.78571429,,3.425618817,2.158075477,1.42361409,,0.999239237,0.973684211,0.973684211,,3.423012734,2.101284017,1.386150561
92386,Targett,DEF,4.9,NEW,6.647274362,6.963063836,5.802430284,,80.64285714,80.64285714,80.64285714,,1.216112171,2.739320865,3.061134347,,0.947368421,0.947368421,0.947368421,,1.152106267,2.595146082,2.900022013
23376,Lowton,DEF,4.6,BUR,3.216123016,6.936300678,5.995099319,,27.78947368,55.57894737,27.78947368,,2.905923402,2.472456121,3.29850729,,0.315789474,0.508332222,0.315789474,,0.917660022,1.256829113,1.041633881
242874,Kenny,DEF,4.4,EVE,2.764690792,6.932634541,6.053773712,,36.21052632,36.21052632,18.10526316,,2.986823042,3.74591819,1.851123596,,0.352750905,0.352750905,0.210526316,,1.053604531,1.321376031,0.389710231
278659,Trippier,DEF,4.7,NEW,5.016566817,6.911303659,5.833501812,,34.44736842,59.5,71.07142857,,1.204072263,2.597672843,2.952286999,,0.447368421,0.736842105,0.868421053,,0.538663907,1.914074727,2.563828183
192205,M Sorensen,DEF,4.5,BRE,3.89705359,6.89705359,6.01952591,,55.5,45,21.05263158,,2.716365163,2.439326895,2.623667738,,0.684210526,0.552631579,0.263157895,,1.858565638,1.348049074,0.690438878
225290,Young,DEF,5,AVL,4.317097851,6.896511159,6.059296972,,53.89473684,53.89473684,26.94736842,,2.472385437,3.51706776,1.08341418,,0.644620357,0.644620357,0.421052632,,1.593749984,2.267173476,0.456174392
187323,Ait-Nouri,DEF,4.8,WOL,5.007599569,6.876909672,6.074473828,,103.5952381,49.5,49.5,,2.441718257,3.761778085,1.06318651,,0.854818633,0.605263158,0.605263158,,2.087226262,2.276865683,0.643507624
180456,Koch,DEF,4.3,LEE,5.611353405,6.868199395,6.007542369,,118.0952381,53.64285714,53.64285714,,2.476533613,2.564273835,2.02014165,,0.950524373,0.710526316,0.710526316,,2.35400556,1.821984041,1.435363804
32948,Wan-Bissaka,DEF,5.3,MUN,2.43585437,6.751643844,5.851217263,,37.02380952,0,37.02380952,,2.876501561,0.001288,2.908652569,,0.421052632,0,0.421052632,,1.211158552,0,1.224695818
176643,Struijk,DEF,4.1,LEE,5.025773267,6.729176495,5.861508497,,105.4285714,49.21428571,49.21428571,,2.320651765,2.645725797,2.059419039,,0.885140491,0.631578947,0.631578947,,2.054102844,1.670984714,1.300685709
67736,Johnson,DEF,4.3,WHU,3.967227391,6.651437918,5.804699741,,44.5,44.5,44.5,,3.05349849,1.580567399,2.544726533,,0.552631579,0.552631579,0.552631579,,1.687459692,0.873471458,1.406296242
92423,Burn,DEF,4.7,NEW,5.989559361,6.621138308,5.51634871,,76.35714286,76.35714286,76.35714286,,1.086412341,2.655467742,2.95233332,,0.894736842,0.894736842,0.894736842,,0.972053147,2.375944822,2.641561392
45053,Lindelof,DEF,4.8,MUN,2.015822984,6.594770352,5.724920037,,35.13157895,0,27.78947368,,2.834987098,0.001284,2.839705576,,0.394736842,0,0.315789474,,1.119073854,0,0.896749129
91161,Schar,DEF,4.8,NEW,5.725854015,6.567959278,5.485689646,,66.35714286,76.35714286,76.35714286,,1.035945492,2.59981885,2.885595497,,0.789473684,0.894736842,0.894736842,,0.817851704,2.326153708,2.581848603
176637,Cooper,DEF,4.5,LEE,4.731118036,6.526898649,5.660529163,,90.05889724,54.69047619,54.69047619,,2.101264271,2.642594827,2.03725938,,0.78632022,0.657894737,0.657894737,,1.652266584,1.738549228,1.340302224
192204,Roerslev,DEF,4.4,BRE,3.723076845,6.512550529,5.665713093,,38.07142857,33.15789474,26.52631579,,2.514941775,2.147274561,2.280857515,,0.578947368,0.552631579,0.473684211,,1.456018922,1.186651731,1.080406191
230254,Duffy,DEF,4.6,BHA,1.614375013,6.509111855,5.631622999,,14.73684211,14.73684211,14.73684211,,2.800949364,2.787395109,3.175405596,,0.184210526,0.184210526,0.184210526,,0.515964357,0.51346752,0.584943136
23120,Gomez,DEF,5,LIV,0.989520188,6.403016036,5.555661276,,11.84210526,5.921052632,5.921052632,,3.384969337,3.007287265,3.723016189,,0.135357339,0.078947368,0.078947368,,0.458180441,0.237417416,0.293922331
91162,Jonny,DEF,4.7,WOL,2.599364677,6.356974822,5.548843288,,56.20676692,18.42105263,18.42105263,,2.219732858,3.628150256,1.231638996,,0.594879138,0.263157895,0.263157895,,1.320472769,0.954776383,0.324115525
23015,Tomkins,DEF,4.5,CRY,0.915711643,6.329207492,5.493280329,,6.315789474,12.63157895,6.315789474,,3.569545638,3.124862698,2.671809255,,0.078947368,0.135357339,0.078947368,,0.281806235,0.422973099,0.21093231
106466,Kilman,DEF,4.8,WOL,4.022496467,6.302107194,5.540971508,,59.31954887,51.17857143,61.35714286,,1.963416063,3.734402314,1.008560729,,0.557563058,0.592105263,0.710526316,,1.094728264,2.211159265,0.716608939
23037,Kelly,DEF,4,CRY,0.69409107,6.257012118,5.423340813,,2.105263158,17.15789474,2.105263158,,3.183992991,3.298662271,2.395051119,,0.026315789,0.165907897,0.026315789,,0.083789289,0.54727412,0.063027661
182753,Marcal,DEF,4.7,WOL,3.361086601,6.22063167,5.44552962,,68,34,34,,2.02972915,3.44665015,1.00163788,,0.675490623,0.447368421,0.447368421,,1.371063009,1.541922436,0.448101157
46637,Walker-Peters,DEF,4.7,SOU,5.999637318,6.157532054,5.384407028,,82.78571429,82.78571429,82.78571429,,2.544549668,1.408241233,2.208998776,,0.973684211,0.973684211,0.973684211,,2.477587835,1.371182253,2.15086723
23241,Bertrand,DEF,4.5,LEI,0.363166429,6.134032963,5.324067427,,4.210526316,4.210526316,2.105263158,,4.00458891,2.508850652,2.878797756,,0.044125472,0.044125472,0.026315789,,0.176704375,0.110704219,0.075757836
23503,Cathcart,DEF,4.1,WAT,2.210802424,6.110564304,5.379805798,,49.78947368,24.89473684,24.89473684,,2.779152852,2.092841025,1.020893737,,0.471171692,0.289473684,0.289473684,,1.309458151,0.605822402,0.295521871
88625,Vestergaard,DEF,4.9,LEI,0.329314821,6.100181355,5.293364497,,3.684210526,3.684210526,1.842105263,,3.608540504,2.298867891,2.608610268,,0.044125472,0.044125472,0.026315789,,0.159228552,0.10143863,0.068647639
132423,Hause,DEF,4.5,AVL,0.325734978,6.096601512,5.289022052,,3.684210526,3.684210526,1.842105263,,2.739405085,3.859618351,1.312898323,,0.044125472,0.044125472,0.026315789,,0.120877542,0.17030748,0.034549956
23252,Bardsley,DEF,4,BUR,0.558822605,6.065545318,5.25896645,,7.368421053,10.15789474,2.960526316,,2.540534983,1.879076771,2.751705632,,0.092105263,0.115059696,0.039473684,,0.233996643,0.216206003,0.108619959
45072,Lascelles,DEF,4.3,NEW,2.158384869,6.053121711,5.159798076,,37.78571429,27.78947368,27.78947368,,1.094229786,2.542326156,2.833586213,,0.421052632,0.315789474,0.315789474,,0.460728331,0.802839839,0.894816699
23289,K Long,DEF,4,BUR,0.285478472,6.053071977,5.252356716,,6.473684211,2.894736842,0.157894737,,2.692890844,1.918514221,2.452753479,,0.078947368,0.0346243,0.002631579,,0.212596646,0.066427212,0.006454614
242875,Branthwaite,DEF,4,EVE,0.164416106,6.051785587,5.246809957,,1.973684211,1.973684211,0.986842105,,2.924778264,3.583067481,1.822888069,,0.021578682,0.021578682,0.013157895,,0.063112861,0.077317875,0.023985369
230255,Jach,DEF,4.5,CRY,0.143571137,6.047782194,5.241961838,,1.052631579,2.105263158,1.052631579,,3.330151457,3.102589501,2.493070672,,0.013157895,0.021578682,0.013157895,,0.043817782,0.066949794,0.032803561
88479,Masina,DEF,4.4,WAT,0.818718668,6.036746123,5.258045144,,15.78947368,7.894736842,7.894736842,,2.635673092,2.141735121,1.117574425,,0.180459957,0.105263158,0.105263158,,0.475633453,0.225445802,0.117639413
189708,Rodon,DEF,4.5,TOT,0.132496343,6.036707399,5.230033495,,1.973684211,0.986842105,0.986842105,,2.324369333,3.17537537,3.082427786,,0.021578682,0.013157895,0.013157895,,0.050156828,0.041781255,0.04055826
280703,Kenedy,DEF,5,CHE,0.072417549,6.027988897,5.227125621,,1.085526316,0.032894737,0.032894737,,3.416843837,2.000341404,2.184492074,,0.019582747,0.001315789,0.001315789,,0.06691119,0.002632028,0.002874332
134588,Pieters,DEF,4.6,BUR,0.436467419,6.025722264,5.215674588,,1.184210526,6.552631579,5.052631579,,1.869002272,1.862947337,2.543271246,,0.026315789,0.100109419,0.078947368,,0.04918427,0.186498576,0.200784572
23466,F Fernandez,DEF,4.4,NEW,0.174166118,6.016271382,5.207275911,,2.315789474,2.315789474,2.315789474,,1.153975297,2.580444479,2.883892721,,0.026315789,0.026315789,0.026315789,,0.030367771,0.067906434,0.075891914
274845,P Jones,DEF,4.5,MUN,0.079227629,6.016069734,5.214549619,,1.973684211,0,0.394736842,,2.505563962,0.001539,2.525429697,,0.026315789,0,0.005263158,,0.065935894,0,0.013291735
23171,Bailly,DEF,5,MUN,0.062955833,6.010324254,5.208147047,,0.986842105,0,0.986842105,,2.382693513,0.001286,2.401949775,,0.013157895,0,0.013157895,,0.03135123,0,0.031604602
280711,Toti,DEF,4.5,WOL,0.269153599,6.005243028,5.202714654,,8.973684211,2.157894737,1.052631579,,1.798210833,3.419141754,0.978482331,,0.092481601,0.026315789,0.013157895,,0.166301416,0.089977415,0.012874768
192723,Omobamidele,DEF,4,NOR,0,6,5.1992,,0,0,0,,0.001331,0.001331,0.001331,,0,0,0,,0,0,0
225300,Troost-Ekong,DEF,4.2,WAT,0,6,5.1992,,0,0,0,,0.001387,0.001387,0.001387,,0,0,0,,0,0,0
203020,Kabak,DEF,4.3,NOR,0,6,5.1992,,0,0,0,,0.001609,0.001609,0.001609,,0,0,0,,0,0,0
131352,Godfrey,DEF,4.5,EVE,0,6,5.1992,,0,0,0,,0.001179,0.001179,0.001179,,0,0,0,,0,0,0
274923,Patterson,DEF,4.5,EVE,0,6,5.1992,,0,0,0,,0.001697,0.001697,0.001697,,0,0,0,,0,0,0
225299,Sierralta,DEF,4.5,WAT,0,6,5.1992,,0,0,0,,0.001396,0.001396,0.001396,,0,0,0,,0,0,0
259132,Zanka,DEF,4.5,BRE,0,6,5.1992,,0,0,0,,0.001618,0.001618,0.001618,,0,0,0,,0,0,0
178020,N Ferguson,DEF,4.5,CRY,0,6,5.1992,,0,0,0,,0.001161,0.001161,0.001161,,0,0,0,,0,0,0
157546,Tanganga,DEF,4.6,TOT,0,6,5.1992,,0,0,0,,0.001371,0.001371,0.001371,,0,0,0,,0,0,0
237976,Livramento,DEF,4.9,SOU,0,6,5.1992,,0,0,0,,0.001491,0.001491,0.001491,,0,0,0,,0,0,0
88449,Diop,DEF,4.9,WHU,0,6,5.1992,,0,0,0,,0.001424,0.001424,0.001424,,0,0,0,,0,0,0
23278,Ogbonna,DEF,5.1,WHU,0,6,5.1992,,0,0,0,,0.001409,0.001409,0.001409,,0,0,0,,0,0,0
88464,Doherty,DEF,5.2,TOT,0,6,5.1992,,0,0,0,,0.00136,0.00136,0.00136,,0,0,0,,0,0,0
23188,Shaw,DEF,5.4,MUN,0,6,5.1992,,0,0,0,,0.001275,0.001275,0.001275,,0,0,0,,0,0,0
139989,Tierney,DEF,5.7,ARS,0,6,5.1992,,0,0,0,,0.001016,0.001016,0.001016,,0,0,0,,0,0,0
24083,Chilwell,DEF,6.4,CHE,0,6,5.1992,,0,0,0,,0.001135,0.001135,0.001135,,0,0,0,,0,0,0
274593,Bradley,DEF,4,LIV,0.01842506,5.999737418,5.199081199,,0.131578947,0.065789474,0.065789474,,2.156589896,1.712826463,1.944575872,,0.004080663,0.002631579,0.002631579,,0.008800317,0.004507438,0.005117305
274594,Beck,DEF,4,LIV,0.018210724,5.999523081,5.198888962,,0.131578947,0.065789474,0.065789474,,2.131286189,1.691284741,1.923907011,,0.004080663,0.002631579,0.002631579,,0.008697061,0.004450749,0.005062913
274592,Koumetio,DEF,4,LIV,0.017969366,5.999281723,5.198676209,,0.131578947,0.065789474,0.065789474,,2.10550757,1.669658609,1.893790733,,0.004080663,0.002631579,0.002631579,,0.008591867,0.004393838,0.00498366
273787,Ashby,DEF,4,WHU,0.011716176,5.995926703,5.195748397,,0.065789474,0.065789474,0.065789474,,1.723234076,1.213064322,1.51584864,,0.002631579,0.002631579,0.002631579,,0.004534827,0.003192275,0.003989075
260200,C Cresswell,DEF,4.5,LEE,0.032927499,5.995152583,5.19480375,,0.631578947,0.315789474,0.315789474,,1.610872039,2.057007895,1.640158127,,0.008361142,0.005263158,0.005263158,,0.013468731,0.010826357,0.008632411
45114,Dummett,DEF,4.5,NEW,0.153046527,5.99515179,5.189825521,,2.105263158,2.105263158,2.105263158,,1.033502881,2.263319016,2.518946114,,0.026315789,0.026315789,0.026315789,,0.027197444,0.059561027,0.066288056
280662,Hjelde,DEF,4.5,LEE,0.013054777,5.994367134,5.194272351,,0.131578947,0.065789474,0.065789474,,1.451075198,1.437284487,1.273417965,,0.004080663,0.002631579,0.002631579,,0.005921349,0.003782328,0.0033511
225312,Mosquera,DEF,4.5,WOL,0.253530948,5.989620378,5.188157462,,8.473684211,1.947368421,0.921052632,,1.705386967,3.176978511,0.927909346,,0.092481601,0.026315789,0.013157895,,0.157716917,0.083604698,0.012209334
273846,McCarron,DEF,4,LEE,0.082298236,5.986509292,5.187137146,,1.052631579,0.526315789,0.526315789,,1.655614217,1.905320634,1.634171286,,0.021578682,0.013157895,0.013157895,,0.035725973,0.025070008,0.021502254
192749,J Sorensen,DEF,4.5,NOR,0.177164104,5.983650003,5.186988274,,3.684210526,1.842105263,1.842105263,,1.992332556,1.990163215,1.401393423,,0.044125472,0.026315789,0.026315789,,0.087912614,0.052372716,0.036878774
45003,Bednarek,DEF,4.2,SOU,5.817934104,5.975828841,5.227986085,,84.54761905,84.54761905,84.54761905,,2.487678653,1.343294994,2.14420192,,0.973684211,0.973684211,0.973684211,,2.422213425,1.307945126,2.087775554
262155,Nkoulou,DEF,4.5,WAT,0.348632319,5.958554627,5.173037494,,6.736842105,3.368421053,3.368421053,,2.246932176,1.797661516,0.993674789,,0.089775688,0.052631579,0.052631579,,0.201719882,0.094613764,0.052298673
184652,Hoever,DEF,4.5,WOL,0.326453542,5.936375851,5.14581194,,6.315789474,3.157894737,3.157894737,,1.563468237,2.611254188,0.924495825,,0.089775688,0.052631579,0.052631579,,0.140361436,0.137434431,0.048657675
23242,J Stephens,DEF,4.5,SOU,0.404648577,5.930964366,5.142898147,,6.315789474,6.315789474,6.315789474,,2.130770713,1.165570867,1.82920706,,0.078947368,0.078947368,0.078947368,,0.16821874,0.092018753,0.144411084
45117,Ritchie,DEF,4.2,NEW,1.012515239,5.907252081,5.090355717,,9.947368421,9.947368421,9.947368421,,1.118003159,2.092884201,2.28562394,,0.184210526,0.184210526,0.184210526,,0.20594795,0.3855313,0.421035989
226790,Perraud,DEF,4.9,SOU,5.583481806,5.89927128,5.158319384,,78.92857143,78.92857143,78.92857143,,2.440453148,1.342126509,2.111095582,,0.947368421,0.947368421,0.947368421,,2.312008246,1.271488271,1.999985289
150363,B Williams,DEF,4.2,NOR,5.78724606,5.894030743,5.325992898,,162.047619,81.02380952,81.02380952,,2.85328658,1.8561904,1.159294622,,0.999239237,0.973684211,0.973684211,,2.851115906,1.807343285,1.128786869
25865,Manquillo,DEF,4,NEW,0.772145393,5.877408551,5.057308246,,17.68421053,10.65789474,8.421052632,,0.983364405,2.284679073,2.512803579,,0.210526316,0.131578947,0.105263158,,0.207024085,0.300615667,0.26450564
192734,Zimmermann,DEF,4.4,NOR,0.536979689,5.851423619,5.075199776,,11.05263158,7.368421053,7.368421053,,1.661333813,1.80668378,1.207337862,,0.132251719,0.105263158,0.105263158,,0.219714253,0.19017724,0.127088196
192718,Byram,DEF,4.5,NOR,0.857812506,5.834781058,5.061984156,,15.10526316,6.578947368,6.578947368,,1.838338143,1.711852875,1.33762307,,0.248357829,0.131578947,0.131578947,,0.456565671,0.225243799,0.176003036
225479,Giannoulis,DEF,4.5,NOR,0.802571546,5.779540098,5.011798671,,16.84210526,7.368421053,7.368421053,,1.703802443,1.672178355,1.211405055,,0.248357829,0.131578947,0.131578947,,0.423152676,0.220023468,0.159395402
24382,Masuaku,DEF,4.9,WHU,0.725142924,5.777774503,5.011613031,,4.736842105,4.736842105,4.736842105,,1.794738246,1.222036665,1.57579694,,0.157894737,0.157894737,0.157894737,,0.283379723,0.192953158,0.248810043
225298,Ngakia,DEF,4.5,WAT,0.936475058,5.7680005,5.016550233,,14.21052632,7.105263158,7.105263158,,1.956779838,1.576987909,1.027163523,,0.268447805,0.157894737,0.157894737,,0.525293253,0.248998091,0.162183714
88450,Fredericks,DEF,4.5,WHU,0.702280098,5.754911677,4.991356626,,4.736842105,4.736842105,4.736842105,,1.729559227,1.186941821,1.531272905,,0.157894737,0.157894737,0.157894737,,0.273088299,0.187411866,0.241779932
242872,Valery,DEF,4,SOU,2.117824537,5.749403484,4.99967864,,31.57894737,31.57894737,31.57894737,,2.215958896,1.234561369,1.914635229,,0.394736842,0.394736842,0.394736842,,0.874720617,0.487326856,0.755777064
139838,Krafth,DEF,4.7,NEW,1.454731637,5.665257952,4.831760531,,40.94047619,20.75,12.94736842,,0.98257446,2.302941315,2.537372032,,0.486842105,0.25,0.157894737,,0.478358619,0.575735329,0.400637689
178201,Salisu,DEF,4.4,SOU,4.367017277,5.630175172,4.91736372,,66.35714286,66.35714286,66.35714286,,2.311968264,1.237812323,1.98177463,,0.789473684,0.789473684,0.789473684,,1.825238103,0.977220255,1.564558918
256301,Lyanco,DEF,4.5,SOU,1.775082359,5.406661306,4.700346112,,27.63157895,27.63157895,27.63157895,,1.859644163,1.040668593,1.596562554,,0.394736842,0.394736842,0.394736842,,0.734070064,0.410790234,0.630222061
45106,Salah,MID,13.6,LIV,26.41218441,26.60322317,23.75146198,,143.2619048,74.76190476,72.07142857,,12.50064327,7.093812879,7.53711613,,0.996585887,0.960526316,0.947368421,,12.45796466,6.81379395,7.140425808
23472,Son,MID,10.5,TOT,23.843886,23.98329845,21.1786125,,157.2952381,78.64761905,78.64761905,,10.03541658,7.06730546,7.243646389,,0.998714829,0.965789474,0.965789474,,10.02251935,6.825529221,6.995837434
23126,Mane,MID,10.6,LIV,22.33659697,22.60431328,20.26276061,,143.3809524,70.35714286,66,,10.97124493,5.964670246,6.231584766,,0.997720793,0.947368421,0.921052632,,10.94623919,5.650740233,5.739617548
278661,Coutinho,MID,6.5,AVL,20.63281563,20.70637737,18.55132641,,138.0714286,138.0714286,69.03571429,,8.073534039,9.449557427,3.243195769,,0.998714829,0.998714829,0.965789474,,8.063158167,9.437413129,3.132244334
55898,Foden,MID,8.2,MCI,19.32680499,19.65625091,17.67307443,,133.6666667,66.83333333,66.83333333,,9.915119712,4.945926268,5.345980657,,0.993171773,0.921052632,0.921052632,,9.847417028,4.555458405,4.923929553
23161,De Bruyne,MID,11.6,MCI,18.80487826,19.19187431,17.24787157,,131.8571429,65.92857143,65.92857143,,9.663340295,4.881342206,5.286451331,,0.9907125,0.907894737,0.907894737,,9.573592022,4.431744898,4.79954134
45039,H Barnes,MID,7.2,LEI,18.67362593,18.98296725,17.07244256,,117.8809524,109.0952381,53.78571429,,8.808139515,6.320468688,4.273009973,,0.992039286,0.984869001,0.868421053,,8.738020433,6.224833681,3.710771818
23023,Zaha,MID,7.2,CRY,18.66800907,18.77479375,16.33428962,,82.78571429,165.5714286,82.78571429,,5.486011032,8.674373638,4.784500145,,0.973684211,0.999239237,0.973684211,,5.341642321,8.6677745,4.658592246
106430,Saka,MID,7,ARS,18.63044228,18.76985473,16.83297032,,148.5571429,74.27857143,74.27857143,,9.28341168,4.537152938,5.153324776,,0.998714829,0.965789474,0.965789474,,9.271480908,4.381934548,4.977026823
88567,Jota,MID,7.9,LIV,18.36031524,18.73481418,16.86731571,,116.7142857,50.16666667,48.83333333,,9.516271847,4.688656743,5.090282363,,0.996961057,0.921052632,0.894736842,,9.48735244,4.318499632,4.554463167
110910,Tielemans,MID,6.4,LEI,17.59353618,17.84422809,15.9994953,,144.3571429,138.1428571,69.07142857,,7.9616387,6.205899471,3.983972265,,0.992039286,0.987877917,0.894736842,,7.898258369,6.130671045,3.564606764
182529,Havertz,MID,7.9,CHE,17.16563811,17.77441328,15.70957329,,103.7142857,61.64285714,61.64285714,,7.846159373,5.275151348,5.828878684,,0.958770311,0.868421053,0.868421053,,7.522664663,4.581052487,5.061920962
187805,Raphinha,MID,7.5,LEE,17.27658861,17.42652738,15.61475537,,160.7904762,79.52142857,76.5,,8.239157177,4.940351578,4.45243461,,0.998714829,0.965789474,0.960526316,,8.228568451,4.771339551,4.276680612
242870,A Gordon,MID,4.5,EVE,17.35030011,17.42386185,15.5831125,,148.5571429,148.5571429,74.27857143,,6.941138256,7.404000484,3.130700231,,0.998714829,0.998714829,0.965789474,,6.932217706,7.394485078,3.023597328
23153,Sterling,MID,9.5,MCI,16.90424561,17.23369154,15.49024258,,107,53.5,53.5,,8.672971144,4.315958825,4.685150553,,0.993171773,0.921052632,0.921052632,,8.613750132,3.975225234,4.315270246
139971,I Sarr,MID,6.2,WAT,16.87259166,16.97937634,15.39982653,,165.5714286,82.78571429,82.78571429,,8.756867608,4.747809257,3.594100635,,0.999239237,0.973684211,0.973684211,,8.750205712,4.622866908,3.499519039
131333,McGinn,MID,5.6,AVL,16.8281994,16.90176114,15.11790383,,164.2857143,164.2857143,82.14285714,,6.574818147,7.538759834,2.829560536,,0.998714829,0.998714829,0.965789474,,6.566368381,7.529071238,2.732759781
45081,B Silva,MID,7.3,MCI,16.45317114,16.78261707,15.08416049,,133.6666667,66.83333333,66.83333333,,8.436913081,4.212999765,4.55291321,,0.993171773,0.921052632,0.921052632,,8.379303927,3.88039452,4.193472694
291491,Kulusevski,MID,6.9,TOT,16.4855684,16.70065313,14.7835217,,145.0952381,72.07142857,72.07142857,,7.153270278,4.904229205,4.963739477,,0.997720793,0.947368421,0.947368421,,7.136966494,4.646111878,4.702490031
139802,Mount,MID,7.2,CHE,15.83936526,16.44814042,14.5409908,,103.7142857,61.64285714,61.64285714,,7.255889229,4.889699716,5.338788018,,0.958770311,0.868421053,0.868421053,,6.956731172,4.246318174,4.63631591
184630,Gallagher,MID,6.2,CRY,16.3015648,16.44097725,14.30788889,,83.89047619,167.7809524,83.89047619,,4.850693666,7.568756999,4.201522359,,0.965789474,0.998714829,0.965789474,,4.684748883,7.559029852,4.057786068
186002,J Ramsey,MID,4.7,AVL,16.25600567,16.34133915,14.61508619,,148.1666667,149.5238095,74.76190476,,6.314250621,7.371866382,2.698374317,,0.99851751,0.998289435,0.960526316,,6.304889808,7.359256324,2.591859542
201990,Odegaard,MID,6.3,ARS,15.90509499,16.04450743,14.3858178,,146.8095238,73.4047619,73.4047619,,7.894848544,3.931994086,4.372499691,,0.998714829,0.965789474,0.965789474,,7.884702313,3.797478499,4.222914175
88492,Maddison,MID,7,LEI,15.39669978,15.96105952,13.99384829,,72.8283208,110.8095238,60.16666667,,6.238026136,6.19091876,4.549073766,,0.84732745,0.975755835,0.894736842,,5.28565078,6.040825102,4.070223896
23109,Mahrez,MID,8.7,MCI,15.42535026,15.87064705,14.25061956,,97.66666667,48.83333333,48.83333333,,7.94387862,4.061384873,4.407885232,,0.987877917,0.894736842,0.894736842,,7.847582267,3.633870676,3.943897313
234800,D Gray,MID,5.6,EVE,15.23239867,15.3498176,13.72628083,,116.7142857,116.7142857,58.35714286,,6.13366235,6.488900551,2.795316962,,0.996961057,0.996961057,0.947368421,,6.1150225,6.469181153,2.648195017
132974,Rodri,MID,5,MCI,14.9040788,15.06539467,13.55237643,,159.952381,79.97619048,79.97619048,,7.59083967,3.686559917,3.940741528,,0.998289435,0.960526316,0.960526316,,7.577855044,3.541037815,3.785185942
283021,Diaz,MID,5.7,LIV,14.44537701,14.87038401,13.42355881,,114.352381,48.5,44.35714286,,7.667582142,3.721474045,3.875172796,,0.998022814,0.921052632,0.868421053,,7.652421904,3.427673462,3.365281639
197966,Smith Rowe,MID,6.4,ARS,14.53484388,14.69615975,13.17737816,,123.452381,61.72619048,61.72619048,,7.234285351,3.606798481,4.006666269,,0.998289435,0.960526316,0.960526316,,7.221910634,3.464424857,3.84850839
137792,Douglas Luiz,MID,5,AVL,14.36593439,14.4848728,12.92962494,,147.4642857,151,75.5,,5.539953274,6.471319182,2.528448654,,0.996201321,0.996961057,0.947368421,,5.518908772,6.451653213,2.395372409
140008,Martinelli,MID,5.5,ARS,14.24086,14.40217587,12.91496966,,111.2857143,55.64285714,55.64285714,,7.106007443,3.506220374,3.934500128,,0.998289435,0.960526316,0.960526316,,7.093852154,3.367816938,3.779190912
161049,Bowen,MID,6.9,WHU,14.07135562,14.27661878,12.54490237,,78.64761905,78.64761905,78.64761905,,5.938624091,4.010510941,4.620660983,,0.965789474,0.965789474,0.965789474,,5.735460635,3.873309251,4.462585738
23337,Xhaka,MID,4.9,ARS,14.12772498,14.23450966,12.75392537,,170.8571429,85.42857143,85.42857143,,6.943199155,3.520513691,3.863613394,,0.999239237,0.973684211,0.973684211,,6.93791703,3.427868594,3.761939358
88550,Fabinho,MID,5.4,LIV,13.9080495,14.1246537,12.63189765,,154.4285714,77.21428571,77.21428571,,6.773093312,3.618115975,3.934953213,,0.996961057,0.947368421,0.947368421,,6.752510269,3.427688819,3.727850413
192214,Mbeumo,MID,6,BRE,13.84918566,14.05444881,12.1508839,,78.64761905,78.64761905,78.64761905,,4.894562141,4.293198683,5.151995442,,0.965789474,0.965789474,0.965789474,,4.727116594,4.146326096,4.975742967
24092,Hojbjerg,MID,5.1,TOT,13.73809448,13.95469868,12.40532885,,161.2857143,80.64285714,80.64285714,,6.226023842,3.978915213,3.970464358,,0.996961057,0.947368421,0.947368421,,6.207103311,3.769498623,3.761492549
132426,D James,MID,6,LEE,13.7450049,13.89494366,12.45509388,,153.8,76.02619048,71.28571429,,6.571931024,3.95898416,3.495973664,,0.998714829,0.965789474,0.960526316,,6.563484969,3.823545229,3.357974703
23492,Doucoure,MID,5.9,EVE,13.2831663,13.84220739,12.36857676,,132.547619,121.2857143,60.64285714,,5.707461414,5.699322994,2.875043882,,0.979209927,0.951795845,0.789473684,,5.588802873,5.424591943,2.269771486
186746,Lookman,MID,6,LEI,12.87910223,13.70575443,12.22589278,,84.33333333,84.33333333,42.16666667,,6.209321672,4.817079994,3.637968056,,0.924915898,0.924915898,0.736842105,,5.743100328,4.455393866,2.680608041
176658,Harrison,MID,6.1,LEE,13.45131211,13.62756666,12.21865306,,146.8095238,71.65714286,67.78571429,,6.494463403,3.799524455,3.478746393,,0.998714829,0.965789474,0.947368421,,6.486116906,3.669540723,3.295654478
256300,Cornet,MID,5.7,BUR,13.12154663,13.54867715,11.63644789,,53.78571429,130.4285714,65.21428571,,3.536670727,6.309430387,4.067099054,,0.842105263,0.996961057,0.947368421,,2.978249034,6.290256389,3.853041209
161009,Brownhill,MID,5.2,BUR,13.14438171,13.25116639,11.44464921,,82.78571429,165.5714286,82.78571429,,3.528153494,6.114652326,3.696346096,,0.973684211,0.999239237,0.973684211,,3.435307349,6.110000528,3.59907383
225295,Rashica,MID,5.4,NOR,12.84465382,12.98406627,11.68870511,,143.3142857,71.65714286,71.65714286,,6.508194225,3.304293553,3.265278713,,0.998714829,0.965789474,0.965789474,,6.499830083,3.191251931,3.15357181
283053,Eriksen,MID,5.8,BRE,12.65065489,12.87697068,11.15161035,,76.9,74.76190476,74.76190476,,4.545003202,3.955565145,4.645072346,,0.965789474,0.960526316,0.960526316,,4.389516251,3.799424416,4.461714227
242878,Dewsbury-Hall,MID,4.5,LEI,12.4181723,12.87530035,11.33048432,,90.23809524,124.9047619,65.02380952,,4.92396299,5.087273038,3.371979924,,0.894882257,0.981816876,0.894736842,,4.406367111,4.994770522,3.017034668
182530,Allan,MID,4.4,EVE,12.53241394,12.84705578,11.4679961,,147,139,69.5,,5.153271383,5.29494864,2.555821215,,0.993171773,0.981086251,0.868421053,,5.118083679,5.19480131,2.21952895
23102,Kante,MID,5.1,CHE,12.614847,12.83905784,11.46801972,,122.4642857,63.5,63.5,,6.084254819,3.353544844,3.583800858,,0.993157739,0.947368421,0.947368421,,6.04262476,3.177042483,3.39517976
96761,McNeil,MID,5.7,BUR,12.25633555,12.41765142,10.74003908,,71.28571429,137.3571429,68.67857143,,3.408725774,5.677321152,3.450769605,,0.960526316,0.998289435,0.960526316,,3.274170809,5.667609724,3.314555015
23464,Cork,MID,4.5,BUR,12.21060627,12.31739095,10.64073102,,81.02380952,162.047619,81.02380952,,3.256120059,5.746228225,3.387460571,,0.973684211,0.999239237,0.973684211,,3.170432689,5.74185671,3.298316872
192747,McLean,MID,5,NOR,12.17551567,12.28686493,11.0193667,,159.2857143,84.54761905,84.54761905,,5.944270565,3.249141391,3.169093345,,0.99695695,0.973684211,0.973684211,,5.926181852,3.163637671,3.085696152
132424,Trossard,MID,6.6,BHA,11.93340609,12.24919556,10.59396503,,72.07142857,72.07142857,72.07142857,,4.12038822,4.1897638,4.286221073,,0.947368421,0.947368421,0.947368421,,3.903525682,3.969249916,4.06063049
28842,Sissoko,MID,4.5,WAT,11.91627008,12.24571601,11.06432322,,153.6666667,76.83333333,76.83333333,,6.201321081,3.435937397,2.814837886,,0.993171773,0.921052632,0.921052632,,6.158977056,3.164679182,2.592613842
192735,Buendia,MID,6.3,AVL,12.10930723,12.22672616,10.93472079,,92.71428571,92.71428571,46.35714286,,4.752683321,5.462463274,2.032159652,,0.996961057,0.996961057,0.947368421,,4.738240188,5.44586316,1.925203881
291492,Bentancur,MID,5,TOT,12.05308073,12.19249318,10.84531605,,153.8,76.9,76.9,,5.453325928,3.445271652,3.395518645,,0.998714829,0.965789474,0.965789474,,5.446317472,3.327407095,3.279356165
131338,Grealish,MID,7.4,MCI,10.5492547,12.1702064,10.84758469,,90.33333333,45.16666667,45.16666667,,6.147117788,3.784430637,4.086592554,,0.873734676,0.657894737,0.657894737,,5.370949966,2.489756998,2.688547733
132434,Pulisic,MID,7.7,CHE,10.39591627,12.07983597,10.75305337,,78.86842105,35.36842105,35.36842105,,5.937296937,3.837256476,4.210406631,,0.894882257,0.631578947,0.631578947,,5.313181681,2.423530406,2.659204188
176648,K Phillips,MID,5,LEE,11.90256652,12.00935121,10.75355305,,165.5714286,82.78571429,82.78571429,,5.680594921,3.297765623,3.096805757,,0.999239237,0.973684211,0.973684211,,5.676273338,3.210982317,3.015310869
23121,J Henderson,MID,5.1,LIV,11.49892678,11.94422358,10.66163239,,120.3333333,60.16666667,60.16666667,,5.642399218,3.198420583,3.423554634,,0.987877917,0.894736842,0.894736842,,5.574001589,2.861744732,3.063180462
160700,Soucek,MID,6,WHU,11.5917393,11.90752877,10.42405398,,80.64285714,80.64285714,80.64285714,,4.770561208,3.509364065,3.955799542,,0.947368421,0.947368421,0.947368421,,4.519479039,3.324660693,3.747599566
230249,Olise,MID,5.4,CRY,11.64037544,11.86903257,10.32881868,,63.5,112.7142857,63.5,,3.665948679,5.167430159,3.216052016,,0.947368421,0.990934595,0.947368421,,3.473004011,5.12058531,3.046786121
23160,Gundogan,MID,7.4,MCI,9.690580088,11.75529208,10.45489743,,74.04761905,37.02380952,37.02380952,,6.093339641,3.950600086,4.265177434,,0.809749268,0.578947368,0.578947368,,4.934077313,2.287189524,2.469313251
176655,Klich,MID,5.3,LEE,11.54565886,11.72191342,10.5407136,,146.8095238,73.4047619,63.5,,5.660178072,3.356205267,2.798665559,,0.998714829,0.965789474,0.947368421,,5.652903775,3.241387718,2.651367371
23404,Ward-Prowse,MID,6.9,SOU,11.54066614,11.69856087,10.14650821,,85.42857143,85.42857143,85.42857143,,4.087778827,3.73418943,4.030607775,,0.973684211,0.973684211,0.973684211,,3.9802057,3.635921287,3.924539149
91130,Moutinho,MID,5.7,WOL,11.44513162,11.58379906,10.42997953,,159,76.02619048,74.27857143,,5.518465586,3.596386484,2.545430893,,0.99908733,0.965789474,0.965789474,,5.513429047,3.473352209,2.458350362
184638,Thiago,MID,5.5,LIV,11.09287528,11.4223212,10.20160748,,117,58.5,58.5,,5.410961439,2.991113685,3.217935518,,0.993171773,0.921052632,0.921052632,,5.374014169,2.754973131,2.963887977
23103,Schlupp,MID,5.6,CRY,10.19207671,11.4166429,9.91769404,,51.71428571,119.9761905,51.71428571,,3.701410731,5.415761795,3.274901286,,0.710526316,0.966664273,0.710526316,,2.62994973,5.235223436,2.326903545
160701,Fernandes,MID,11.3,MUN,9.276746104,11.38200926,9.86511911,,82.78571429,0,82.78571429,,4.703183491,0.001277,4.82428548,,0.973684211,0,0.973684211,,4.579415505,0,4.697330599
23326,Iwobi,MID,5.5,EVE,10.25258399,11.13307656,9.924285828,,94.04761905,84.14285714,42.07142857,,4.659199608,4.537477954,2.459226661,,0.939932718,0.909294684,0.710526316,,4.379334151,4.125904583,1.747345259
176631,Ziyech,MID,6.9,CHE,8.690636594,11.00076741,9.835751478,,82.37218045,28.42105263,28.42105263,,5.598452411,3.69960544,4.038999784,,0.89756617,0.473684211,0.473684211,,5.024981488,1.752444682,1.913210424
242864,Kucka,MID,5.5,WAT,10.22241831,10.6677151,9.630378732,,123.5714286,61.78571429,61.78571429,,5.355508316,3.074521493,2.437523694,,0.987877917,0.894736842,0.894736842,,5.290588401,2.750887652,2.180942252
233400,Lokonga,MID,5,ARS,10.11472536,10.56002216,9.430458348,,128.4285714,64.21428571,64.21428571,,5.020236713,2.75868156,3.003173916,,0.987877917,0.894736842,0.894736842,,4.959380989,2.468294027,2.687050346
144450,Gilmour,MID,4.5,NOR,10.39025984,10.55157571,9.490338876,,137.3571429,68.67857143,68.67857143,,5.235993326,2.722733521,2.652676754,,0.998289435,0.960526316,0.960526316,,5.227036818,2.615257198,2.547965829
23028,McArthur,MID,4.5,CRY,10.20600311,10.42260731,9.053137962,,63.5,127,63.5,,2.944873106,4.914857865,2.6559904,,0.947368421,0.996961057,0.947368421,,2.789879785,4.899921893,2.516201431
139204,Saint-Maximin,MID,6.8,NEW,10.18360502,10.40992081,8.923167485,,77.77380952,75.63095238,73.02380952,,3.023031254,3.773549313,3.788964212,,0.965789474,0.960526316,0.960526316,,2.919611763,3.624593419,3.639399835
88518,Keita,MID,5.1,LIV,9.001971275,10.17473742,9.045001646,,83,39.5,39.5,,4.745180751,2.972313778,3.191585653,,0.939932718,0.736842105,0.736842105,,4.460150641,2.190125942,2.351694692
88639,Jorginho,MID,5.5,CHE,8.238118106,10.15204765,9.016727403,,96.14285714,36.83333333,46.35714286,,4.923187866,3.150504968,3.518554059,,0.885140491,0.526315789,0.631578947,,4.357712928,1.658160509,2.222244669
192201,Norgaard,MID,4.5,BRE,9.912835793,10.11809895,8.757678216,,76.9,76.9,76.9,,3.493990901,3.178232377,3.591748389,,0.965789474,0.965789474,0.965789474,,3.374459633,3.069503374,3.468872786
257179,Cucurella,MID,4.5,BHA,9.883372849,10.04126759,8.685679608,,84.54761905,84.54761905,84.54761905,,3.349180116,3.326238501,3.475072417,,0.973684211,0.973684211,0.973684211,,3.261043797,3.238705909,3.383623143
139207,Neto,MID,5.9,WOL,9.560998849,9.982183436,8.934397423,,101.3333333,48.41666667,47.21428571,,4.40139922,3.560849782,2.213502738,,0.992039286,0.902631579,0.894736842,,4.366360938,3.214135461,1.98050245
92413,Dendoncker,MID,5,WOL,8.934790992,9.950717723,8.931926677,,126.3809524,54.07142857,49.5,,4.648220675,3.452301577,2.313481219,,0.97887874,0.776315789,0.736842105,,4.550044396,2.680076224,1.704670372
225310,Louza,MID,5.5,WAT,9.561871312,9.891317239,8.934236559,,127,63.5,63.5,,4.980494097,2.777288408,2.233701192,,0.993171773,0.921052632,0.921052632,,4.946486155,2.558028797,2.057356361
132425,Fornals,MID,6.1,WHU,9.58065713,9.785920288,8.571730718,,64.66666667,64.66666667,64.66666667,,3.890700895,2.833916767,3.195408795,,0.965789474,0.965789474,0.965789474,,3.757597969,2.736966983,3.086092178
32973,Rice,MID,5.1,WHU,9.499967441,9.736809546,8.487966968,,81.71428571,81.71428571,81.71428571,,3.64620903,2.979452403,3.264715629,,0.960526316,0.960526316,0.960526316,,3.502279726,2.86184244,3.135845275
242910,Elyounoussi,MID,5.3,SOU,8.91671224,9.706185924,8.416376258,,58.5,58.5,58.5,,3.567614103,3.16285667,3.537258473,,0.868421053,0.868421053,0.868421053,,3.098191195,2.746691319,3.071829726
163914,Mac Allister,MID,5.6,BHA,9.089905803,9.563590013,8.272558795,,61.83333333,61.83333333,61.83333333,,3.243738516,3.257289218,3.368012852,,0.921052632,0.921052632,0.921052632,,2.987653897,3.000134806,3.102117101
23194,Rashford,MID,7.9,MUN,7.183315031,9.288578189,8.048985101,,65.16666667,0,65.16666667,,3.646842858,0.001281,3.730615823,,0.973684211,0,0.973684211,,3.550873309,0,3.632441722
189709,Benrahma,MID,5.8,WHU,8.809419603,9.283103814,8.134183372,,53.5,53.5,53.5,,3.784038986,2.711594858,3.068878869,,0.921052632,0.921052632,0.921052632,,3.485299066,2.49752158,2.826598958
23394,Loftus-Cheek,MID,5.5,CHE,7.192307215,9.282363686,8.334098777,,81.20927318,36.83333333,16.57894737,,4.621714885,2.92505655,2.648992922,,0.928655975,0.657894737,0.368421053,,4.291983145,1.924379309,0.975944761
192212,Canos,MID,5.3,BRE,8.449563391,9.186405496,7.904729106,,49.21428571,60.16666667,60.16666667,,3.17166397,2.97384383,3.481398735,,0.789473684,0.921052632,0.921052632,,2.503945239,2.739066685,3.206551466
84632,Willock,MID,5.4,NEW,8.538364613,9.169943561,7.848137877,,61.78571429,61.78571429,61.78571429,,2.678011938,3.359723237,3.505142921,,0.894736842,0.894736842,0.894736842,,2.396115945,3.00606816,3.136180509
88466,Neves,MID,6.1,WOL,8.397747643,9.089730283,7.947091628,,79.95614035,64.78571429,74.27857143,,3.370627419,3.627154224,2.572627354,,0.819798154,0.868421053,0.965789474,,2.763234136,3.149897089,2.484616418
23099,Albrighton,MID,5.5,LEI,7.291974105,9.044208941,7.992783872,,66.31578947,66.31578947,33.15789474,,4.027983802,3.34484899,2.713722312,,0.785625501,0.785625501,0.552631579,,3.164486794,2.627798665,1.499688646
88507,S Armstrong,MID,5.7,SOU,8.721355129,9.037144603,7.838038266,,65.21428571,65.21428571,65.21428571,,3.193397738,2.860586176,3.151890944,,0.947368421,0.947368421,0.947368421,,3.025324172,2.710029009,2.986001947
92389,Kovacic,MID,5.1,CHE,7.956247846,8.986974221,7.816361571,,56.52631579,44.92857143,54.92857143,,3.686037293,2.838278468,3.123497091,,0.747794707,0.789473684,0.947368421,,2.756399179,2.240746159,2.959102508
77665,Lucas Moura,MID,6.3,TOT,8.66251645,8.956548549,8.059114544,,89.02380952,35.5,27.63157895,,4.389835036,2.465478877,2.14907419,,0.997720793,0.934210526,0.921052632,,4.379829692,2.303276319,1.979410438
242911,Wissa,MID,5.5,BRE,8.657316557,8.946790241,7.824105626,,59.11904762,46.35714286,46.35714286,,3.513818824,2.585829879,2.989826845,,0.960526316,0.947368421,0.947368421,,3.37511545,2.44973357,2.832467538
257281,Normann,MID,5,NOR,8.744930356,8.884342804,7.988313569,,125.8380952,62.91904762,62.91904762,,4.403737788,2.264228284,2.236599529,,0.998714829,0.965789474,0.965789474,,4.398078232,2.186767843,2.160084282
45042,Shelvey,MID,6,NEW,8.346348876,8.820033087,7.565467009,,73.5,73.5,73.5,,2.625580141,3.177062898,3.25910717,,0.921052632,0.921052632,0.921052632,,2.418297498,2.926242143,3.001809235
192211,Janelt,MID,5,BRE,8.327034849,8.800719059,7.617124553,,61.83333333,61.83333333,61.83333333,,3.073225408,2.803537645,3.16401764,,0.921052632,0.921052632,0.921052632,,2.830602349,2.582205726,2.914226774
219749,Elanga,MID,4.5,MUN,6.596554391,8.701817549,7.552394569,,66.92857143,0,65.16666667,,3.399857992,0.001527,3.374981652,,0.973684211,0,0.973684211,,3.310388045,0,3.286166346
255775,Lennon,MID,5,BUR,7.839248572,8.639454458,7.484001033,,52.26190476,101.5238095,46.35714286,,2.523611316,3.868506979,2.49299866,,0.842105263,0.968318109,0.789473684,,2.125146371,3.745945364,1.968156837
94552,N Mendy,MID,4.5,LEI,7.055077575,8.583061902,7.628980684,,90.85714286,73.43984962,35.36842105,,3.833695096,3.006149996,2.283804286,,0.885140491,0.798235766,0.552631579,,3.393358762,2.399616445,1.262102369
40951,McTominay,MID,5.5,MUN,6.418337795,8.523600953,7.398214222,,81.02380952,0,79.26190476,,3.311624564,0.001285,3.280181821,,0.973684211,0,0.973684211,,3.224476549,0,3.193861247
283020,Guimaraes,MID,5.3,NEW,8.047403531,8.521087741,7.320994154,,63.5,61.83333333,56.83333333,,2.532349159,3.167935664,3.036896153,,0.921052632,0.921052632,0.921052632,,2.332426857,2.91783548,2.797141194
23236,Romeu,MID,4.5,SOU,8.157752053,8.473541527,7.351557901,,77.21428571,77.21428571,77.21428571,,2.975106348,2.72216994,2.913684212,,0.947368421,0.947368421,0.947368421,,2.818521804,2.578897838,2.760332411
90433,Bissouma,MID,4.5,BHA,8.194152513,8.430994618,7.292973909,,73.02380952,73.02380952,73.02380952,,2.82054435,2.783198733,2.927155423,,0.960526316,0.960526316,0.960526316,,2.709207073,2.673335626,2.811609814
23539,Lanzini,MID,5.5,WHU,8.110862448,8.426651921,7.361536166,,58.35714286,58.35714286,58.35714286,,3.24293682,2.534427014,2.784102083,,0.947368421,0.947368421,0.947368421,,3.072255934,2.401036119,2.637570394
230256,Lees-Melou,MID,5,NOR,7.624586441,8.063822197,7.263870132,,95.85714286,42.35714286,42.35714286,,4.084526557,2.00363437,1.994406666,,0.990908438,0.894736842,0.894736842,,4.04739183,1.792725489,1.784469123
88532,Fred,MID,5.1,MUN,5.346859083,7.925806452,6.818659376,,54.16666667,0,73.97619048,,3.016986383,0.001274,3.208243958,,0.736842105,0,0.973684211,,2.223042598,0,3.123816485
45069,Perez,MID,6,LEI,4.776510536,7.896486567,7.001431459,,37.89473684,23.94736842,9.210526316,,4.014127381,2.838251001,2.495453266,,0.662999124,0.513854965,0.263157895,,2.661362938,1.45844937,0.656698228
160975,Podence,MID,5.4,WOL,5.504895291,7.764550242,6.733441157,,36.94736842,38,47.5,,2.790794639,3.6527042,2.470435275,,0.528067262,0.605263158,0.736842105,,1.473727283,2.210847279,1.820320729
138306,Pepe,MID,7.4,ARS,6.396587702,7.73589307,6.85355808,,38.36842105,19.18421053,19.18421053,,3.512941253,2.143275334,2.363649777,,0.909294684,0.710526316,0.710526316,,3.194298807,1.522853527,1.679435368
181309,van de Beek,MID,5.8,EVE,5.851192412,7.647294875,6.668214923,,30,56.84210526,28.42105263,,2.608386141,3.488323984,2.002276793,,0.61655465,0.853815171,0.631578947,,1.608212604,2.978383939,1.264595869
23053,Cleverley,MID,5,WAT,6.302663486,7.641968854,6.815245075,,79,39.5,39.5,,3.572382342,2.342917519,1.955748335,,0.909294684,0.710526316,0.710526316,,3.248348274,1.664704553,1.389610659
226791,Trincao,MID,5.8,WOL,5.6020463,7.600355454,6.744191657,,65.25438596,24.31578947,21.05263158,,3.282580515,2.893169952,1.875741326,,0.895582265,0.578947368,0.526315789,,2.939820893,1.67499313,0.987232277
226789,Soumare,MID,5,LEI,5.411950924,7.569077876,6.726824404,,69.83834586,43.57894737,18.94736842,,3.522982913,2.497707507,1.947883147,,0.823456295,0.676927598,0.421052632,,2.901022457,1.690767142,0.820161325
23162,Delph,MID,4.5,EVE,6.216531325,7.538112746,6.640116515,,70.73684211,70.73684211,35.36842105,,2.873392682,3.061717857,1.819319515,,0.853815171,0.853815171,0.631578947,,2.453346264,2.614141156,1.149043904
185623,Murphy,MID,5,NEW,5.866302724,7.234723777,6.23176462,,44.92857143,43.5,36.83333333,,2.232913035,2.752013881,2.620417715,,0.789473684,0.789473684,0.736842105,,1.76282608,2.172642538,1.930834106
203010,Caicedo,MID,4.5,BHA,4.612672803,7.086357014,6.159319624,,42.78571429,33.15789474,33.15789474,,2.712294356,2.520353917,2.597465494,,0.657894737,0.552631579,0.552631579,,1.784404182,1.392827164,1.435441457
69539,Hudson-Odoi,MID,5.5,CHE,2.840413469,7.084168648,6.158044492,,19.47368421,13.15789474,13.15789474,,3.358000229,3.02847302,3.275904653,,0.351806621,0.263157895,0.263157895,,1.181366713,0.796966584,0.862080172
23310,Fernandinho,MID,5,MCI,3.286271206,7.006448868,6.131747524,,34.10526316,17.05263158,17.05263158,,3.28294354,2.482760867,2.639149004,,0.508332222,0.315789474,0.315789474,,1.668825983,0.784029748,0.833415475
25871,Winks,MID,4.5,TOT,4.236232139,6.93141122,6.050269512,,51.15789474,25.57894737,25.57894737,,2.749227127,2.432128261,2.419018114,,0.705042038,0.473684211,0.473684211,,1.938320698,1.152060755,1.145850686
192210,Jensen,MID,5,BRE,6.13160504,6.921078724,5.990057183,,38.85714286,38.85714286,38.85714286,,2.391625853,2.201479999,2.467530255,,0.868421053,0.868421053,0.868421053,,2.076938241,1.911811578,2.142855221
23127,Lallana,MID,5.5,BHA,4.663770569,6.874296885,5.949857062,,34.10526316,34.10526316,34.10526316,,2.427959013,2.442433777,2.513910611,,0.631578947,0.631578947,0.631578947,,1.533447798,1.542589754,1.587733017
226985,Mwepu,MID,5.5,BHA,4.606119766,6.869277661,5.920125228,,24.86842105,34.21052632,34.21052632,,2.257999298,2.516093189,2.588489445,,0.552631579,0.657894737,0.657894737,,1.247841717,1.655324467,1.702953582
45084,Gross,MID,5.7,BHA,3.323281577,6.796965787,5.885086978,,21.89473684,21.89473684,21.89473684,,2.599427352,2.606149806,2.687216587,,0.421052632,0.421052632,0.421052632,,1.094495727,1.097326234,1.131459616
192736,Rupp,MID,4.5,NOR,5.065155318,6.68610702,5.910379277,,55.26315789,27.63157895,27.63157895,,2.922188454,1.923213972,1.894931693,,0.873734676,0.657894737,0.657894737,,2.553217381,1.26527235,1.246665587
241953,Elliott,MID,5.5,LIV,2.139303549,6.591696476,5.73681591,,20.21052632,10.10526316,10.10526316,,2.940788623,2.535747968,2.698456111,,0.352750905,0.210526316,0.210526316,,1.037365848,0.533841677,0.568096023
23008,Matic,MID,5,MUN,2.639170365,6.533907207,5.696339313,,44.64285714,0,26.10526316,,2.621789975,0.001271,2.335344653,,0.631578947,0,0.421052632,,1.655867353,0,0.983303012
202398,Sanson,MID,5,AVL,3.816752716,6.403165695,5.573650419,,23.68421053,37.89473684,18.94736842,,2.07854637,2.771239569,1.615633399,,0.528067262,0.705042038,0.473684211,,1.09761229,1.953840395,0.765300031
184926,Tella,MID,5,SOU,3.864922272,6.391238062,5.541155226,,28.94736842,28.94736842,28.94736842,,2.306800773,2.090996246,2.277977815,,0.578947368,0.578947368,0.578947368,,1.335516237,1.210576774,1.318829261
278691,Kayembe,MID,4.5,WAT,2.964567091,6.332891048,5.544906544,,38.31578947,19.15789474,19.15789474,,2.631833969,2.09554958,1.815046625,,0.578995916,0.368421053,0.368421053,,1.523821121,0.772044582,0.668701388
257277,Saul,MID,6,CHE,1.54899297,6.298212092,5.47955098,,17.63157895,7.105263158,7.105263158,,2.694216811,2.201230305,2.326221712,,0.309600965,0.157894737,0.157894737,,0.834132125,0.34756268,0.367298165
183359,Elneny,MID,4.5,ARS,3.602356175,6.297535256,5.505674708,,42.63157895,21.31578947,21.31578947,,2.509842872,1.874000992,1.995267605,,0.705042038,0.473684211,0.473684211,,1.769544735,0.88768468,0.94512676
160697,Bergwijn,MID,5.9,TOT,4.5045722,6.270626068,5.48126957,,25.26315789,12.63157895,12.63157895,,2.389070346,1.93965409,1.962863092,,0.853815171,0.631578947,0.631578947,,2.039824506,1.225044688,1.239703005
154682,C Jones,MID,4.6,LIV,1.780778116,6.233171043,5.41646625,,16.84210526,8.421052632,8.421052632,,2.458150375,2.107661354,2.232239546,,0.352750905,0.210526316,0.210526316,,0.867114769,0.44371818,0.469945167
110898,Almiron,MID,5.5,NEW,3.91627505,6.232064524,5.380044361,,34.21052632,30.31578947,24.86842105,,1.949444837,2.235005812,2.211532928,,0.657894737,0.631578947,0.552631579,,1.282529498,1.411582618,1.222162934
184648,B Traore,MID,5.9,AVL,1.546393896,6.156813202,5.351193895,,9.473684211,9.473684211,4.736842105,,2.263671286,2.544016617,1.619943992,,0.268447805,0.268447805,0.157894737,,0.607677589,0.682935677,0.25578063
23482,Alli,MID,6.1,EVE,1.945901571,6.113845321,5.315969989,,12.63157895,12.63157895,6.315789474,,2.20827683,2.316413009,1.661612401,,0.352750905,0.352750905,0.210526316,,0.77897165,0.817116785,0.349813137
45036,W Hughes,MID,4.5,CRY,3.820343027,6.111245246,5.305629413,,22.10526316,39.15789474,22.10526316,,1.961544773,2.32906575,1.793592228,,0.552631579,0.749285733,0.552631579,,1.084011585,1.745135737,0.991195705
23226,Redmond,MID,6,SOU,3.885178728,6.095705044,5.284658467,,25.26315789,25.26315789,25.26315789,,2.12271992,1.927567909,2.101245157,,0.631578947,0.631578947,0.631578947,,1.340665213,1.217411311,1.327102204
183010,Fraser,MID,5.8,NEW,0.865074738,6.022969475,5.214334128,,0,3.157894737,11.36842105,,0.001298,1.85370509,2.121501641,,0,0.105263158,0.315789474,,0,0.195126852,0.669947887
23058,Barkley,MID,5.5,CHE,0.023356092,6.00466845,5.2035606,,0.157894737,0.078947368,0.078947368,,2.796955891,2.192415745,2.345793975,,0.004080663,0.002631579,0.002631579,,0.011413435,0.005769515,0.006173142
242906,Palmer,MID,4.5,MCI,0.020589294,6.001901651,5.201159328,,0.131578947,0.065789474,0.065789474,,2.555668438,1.881362552,1.979616594,,0.004080663,0.002631579,0.002631579,,0.010428822,0.004950954,0.005209517
23325,Chamberlain,MID,5.6,LIV,0.783520857,6.001548311,5.20403668,,5.894736842,2.947368421,2.947368421,,2.116699823,1.858574501,1.956067828,,0.180459957,0.105263158,0.105263158,,0.381979559,0.195639421,0.205901877
271700,McAtee,MID,4,MCI,0.010031282,6.000782718,5.200037716,,0.065789474,0.032894737,0.032894737,,2.549060286,1.835319066,1.928019587,,0.001992703,0.001315789,0.001315789,,0.00507952,0.002414894,0.002536868
192744,Skipp,MID,4.5,TOT,0,6,5.1992,,0,0,0,,0.001373,0.001373,0.001373,,0,0,0,,0,0,0
259750,Summerville,MID,4.5,LEE,0,6,5.1992,,0,0,0,,0.00156,0.00156,0.00156,,0,0,0,,0,0,0
192216,Ghoddos,MID,5,BRE,0,6,5.1992,,0,0,0,,0.001085,0.001085,0.001085,,0,0,0,,0,0,0
33589,Ndidi,MID,5,LEI,0,6,5.1992,,0,0,0,,0.001216,0.001216,0.001216,,0,0,0,,0,0,0
206669,Moder,MID,5,BHA,0,6,5.1992,,0,0,0,,0.001075,0.001075,0.001075,,0,0,0,,0,0,0
233401,Onyeka,MID,5,BRE,0,6,5.1992,,0,0,0,,0.001479,0.001479,0.001479,,0,0,0,,0,0,0
176657,Forshaw,MID,5,LEE,0,6,5.1992,,0,0,0,,0.001561,0.001561,0.001561,,0,0,0,,0,0,0
176664,T Roberts,MID,5.1,LEE,0,6,5.1992,,0,0,0,,0.001193,0.001193,0.001193,,0,0,0,,0,0,0
176640,Dallas,MID,5.4,LEE,0,6,5.1992,,0,0,0,,0.001188,0.001188,0.001188,,0,0,0,,0,0,0
35693,Westwood,MID,5.5,BUR,0,6,5.1992,,0,0,0,,0.001107,0.001107,0.001107,,0,0,0,,0,0,0
187806,Partey,MID,5.5,ARS,0,6,5.1992,,0,0,0,,0.001015,0.001015,0.001015,,0,0,0,,0,0,0
282728,Kalu,MID,5.5,WAT,0,6,5.1992,,0,0,0,,0.001726,0.001726,0.001726,,0,0,0,,0,0,0
23016,Townsend,MID,5.6,EVE,0,6,5.1992,,0,0,0,,0.001482,0.001482,0.001482,,0,0,0,,0,0,0
240547,Bailey,MID,6.4,AVL,0,6,5.1992,,0,0,0,,0.001492,0.001492,0.001492,,0,0,0,,0,0,0
24380,Pogba,MID,6.6,MUN,0,6,5.1992,,0,0,0,,0.001272,0.001272,0.001272,,0,0,0,,0,0,0
115171,M Greenwood,MID,7.2,MUN,0,6,5.1992,,0,0,0,,0.001289,0.001289,0.001289,,0,0,0,,0,0,0
228177,Sancho,MID,7.7,MUN,0,6,5.1992,,0,0,0,,0.001485,0.001485,0.001485,,0,0,0,,0,0,0
192730,Dowell,MID,5,NOR,2.079831678,5.999490168,5.230320807,,20.26315789,7.368421053,7.368421053,,2.305924193,1.702148988,1.698551122,,0.513854965,0.263157895,0.263157895,,1.184910596,0.447933944,0.446987137
274590,Vale,MID,4,CHE,0.00852874,5.999280176,5.19866643,,0.065789474,0.032894737,0.032894737,,2.117892258,1.606347551,1.66804413,,0.001992703,0.001315789,0.001315789,,0.00422033,0.002113615,0.002194795
274589,Simons,MID,4,CHE,0.007997895,5.998749331,5.198192971,,0.065789474,0.032894737,0.032894737,,1.992158271,1.507864717,1.553502479,,0.001992703,0.001315789,0.001315789,,0.00396978,0.001984033,0.002044082
271701,Onyango,MID,4,EVE,0.008522698,5.997920306,5.197448756,,0.052631579,0.052631579,0.026315789,,1.700836848,1.75881005,1.237772972,,0.001992703,0.001992703,0.001315789,,0.003389263,0.003504786,0.001628649
271609,Morton,MID,4.5,LIV,0.016140594,5.997452951,5.197103518,,0.131578947,0.065789474,0.065789474,,1.941660104,1.524391865,1.598194496,,0.004080663,0.002631579,0.002631579,,0.007923261,0.004011558,0.004205775
246493,Rak-Sakyi,MID,4.5,CRY,0.015332947,5.996645304,5.196318658,,0.065789474,0.131578947,0.065789474,,1.527847855,1.843966589,1.43932137,,0.002631579,0.004080663,0.002631579,,0.004020652,0.007524607,0.003787688
200376,Anderson,MID,4.5,NEW,0.012369799,5.996580326,5.196147887,,0.065789474,0.065789474,0.065789474,,1.411551785,1.622272205,1.666699753,,0.002631579,0.002631579,0.002631579,,0.00371461,0.004269137,0.004386052
192199,Fosu,MID,5.5,BRE,0.012335327,5.996545853,5.196199499,,0.065789474,0.065789474,0.065789474,,1.579573247,1.50224122,1.605609853,,0.002631579,0.002631579,0.002631579,,0.004156772,0.003953266,0.004225289
271705,McKinstry,MID,4,LEE,0.014924678,5.996237036,5.196016695,,0.131578947,0.065789474,0.065789474,,1.778442568,1.479902657,1.433729516,,0.004080663,0.002631579,0.002631579,,0.007257225,0.003894481,0.003772972
131369,El Ghazi,MID,5.8,EVE,0.225344552,5.996211086,5.197627495,,1.315789474,1.315789474,0.657894737,,2.046009029,2.131970173,1.557591467,,0.044125472,0.044125472,0.026315789,,0.090281114,0.09407419,0.040989249
280768,Bate,MID,4.5,LEE,0.014279141,5.995591499,5.195442978,,0.131578947,0.065789474,0.065789474,,1.708704791,1.409917434,1.366549667,,0.004080663,0.002631579,0.002631579,,0.006972649,0.003710309,0.003596183
221680,Chukwuemeka,MID,4.5,AVL,0.102354108,5.989723589,5.190920821,,0.789473684,0.789473684,0.394736842,,1.868590019,2.022962757,1.39684402,,0.021578682,0.021578682,0.013157895,,0.040321711,0.043652871,0.018379527
225306,Baah,MID,4,WAT,0.181541092,5.98802699,5.190989814,,2.105263158,1.052631579,1.052631579,,2.111039271,1.800904018,1.557934523,,0.044125472,0.026315789,0.026315789,,0.093150604,0.047392211,0.040998277
45097,Riedewald,MID,5,CRY,0.081676772,5.985887828,5.187138319,,0.394736842,0.789473684,0.394736842,,1.638450488,1.851606967,1.532386063,,0.013157895,0.021578682,0.013157895,,0.021558559,0.039955239,0.020162975
68289,Choudhury,MID,4.5,LEI,1.373331466,5.983750772,5.195727483,,12.63157895,12.63157895,6.315789474,,2.163469692,1.910840265,1.770748705,,0.268447805,0.268447805,0.157894737,,0.58077869,0.512960875,0.279591901
272775,Sarmiento,MID,5.5,BHA,0.058748334,5.979800965,5.181641863,,0.328947368,0.328947368,0.328947368,,1.475358758,1.48154349,1.507971124,,0.013157895,0.013157895,0.013157895,,0.019412615,0.019493993,0.019841725
280714,Cundle,MID,4.5,WOL,1.222288809,5.975766188,5.185893076,,22.73684211,4.342105263,1.578947368,,2.06207853,1.843394373,1.413214726,,0.439050784,0.131578947,0.052631579,,0.905357196,0.242551891,0.074379722
293578,Chiquinho,MID,5,WOL,2.872595792,5.974450455,5.217629929,,32.52631579,11.06578947,9.578947368,,2.180834701,2.068962827,1.464960839,,0.725388458,0.381578947,0.342105263,,1.581952321,0.789472658,0.501170813
157062,Minamino,MID,5.4,LIV,0.752330379,5.970357833,5.175975024,,4.210526316,2.105263158,2.105263158,,2.029508631,1.78788392,1.879926792,,0.180459957,0.105263158,0.105263158,,0.36624504,0.188198307,0.197887031
257279,Kral,MID,5,WHU,0.120917484,5.963022748,5.167546382,,0.789473684,0.789473684,0.789473684,,1.633682827,1.433469951,1.527711633,,0.026315789,0.026315789,0.026315789,,0.042991653,0.037722893,0.040202938
23324,Walcott,MID,5.9,SOU,0.274455975,5.958666501,5.163542694,,1.578947368,1.578947368,1.578947368,,1.79150626,1.6481547,1.77500256,,0.052631579,0.052631579,0.052631579,,0.094289803,0.086744984,0.093421187
24079,Gudmundsson,MID,5.4,BUR,0.589636797,5.956712306,5.162117342,,0.526315789,4.473684211,5.052631579,,1.486089752,1.902943417,1.892790348,,0.026315789,0.132251719,0.157894737,,0.039107625,0.251667538,0.298861634
274588,Patino,MID,4,ARS,0.342322192,5.952244501,5.15860181,,3.157894737,1.578947368,1.578947368,,1.882086729,1.602058127,1.69171654,,0.089775688,0.052631579,0.052631579,,0.168965631,0.084318849,0.089037713
192753,Placheta,MID,4.5,NOR,2.230421795,5.950599457,5.181620322,,22.10526316,11.05263158,11.05263158,,2.212780114,1.75780055,1.743248268,,0.508332222,0.315789474,0.315789474,,1.124827431,0.55509491,0.550499453
132429,Djenepo,MID,5.9,SOU,0.26276244,5.946972966,5.153400153,,1.578947368,1.578947368,1.578947368,,1.712034841,1.584270249,1.696181261,,0.052631579,0.052631579,0.052631579,,0.090107097,0.083382645,0.089272698
162785,Smallbone,MID,4.5,SOU,0.25653916,5.940749687,5.148061179,,1.842105263,1.842105263,1.842105263,,1.672263197,1.554104388,1.647876462,,0.052631579,0.052631579,0.052631579,,0.088013852,0.081794968,0.08673034
92420,Gomes,MID,5,EVE,0.724913625,5.93216087,5.144671028,,4.105263158,7.368421053,3.684210526,,1.849312912,1.999390783,1.514975856,,0.110653263,0.180459957,0.105263158,,0.204632508,0.360809975,0.159471143
147612,Alzate,MID,5,BHA,0.870349685,5.922981264,5.131404571,,6.315789474,6.315789474,6.315789474,,1.817640402,1.824596515,1.869977754,,0.157894737,0.157894737,0.157894737,,0.286995853,0.288094187,0.295259645
180321,Eze,MID,6,CRY,1.253747551,5.918555362,5.131379283,,3.947368421,11.84210526,3.947368421,,1.79368258,2.021215611,1.643230696,,0.157894737,0.351806621,0.157894737,,0.283213039,0.711077034,0.259457478
88575,Yarmolenko,MID,5.6,WHU,1.177810803,5.914652909,5.133708906,,6.315789474,6.315789474,6.315789474,,2.106487787,1.676252087,1.811861442,,0.210526316,0.210526316,0.210526316,,0.443471113,0.352895176,0.381444514
242984,Tzolis,MID,5,NOR,0.692418303,5.910445758,5.125291834,,5.894736842,2.947368421,2.947368421,,1.934612221,1.636951576,1.624381943,,0.180459957,0.105263158,0.105263158,,0.349120038,0.172310692,0.170987573
23192,Lingard,MID,6.4,MUN,2.273215816,5.904794764,5.10793198,,17.68421053,0,22.10526316,,1.855083636,0.001276,1.976060195,,0.552631579,0,0.631578947,,1.025177799,0,1.248038018
192215,S Baptiste,MID,4.5,BRE,0.797545309,5.850176888,5.0688539,,4.736842105,4.736842105,4.736842105,,1.704310217,1.611825198,1.734984875,,0.157894737,0.157894737,0.157894737,,0.269101613,0.254498715,0.27394498
23276,Noble,MID,4.5,WHU,2.68919756,5.847092296,5.076535679,,19.89473684,19.89473684,19.89473684,,2.027530956,1.772588195,1.877075697,,0.473684211,0.473684211,0.473684211,,0.9604094,0.83964704,0.88914112
225311,Sema,MID,5.4,WAT,0.623442629,5.841470083,5.06493962,,5.263157895,2.631578947,2.631578947,,1.763164118,1.53586382,1.364126206,,0.180459957,0.105263158,0.105263158,,0.318180521,0.161669876,0.143592232
138600,Nakamba,MID,4.5,AVL,1.66111675,5.8290605,5.059743236,,16.84210526,16.84210526,8.421052632,,1.847366778,2.023319773,1.404710695,,0.352750905,0.352750905,0.210526316,,0.651660302,0.713727881,0.295728567
23117,Milner,MID,5,LIV,1.375665706,5.828058634,5.0543508,,10.52631579,5.263157895,5.263157895,,1.912976484,1.61780236,1.711289863,,0.352750905,0.210526316,0.210526316,,0.674804186,0.340589971,0.36027155
45021,D Stephens,MID,4.5,BUR,1.332705613,5.78509854,5.011648075,,7.368421053,14.73684211,7.368421053,,1.628293152,1.80614056,1.675749356,,0.210526316,0.352750905,0.210526316,,0.342798558,0.637117717,0.352789338
176654,Shackleton,MID,4.5,LEE,0.949677095,5.781202537,5.009346633,,11.05263158,5.526315789,5.526315789,,1.708999203,1.595555686,1.513477711,,0.268447805,0.157894737,0.157894737,,0.458777085,0.251929845,0.238970165
95817,S Longstaff,MID,5,NEW,1.245143838,5.771459627,4.989073181,,12.63157895,9.473684211,5.526315789,,1.594269894,1.755886875,1.770893058,,0.315789474,0.263157895,0.157894737,,0.503453651,0.462075494,0.279614693
230251,Etebo,MID,4.5,WAT,0.931206722,5.762732164,4.999117473,,11.05263158,5.526315789,5.526315789,,1.775976901,1.529777973,1.348402958,,0.268447805,0.157894737,0.157894737,,0.476757101,0.241543891,0.21290573
23177,Mata,MID,5,MUN,1.70816728,5.760798859,4.989186183,,17.68421053,0,12.63157895,,1.769983027,0.001459,1.733794568,,0.552631579,0,0.421052632,,0.978148515,0,0.730018766
192202,Dasilva,MID,5.5,BRE,2.238314047,5.711998258,4.947792572,,12.63157895,12.63157895,12.63157895,,1.794120695,1.687772342,1.834102825,,0.421052632,0.421052632,0.421052632,,0.75541924,0.710640986,0.772253821
257177,Vlasic,MID,5.9,WHU,3.644814548,5.697446127,4.962643733,,19.73684211,19.73684211,19.73684211,,2.087758911,1.648759948,1.803599254,,0.657894737,0.657894737,0.657894737,,1.373525599,1.084710492,1.186578456
187324,I Diallo,MID,4.3,SOU,0.875659619,5.612501724,4.864001261,,5.263157895,5.263157895,5.263157895,,1.41840533,1.340310933,1.400666925,,0.210526316,0.210526316,0.210526316,,0.298611649,0.282170723,0.294877247
35690,Milivojevic,MID,5.5,CRY,2.184108431,5.552432388,4.815918747,,9.210526316,18.42105263,9.210526316,,1.576135096,1.833656552,1.470457294,,0.368421053,0.578995916,0.368421053,,0.580681351,1.061679655,0.541747424
23474,Kane,FWD,11.8,TOT,23.42153974,23.56095219,20.84389046,,164.2857143,82.14285714,82.14285714,,10.04065389,6.863344546,7.004884689,,0.998714829,0.965789474,0.965789474,,10.02774993,6.628545917,6.765243897
45474,Richarlison,FWD,6.9,EVE,21.07752766,21.15108939,18.92997526,,160.7904762,160.7904762,80.3952381,,8.499303342,8.94236067,3.787863985,,0.998714829,0.998714829,0.965789474,,8.488380283,8.930868207,3.658279165
183114,Watkins,FWD,7.1,AVL,20.98077905,21.05434079,18.85955055,,160.7904762,160.7904762,80.3952381,,8.257421205,9.474903213,3.387118818,,0.998714829,0.998714829,0.965789474,,8.246809007,9.462726342,3.271243701
23097,Vardy,FWD,9.5,LEI,19.23579137,19.57460427,17.51808828,,120.1428571,120.1428571,60.07142857,,8.696114432,6.81212892,4.630089326,,0.981086251,0.981086251,0.868421053,,8.531638305,6.683286023,4.020867046
40266,Calvert-Lewin,FWD,7.5,EVE,17.5562277,17.74143534,15.87031858,,127,127,63.5,,7.159857698,7.4583727,3.298197933,,0.993171773,0.993171773,0.921052632,,7.110968568,7.407445242,3.037813886
76982,Nketiah,FWD,6,ARS,16.72569653,16.86510897,15.14355567,,143.3142857,71.65714286,71.65714286,,8.426065564,4.040952794,4.563883066,,0.998714829,0.965789474,0.965789474,,8.415236628,3.902709672,4.407750225
192758,Pukki,FWD,6.2,NOR,15.8154681,15.95488055,14.36424915,,164.2857143,82.14285714,82.14285714,,8.055564773,3.957128612,4.088368177,,0.998714829,0.965789474,0.965789474,,8.045211995,3.82175316,3.94850295
23134,Ings,FWD,7.5,AVL,15.55173559,15.66915452,14.02025569,,120.1428571,120.1428571,60.07142857,,6.138069093,6.960843497,2.631109281,,0.996961057,0.996961057,0.947368421,,6.119415852,6.939689892,2.492629845
32986,Jesus,FWD,8.7,MCI,15.1338034,15.63814985,14.03408258,,112.2857143,56.14285714,56.14285714,,7.793152328,4.083034285,4.379201409,,0.984668878,0.881578947,0.881578947,,7.673674561,3.599517067,3.860611768
283052,Weghorst,FWD,5.6,BUR,14.2531866,14.41450246,12.44745692,,74.76190476,149.5238095,74.76190476,,3.871350106,6.63273223,4.074085603,,0.960526316,0.998289435,0.960526316,,3.718533655,6.621386509,3.913266434
192217,Toney,FWD,6.5,BRE,13.91046366,14.11572682,12.20138995,,82.14285714,82.14285714,82.14285714,,4.932613462,4.255490466,5.215100955,,0.965789474,0.965789474,0.965789474,,4.763866159,4.109907897,5.036689607
23170,Iheanacho,FWD,7.2,LEI,13.18086164,13.79473089,12.31435044,,81.28571429,81.28571429,40.64285714,,6.149398415,4.807674445,3.485822615,,0.951795845,0.951795845,0.789473684,,5.852971858,4.575924559,2.751965222
176630,Werner,FWD,8.2,CHE,12.13846774,13.4289239,11.97296834,,91.28571429,42.07142857,42.07142857,,6.538581189,4.055274347,4.435992257,,0.933719286,0.710526316,0.710526316,,6.105199362,2.881379142,3.151889235
225321,Dennis,FWD,5.2,WAT,13.02600766,13.16542011,11.92441621,,146.8095238,73.4047619,73.4047619,,6.7105459,3.72531785,2.822782052,,0.998714829,0.965789474,0.965789474,,6.701921701,3.597872765,2.726213193
164449,Joao Pedro,FWD,5.4,WAT,12.32406273,12.46347518,11.26972464,,146.8095238,73.4047619,73.4047619,,6.317750563,3.438249122,2.789227697,,0.998714829,0.965789474,0.965789474,,6.309631173,3.32062481,2.693806749
23550,Antonio,FWD,7.3,WHU,12.24678659,12.45204975,10.93424942,,76.9,76.9,76.9,,5.092939468,3.593253508,3.994403491,,0.965789474,0.965789474,0.965789474,,4.918707328,3.470326415,3.857752845
134602,Jay Rodriguez,FWD,5.3,BUR,12.16057741,12.37718161,10.69050345,,63.5,127,63.5,,3.338023122,5.70441923,3.495108995,,0.947368421,0.996961057,0.947368421,,3.162337695,5.687083826,3.31115589
88528,Jimenez,FWD,7,WOL,11.98624492,12.26691583,10.99937839,,131.6285714,62.66666667,62.33333333,,5.560258812,4.145421029,2.769493917,,0.996506648,0.934210526,0.928947368,,5.54083487,3.872695962,2.572714086
179153,Rodrigo,FWD,6.2,LEE,11.68880551,11.83874428,10.6480507,,145.0619048,66.41428571,64.33333333,,5.831851086,3.152240772,2.935940797,,0.998714829,0.965789474,0.960526316,,5.82435616,3.044400956,2.820048397
201968,Mateta,FWD,5.4,CRY,11.17795953,11.62325633,10.11255935,,48.83333333,97.66666667,48.83333333,,3.595766337,5.216752934,3.137436352,,0.894736842,0.987877917,0.894736842,,3.217264617,5.153515023,2.807179894
225294,Daka,FWD,6.8,LEI,10.33638753,11.27815616,10.03593298,,63.94736842,63.94736842,31.97368421,,5.033101638,3.96229137,3.035671499,,0.909294684,0.909294684,0.710526316,,4.576572564,3.60289048,2.156924486
242865,Sargent,FWD,5.5,NOR,11.00618411,11.2288662,10.06787113,,130.4285714,68.64285714,68.64285714,,5.466760031,2.913039398,2.969202714,,0.993922114,0.947368421,0.947368421,,5.433533689,2.759721535,2.812928887
254679,Ronaldo,FWD,11.4,MUN,8.919384259,11.04043689,9.57074729,,79.26190476,0,78.64761905,,4.538540113,0.0016,4.659689855,,0.973684211,0,0.965789474,,4.419104847,0,4.500279412
57345,Wood,FWD,5.8,NEW,10.59521876,10.90048192,9.385740112,,80.3952381,76.35714286,71.96428571,,3.351062515,3.949471163,3.871925546,,0.965789474,0.947368421,0.934210526,,3.236420903,3.741604259,3.617193602
240869,Lukaku,FWD,9.8,CHE,8.134774755,10.25448083,9.094669133,,63.15789474,27.63157895,27.63157895,,5.003922497,3.439670353,3.720761738,,0.834883806,0.552631579,0.552631579,,4.177693862,1.900870458,2.056210434
132437,Adams,FWD,6.9,SOU,9.727235077,10.20091929,8.840640878,,63.5,63.5,63.5,,3.63317842,3.287130723,3.64068894,,0.921052632,0.921052632,0.921052632,,3.346348545,3.027620403,3.353266129
139797,Maupay,FWD,5.7,BHA,9.167390399,9.956864083,8.617534762,,60.07142857,60.07142857,60.07142857,,3.481694184,3.499384072,3.575310688,,0.868421053,0.868421053,0.868421053,,3.023576528,3.038938799,3.104875071
257178,Hwang,FWD,5.9,WOL,9.329378884,9.597095193,8.62603872,,114.047619,50.83333333,50.83333333,,4.485955308,3.071843078,2.123611116,,0.997720793,0.934210526,0.934210526,,4.475730887,2.869748139,1.983899859
23364,King,FWD,5.3,WAT,8.519216362,8.964513159,8.077550602,,79.85714286,39.92857143,39.92857143,,4.418272284,2.591425242,2.051842525,,0.987877917,0.894736842,0.894736842,,4.364713623,2.318643638,1.835859101
242869,Broja,FWD,4.8,SOU,8.391071419,8.864755629,7.683036965,,61.83333333,61.83333333,61.83333333,,3.123320784,2.862476274,3.124509054,,0.921052632,0.921052632,0.921052632,,2.876742828,2.636491305,2.877837286
23331,Welbeck,FWD,6,BHA,8.376026096,8.69181557,7.521975031,,51.5,51.5,51.5,,2.901410517,2.960301359,2.979649004,,0.947368421,0.947368421,0.947368421,,2.7487047,2.804496024,2.822825372
23119,Firmino,FWD,7.3,LIV,6.570469343,8.632966806,7.413874224,,29.47368421,31.57894737,43.5,,3.292031006,3.092310307,3.564894457,,0.547698637,0.631578947,0.789473684,,1.803040893,1.953038089,2.814390361
137599,Joelinton,FWD,5.7,NEW,7.79857584,8.177523208,7.027739873,,70.91428571,68.58333333,66.83333333,,2.454426006,2.933552478,2.945974426,,0.955263158,0.934210526,0.921052632,,2.344622738,2.740555605,2.713397498
176665,Bamford,FWD,7.5,LEE,4.594297942,7.977132485,6.763170996,,9.210526316,22.73684211,48.5,,2.881060071,3.204743971,3.849222011,,0.177003781,0.421052632,0.710526316,,0.509958525,1.349365882,2.734973534
92351,Vydra,FWD,5.5,BUR,7.683606019,7.873894431,6.821172924,,34.57894737,60.63157895,30.31578947,,2.195436249,3.559205799,2.139022272,,0.960526316,0.996961057,0.947368421,,2.108774292,3.548389575,2.026442152
45079,Lacazette,FWD,7.5,ARS,5.620153184,7.838375866,6.91217041,,44.21052632,22.10526316,22.10526316,,3.59467384,2.406905694,2.652678037,,0.785625501,0.552631579,0.552631579,,2.824067438,1.330132094,1.465953652
35701,Ayew,FWD,5.7,CRY,6.586121415,7.788921199,6.764109644,,35.36842105,70.73684211,35.36842105,,2.458565299,3.381439343,2.235214258,,0.736842105,0.924915898,0.736842105,,1.811574431,3.127547005,1.64699998
23360,Wilson,FWD,7.6,NEW,4.213137295,7.423663611,6.308512483,,10.52631579,28.42105263,47.21428571,,2.057971366,2.932690731,3.36470419,,0.210526316,0.473684211,0.710526316,,0.43325713,1.389169293,2.390710872
257274,Edouard,FWD,6,CRY,4.630976676,7.005465314,6.085818999,,18.42105263,36.84210526,18.42105263,,2.474994607,2.85094506,2.206424175,,0.526315789,0.760124102,0.526315789,,1.302628741,2.167072054,1.161275882
242879,A Armstrong,FWD,6.1,SOU,3.852251981,6.536462508,5.664547339,,24.86842105,24.86842105,24.86842105,,2.388079893,2.191366604,2.391295183,,0.552631579,0.552631579,0.552631579,,1.319728362,1.211018387,1.321505233
187803,Cavani,FWD,7.6,MUN,2.869356343,6.290408975,5.411312169,,16.57894737,0,29.47368421,,1.981416181,0.001269,2.40806433,,0.552631579,0,0.736842105,,1.094993153,0,1.774363191
259613,Gelhardt,FWD,4,LEE,4.281528338,6.252412654,5.518843715,,49.02631579,18.94736842,13.26315789,,2.641624251,1.750602782,1.633724684,,0.909294684,0.631578947,0.473684211,,2.402014889,1.105643862,0.773869587
182752,F Silva,FWD,5.7,WOL,3.841876713,6.142332544,5.385378042,,34.42105263,14.73684211,14,,2.332319048,2.152290005,1.577059395,,0.823456295,0.526315789,0.5,,1.920562803,1.132784213,0.788529697
23118,Benteke,FWD,5.8,CRY,1.668462083,6.12085501,5.309803209,,6.315789474,12.63157895,6.315789474,,2.216304886,2.220403002,1.98845646,,0.210526316,0.352750905,0.210526316,,0.466590502,0.783249168,0.418622413
102349,Origi,FWD,5,LIV,0.434817689,6.044739997,5.24107019,,2.631578947,1.315789474,1.315789474,,2.353963689,2.079798415,2.166492197,,0.089775688,0.052631579,0.052631579,,0.211328709,0.109463074,0.114025905
230257,Cucho,FWD,5,WAT,0,6,5.1992,,0,0,0,,0.001472,0.001472,0.001472,,0,0,0,,0,0,0
192765,Idah,FWD,5.2,NOR,0,6,5.1992,,0,0,0,,0.001329,0.001329,0.001329,,0,0,0,,0,0,0
265469,Tosun,FWD,5.5,EVE,0.009504587,5.998902196,5.198333566,,0.052631579,0.052631579,0.026315789,,1.916268693,1.953942336,1.362228401,,0.001992703,0.001992703,0.001315789,,0.003818554,0.003893627,0.001792406
242907,Edozie,FWD,4.5,MCI,0.008094448,5.998845884,5.198290583,,0.065789474,0.032894737,0.032894737,,2.041468998,1.511736691,1.548332287,,0.001992703,0.001315789,0.001315789,,0.004068042,0.001989127,0.002037279
257278,Rondon,FWD,5.5,EVE,0.111355646,5.998725126,5.1990506,,0.657894737,0.657894737,0.328947368,,2.07868363,2.135241008,1.552277495,,0.021578682,0.021578682,0.013157895,,0.044855254,0.046075688,0.020424704
274591,Soonsup-Bell,FWD,4,CHE,0.0076347,5.998386136,5.197866281,,0.065789474,0.032894737,0.032894737,,1.898841654,1.446955126,1.479707624,,0.001992703,0.001315789,0.001315789,,0.003783828,0.001903888,0.001946984
260243,Dobbin,FWD,4,EVE,0.008185249,5.997582858,5.197145963,,0.052631579,0.052631579,0.026315789,,1.641326234,1.665711678,1.212431218,,0.001992703,0.001992703,0.001315789,,0.003270676,0.003319269,0.001595304
259614,Munoz,FWD,4,NEW,0.011480671,5.995691197,5.195409124,,0.065789474,0.065789474,0.065789474,,1.353482754,1.491698301,1.51747394,,0.002631579,0.002631579,0.002631579,,0.003561797,0.003925522,0.003993352
203938,Scarlett,FWD,4.5,TOT,0.090565468,5.994776525,5.194757155,,0.657894737,0.328947368,0.328947368,,1.943796057,1.833514808,1.861674389,,0.021578682,0.013157895,0.013157895,,0.041944558,0.024125195,0.024495716
131312,Gayle,FWD,6,NEW,0.124306565,5.966411828,5.16921594,,0.657894737,0.657894737,0.657894737,,1.419351405,1.632852758,1.671445291,,0.026315789,0.026315789,0.026315789,,0.037351353,0.042969809,0.043985402
249318,S Greenwood,FWD,5,LEE,1.796726553,5.706029253,4.935442005,,22.36842105,7.894736842,1.315789474,,1.848038738,1.485792182,1.454271383,,0.676927598,0.315789474,0.052631579,,1.250988423,0.469197531,0.076540599
23290,A Barnes,FWD,5.1,BUR,3.817884613,5.531306902,4.78778007,,13.81578947,25.26315789,12.63157895,,1.557123005,2.107951141,1.573296455,,0.657894737,0.853815171,0.631578947,,1.02442303,1.799800664,0.993660919
242871,S Long,FWD,5,SOU,3.635362316,4.898520211,4.245245227,,19.73684211,19.73684211,19.73684211,,1.56262223,1.480449324,1.561720713,,0.789473684,0.789473684,0.789473684,,1.233649129,1.168775782,1.232937405
