ID,Name,Pos,Price,Team,Pts,29,30,31,32,33,34,35,36,37,38
23472,Son,MID,10.2,TOT,,9.323043149,6.253927697,6.644866471,5.425498544,10.36248584,5.786011553,6.514236353,4.745771691,6.735421266,6.350791871
45106,Salah,MID,13.5,LIV,,11.67449289,0,9.107395007,5.419215676,6.900026037,8.447124253,7.409607035,13.03213203,7.153170683,8.002284226
23474,Kane,FWD,11.4,TOT,,8.550152618,5.709572623,6.02045945,4.934751696,9.501169494,5.227102018,5.985823267,4.435878519,6.08303033,5.727037357
106430,Saka,MID,6.8,ARS,,8.470873188,4.536666736,4.602148426,4.955097124,7.817772824,5.013530941,4.572294041,5.580885768,7.59185615,5.364440374
40266,Calvert-Lewin,FWD,7.8,EVE,,9.361862702,0,4.678786772,9.09656667,5.188236996,4.234620939,4.451952737,8.568966233,9.532224813,4.541152783
23126,Mane,MID,10.5,LIV,,9.719211127,0,7.743372739,4.676446846,5.927709487,7.190620656,6.358463883,10.42182108,6.139530377,6.821294043
138306,Pepe,MID,7.5,ARS,,7.735318465,4.488379742,4.549072522,4.883248753,7.120087728,4.946713727,4.523782549,5.493124147,6.958904036,5.280871817
140080,Ramsdale,GK,5.3,ARS,,8.091270601,4.293554759,4.417819435,4.652897052,7.827834514,4.351283843,4.296069675,4.583368903,8.00293714,4.582542653
140008,Martinelli,MID,5.7,ARS,,7.685510728,4.291363168,4.350776207,4.662300273,7.046065208,4.702173031,4.320320971,5.187909298,6.74905311,5.00797162
201990,Odegaard,MID,6.4,ARS,,7.59372168,4.204141151,4.265249878,4.555130923,7.072438731,4.572871694,4.227968997,5.021078777,6.894608056,4.865110663
278661,Coutinho,MID,6.6,AVL,,4.978725359,5.356191411,5.04495048,5.352807802,4.871534289,5.126021228,6.337280333,5.294654306,9.378453701,4.060657474
187805,Raphinha,MID,7.5,LEE,,5.835214964,4.54254233,5.135109401,4.939128038,4.25848812,4.462699192,4.0152113,4.283213044,4.8479345,4.649199891
291491,Kulusevski,MID,6.6,TOT,,6.550934221,4.591998391,4.763641476,4.047422018,7.020509742,4.252973349,4.661796611,3.63866639,4.819348138,4.559027662
197966,Smith Rowe,MID,6.4,ARS,,6.805260441,4.174282856,4.229998604,4.498202191,6.485511153,4.523353379,4.198303204,4.951824782,6.366808763,4.798399354
23259,Lloris,GK,5.6,TOT,,7.070903544,4.024534934,4.206743948,3.796894958,7.515114521,4.005765427,3.969583545,3.632629542,4.333939941,4.130451125
161049,Bowen,MID,7,WHU,,4.885316388,4.140369251,5.519967728,5.288180374,6.071177353,4.309692802,5.442038046,5.739061134,4.477787185,4.884569212
88567,Jota,MID,7.8,LIV,,7.940165599,0,6.929463896,4.342342393,5.396652742,6.469452121,5.759789778,8.918817563,5.572820681,6.16553732
45079,Lacazette,FWD,7.8,ARS,,6.899483363,3.824715745,3.833837724,4.104256238,6.357363886,4.276809876,3.871628168,4.718695264,6.107176766,4.483206636
45039,H Barnes,MID,7,LEI,,4.413710675,5.364813808,4.49669582,5.085764019,8.301740379,5.011645345,4.398050744,7.369964772,7.750151641,5.161919775
189709,Benrahma,MID,6.1,WHU,,4.885316388,4.213793387,4.967623435,4.469822672,5.01568458,3.825412321,4.581180328,4.763494113,3.955664395,4.215775865
23550,Antonio,FWD,7.5,WHU,,4.714846019,4.184753762,5.022195687,4.447799615,5.066191979,3.705402157,4.647377652,4.798936937,3.888218123,4.108084851
88492,Maddison,MID,6.8,LEI,,4.185672535,5.139783128,4.252217749,4.774968666,7.683843398,4.68092298,4.130561751,6.91546298,7.202322381,4.803773794
23433,Pickford,GK,4.9,EVE,,7.586693725,0,3.658240074,7.008254284,4.083539058,3.679169284,3.792729685,7.00708237,7.364203019,3.588389673
28906,Trent,DEF,8.1,LIV,,8.101466072,0,6.220688342,3.118700844,4.68492043,5.912854051,5.195946311,8.850073877,4.797214135,5.893759906
160700,Soucek,MID,6,WHU,,4.705713369,4.101656832,4.889399792,4.405605469,4.954950287,3.777155706,4.51975843,4.690158982,3.915137434,4.16451202
23492,Doucoure,MID,5.9,EVE,,7.338104018,0,3.648104299,7.055013493,4.062405445,3.33766979,3.620278217,6.735768412,7.329232772,3.549876695
90826,Alisson,GK,6.3,LIV,,8.228958269,0,4.862414963,4.212758467,4.473887521,4.81411245,4.605842358,8.185317636,4.506177391,4.93119838
184661,Reguilon,DEF,5.2,TOT,,5.712681435,4.115980258,4.323084024,3.136434211,5.608464836,3.517634949,3.751269543,1.992033523,4.316938537,3.917197153
187806,Partey,MID,5.5,ARS,,6.427434892,3.463627072,3.523599145,3.768295027,6.085747335,3.703038241,3.465848667,3.960329781,6.045654027,3.910665607
132425,Fornals,MID,6.1,WHU,,4.662745349,4.03292185,4.751626053,4.264396178,4.783960181,3.667781715,4.37571698,4.53532104,3.799411158,4.032668847
110910,Tielemans,MID,6.4,LEI,,4.137594192,4.87643429,4.072949972,4.53862207,8.014382163,4.404213474,3.906925818,7.321826481,7.540390741,4.49504176
77665,Lucas Moura,MID,6.3,TOT,,5.509512959,3.911943372,3.831794366,3.396251204,5.354663403,3.518741296,3.747570417,3.134461293,3.868463216,3.687410281
88464,Doherty,DEF,5,TOT,,5.166126172,3.854252912,4.34604324,3.20502286,6.279309937,3.621049719,3.865094094,1.947579473,4.490336561,4.052642128
176665,Bamford,FWD,7.5,LEE,,4.09588271,3.784050602,4.6431698,4.597188328,3.95298,4.12037451,3.779466769,4.043059905,4.428272235,4.306192191
23134,Ings,FWD,7.6,AVL,,4.061398925,4.348200901,4.044890474,4.36556654,4.086331643,4.179332889,4.931126524,4.221903678,7.444563902,3.502702253
192214,Mbeumo,MID,5.7,BRE,,4.670015922,4.053982684,3.493391238,4.385189451,4.314099029,4.230065605,3.879320492,4.462938403,4.122254654,4.753631278
23482,Alli,MID,6.2,EVE,,6.646109756,0,3.722508211,6.473664503,4.112052792,3.420357937,3.67471009,6.129072076,6.643112384,3.627062284
23153,Sterling,MID,9.6,MCI,,5.59557803,0,5.971788376,5.477072243,5.652246527,7.116025493,6.17640861,9.588408557,5.601592616,6.224085302
24092,Hojbjerg,MID,5.1,TOT,,5.896790626,3.598038757,3.440520332,3.066239685,5.5377458,3.168906398,3.349793338,2.831294202,3.474245546,3.298532702
160697,Bergwijn,MID,5.9,TOT,,5.738304634,3.651467925,3.514209748,3.133587369,5.413757959,3.238438339,3.425399948,2.896611614,3.548081318,3.373066711
176658,Harrison,MID,6,LEE,,4.617688868,3.814272809,4.1211536,3.94970207,3.560813316,3.666814981,3.399499788,3.531352969,3.917461775,3.767337723
23097,Vardy,FWD,9.5,LEI,,4.086528912,4.851808225,3.499182239,3.955872847,7.553784455,4.549024581,4.056917376,6.776508922,7.092021098,4.689412576
131313,Martinez,GK,5.5,AVL,,4.04366089,4.161574038,4.257631549,4.045852945,4.057959985,4.003452634,4.606971887,4.285499019,8.273032065,4.009569664
132437,Adams,FWD,6.9,SOU,,5.173970477,0,7.713229264,3.866521099,4.557528351,4.103658805,4.643110435,4.395905466,4.258533207,4.402580461
192988,R Sanchez,GK,4.7,BHA,,7.403617046,0,4.618928623,3.927518928,3.816251239,4.319015229,4.260322165,7.394289351,4.130523369,4.261181231
139207,Neto,MID,6,WOL,,3.777776823,4.510280822,4.175161811,3.99444961,3.564033154,4.036804698,4.120026526,3.448872742,4.657554642,3.486421116
132426,D James,MID,6,LEE,,4.551180515,3.723435294,4.035772004,3.815796952,3.430140215,3.499383206,3.266137123,3.37016331,3.758395539,3.594604809
23337,Xhaka,MID,4.9,ARS,,5.917928958,3.124900172,3.181451595,3.396339965,5.624529944,3.316760464,3.122375823,3.519523765,5.611924112,3.495262623
160701,Fernandes,MID,11.5,MUN,,5.434687014,0,5.849749619,5.249882188,6.464430757,4.803804112,5.928464872,7.943011366,4.761918286,5.007515062
192735,Buendia,MID,6.4,AVL,,3.90112156,4.14320432,3.961667171,4.113597649,3.846021729,3.943135619,4.662558755,4.074610484,6.839218962,3.391870581
23404,Ward-Prowse,MID,6.9,SOU,,4.780441213,0,7.67009491,4.020265848,4.314474242,3.986132352,4.488170588,4.165407018,4.036855289,4.082298092
132424,Trossard,MID,6.5,BHA,,6.854096986,0,4.9235736,3.946469074,3.935947936,4.51701193,4.14296152,6.367416452,4.327998745,4.447725655
139989,Tierney,DEF,5.6,ARS,,5.443668574,3.035473661,3.36748208,3.85075253,5.151996956,3.170438297,2.959171287,3.865062868,5.407581809,3.989851756
181081,Gabriel,DEF,5.5,ARS,,5.476500171,2.995927213,3.33305688,3.845803213,5.139432532,3.161613823,2.92015606,3.881618972,5.393719646,4.000049913
88528,Jimenez,FWD,7.2,WOL,,3.876831869,4.344412974,3.980896902,3.771725794,3.448266968,3.793969731,3.876174165,3.285789158,4.413619819,3.40142651
23161,De Bruyne,MID,11.2,MCI,,5.377252261,0,5.718704009,5.246957339,5.431568208,6.746741071,5.894044942,9.406432867,5.374838294,5.940355837
182529,Havertz,MID,7.7,CHE,,5.687643733,0,5.537135433,4.867104457,5.190578353,5.30321454,5.004592495,8.448648084,7.6872421,5.886034443
176642,Meslier,GK,4.9,LEE,,4.199251676,3.878745754,3.93186411,3.827383103,3.858400104,3.836535881,3.811449912,3.692536507,4.072708459,3.87912263
192217,Toney,FWD,6.3,BRE,,4.415924446,3.878611927,3.298667787,4.212886132,4.108358583,4.109870785,3.739565033,4.283544452,3.896574096,4.603693592
257177,Vlasic,MID,5.9,WHU,,4.201385268,3.70892602,4.089033016,3.712496481,4.069542733,3.357540773,3.80400281,3.870013112,3.471822516,3.587841596
57345,Wood,FWD,5.9,NEW,,6.931582161,0,4.023562404,4.491659722,4.576332956,4.17681137,3.690576166,5.667013035,3.756164918,3.655267016
163914,Mac Allister,MID,5.6,BHA,,6.922292305,0,4.625320586,3.742945093,3.729983729,4.267934778,3.933087881,6.204298696,4.073581175,4.207225747
240547,Bailey,MID,6.4,AVL,,3.81268833,4.046065814,3.868840164,4.000755746,3.752848157,3.828047788,4.509987922,3.962775228,6.831595696,3.331326807
45120,Robertson,DEF,7.6,LIV,,7.019988122,0,5.242452584,2.751334089,4.067096835,5.052837053,4.492729319,7.505728925,4.133911605,5.117931215
183114,Watkins,FWD,7.2,AVL,,3.771736374,4.067115216,3.75312257,4.086476308,3.776413173,3.902950678,4.715024067,3.950005125,7.360790253,3.151101372
233400,Lokonga,MID,5,ARS,,5.488588463,3.100510572,3.153383892,3.354051782,5.228367642,3.27876809,3.097924108,3.46639808,5.217799093,3.444817921
231959,Sa,GK,5,WOL,,3.797996043,4.040024037,3.947355888,3.810987962,3.731248655,3.949649458,4.132173787,3.704816406,4.284957699,3.737463931
23109,Mahrez,MID,8.7,MCI,,5.232103558,0,5.547266094,5.126567782,5.282424978,6.510073438,5.708989622,8.583456122,5.2300658,5.766248976
23539,Lanzini,MID,5.6,WHU,,4.058785853,3.622396493,4.081915937,3.70831433,4.071390871,3.355419516,3.803928655,3.864356639,3.475311752,3.586401155
184648,B Traore,MID,5.9,AVL,,3.730954865,3.966613066,3.789152374,3.913091161,3.667430674,3.73445587,4.418084619,3.876082542,7.253930701,3.251060514
192208,Raya,GK,4.6,BRE,,4.144720374,3.627091085,3.665900436,3.851977747,3.803940946,3.628385445,3.581759935,3.91037325,3.745769776,3.966066804
139802,Mount,MID,7.2,CHE,,5.466773251,0,5.346859191,4.713049971,5.005126783,5.12870064,4.841602994,8.326837499,7.592262388,5.660044176
55898,Foden,MID,8.1,MCI,,5.151344582,0,5.475590554,5.017328622,5.20374974,6.442737325,5.639926034,8.829484925,5.147806596,5.678276742
23170,Iheanacho,FWD,7.2,LEI,,4.086528912,4.851808225,3.215842007,2.738144536,2.693092429,2.263393039,2.061187688,2.450173033,2.561114276,2.327608352
131333,McGinn,MID,5.6,AVL,,3.712483232,3.951499126,3.771578217,3.895129924,3.648164485,3.712543519,4.402912807,3.857208181,7.455579606,3.229063458
23479,Dier,DEF,4.6,TOT,,4.965297312,3.305246479,3.725448514,2.752589161,5.93283355,3.130304064,3.210866238,1.512394971,3.866395524,3.471842115
176641,B White,DEF,5,ARS,,5.10134773,2.879798318,3.214101387,3.684120272,4.896311677,2.97946537,2.797929763,3.63547484,5.218979805,3.785690409
23448,Fabianski,GK,5.1,WHU,,3.905952893,3.421312009,4.035922041,3.858314285,4.190703828,3.565101502,3.746277407,3.984776164,3.568719648,3.82801252
283053,Eriksen,MID,5.5,BRE,,4.17436125,3.724724765,3.268949831,3.910399695,3.851287079,3.794234364,3.535389084,3.966285567,3.717980505,4.168390234
131312,Gayle,FWD,6,NEW,,6.491205321,0,4.001758194,4.447487649,4.549337631,4.177282149,3.703170592,5.594228159,3.767992631,3.668375424
176640,Dallas,MID,5.4,LEE,,4.184833213,3.525177752,3.78048809,3.558475079,3.249063889,3.289280752,3.103230064,3.160951745,3.527605644,3.360370522
242911,Wissa,MID,5.4,BRE,,4.134924028,3.698770095,3.289206612,3.971340224,3.904259833,3.848694936,3.570673502,4.03036108,3.763439637,4.243855424
192199,Fosu,MID,5.5,BRE,,4.124548071,3.697937034,3.300483781,3.964099049,3.898114517,3.844387758,3.573322548,4.021511835,3.761532442,4.228590804
132434,Pulisic,MID,7.7,CHE,,5.352484649,0,5.269925797,4.64975875,4.944600003,5.054724843,4.776291313,7.690347259,7.019795489,5.587357595
192202,Dasilva,MID,5.5,BRE,,4.134924028,3.698770095,3.262398864,3.89595243,3.832964025,3.780905197,3.521962328,3.950854474,3.702917239,4.148039036
23360,Wilson,FWD,7.6,NEW,,6.491205321,0,3.944148129,4.307646989,4.334248876,4.100221636,3.842695828,6.457856502,4.314181993,4.180987036
283052,Weghorst,FWD,5.9,BUR,,4.175858198,0,7.040339393,4.330848268,3.933642991,4.307109753,4.263376631,7.466481817,6.63602444,4.486695453
23238,van Dijk,DEF,6.6,LIV,,6.637737945,0,4.915042698,2.631058387,3.868873411,4.767851687,4.26766421,7.177017348,3.91928629,4.865810553
45084,Gross,MID,5.8,BHA,,6.166627793,0,4.52433024,3.694126604,3.681972503,4.188605284,3.872648023,5.781170958,4.004751815,4.13157475
234800,D Gray,MID,5.8,EVE,,5.615385884,0,3.446958254,5.759792881,3.805960391,3.157859467,3.381568358,5.414728917,5.878410205,3.355768702
192212,Canos,MID,5.3,BRE,,3.966397569,3.540576147,3.135546252,3.834299177,3.744627078,3.707794725,3.408165398,3.893346064,3.607492942,4.101342295
77662,Dubravka,GK,4.7,NEW,,6.681748381,0,3.343421734,4.108060609,3.746637537,3.910185391,3.484680059,6.910833442,3.665936096,3.841728337
24087,Pope,GK,5.7,BUR,,3.914039637,0,7.117941393,4.023831467,3.712899071,4.192572284,3.867484383,7.385423051,6.746797005,4.080020915
45474,Richarlison,FWD,6.9,EVE,,5.796059833,0,3.127362463,5.647989695,3.423148724,2.874364284,3.004692364,5.362672691,5.886726054,3.04905172
186002,J Ramsey,MID,4.7,AVL,,3.539647457,3.798100389,3.540542746,3.576029435,3.333411234,3.409502854,4.074304975,3.538988395,6.716472898,2.920798501
202398,Sanson,MID,5,AVL,,3.539382237,3.79530757,3.54108078,3.57699112,3.336487035,3.41193617,4.070927064,3.540383947,6.651106957,2.927589631
283021,Diaz,MID,5.6,LIV,,5.915450821,0,4.735523556,3.549486063,4.043800006,4.55191568,4.215112365,6.211539329,4.11347473,4.450166473
137792,Douglas Luiz,MID,5,AVL,,3.487371114,3.705274778,3.566251434,3.648151188,3.4388714,3.471695501,4.079108557,3.609307101,6.938858165,3.078333295
186746,Lookman,MID,6,LEI,,3.384063572,3.879360964,3.378741138,3.766974725,5.739480001,3.697226406,3.324420303,5.334180491,5.444322549,3.760146283
226791,Trincao,MID,5.8,WOL,,3.481955526,3.773778276,3.594407046,3.458129651,3.216081207,3.489907883,3.582212209,3.124395751,3.887763461,3.114717796
139204,Saint-Maximin,MID,6.9,NEW,,5.673174898,0,3.949830571,4.614109966,4.646331298,4.503064863,3.954991336,6.618631005,4.24693301,4.203611705
88466,Neves,MID,6,WOL,,3.417380347,3.790517067,3.61111242,3.428916888,3.214598463,3.46391028,3.604948186,3.080347552,3.917053842,3.060342213
23194,Rashford,MID,8.5,MUN,,4.79858649,0,5.057971343,4.640214334,5.519927053,4.304636718,5.124828125,6.282935221,4.261543951,4.464929109
139971,I Sarr,MID,6.2,WAT,,3.230365743,0,3.43742692,8.951437047,4.975478006,3.576964431,5.066976501,4.295092824,4.896753018,3.744771049
88507,S Armstrong,MID,5.7,SOU,,4.471084275,0,6.341673815,3.599114575,4.002874366,3.716058924,4.159194795,3.903142498,3.732702633,3.834373387
23397,Schmeichel,GK,5,LEI,,3.242169153,3.911137509,3.206585931,3.883673963,7.067646517,3.664001919,3.12515436,6.62464385,6.599122207,3.698062767
183010,Fraser,MID,5.8,NEW,,6.228646344,0,3.560604396,4.003477293,4.004593898,3.919530449,3.552802972,4.914950576,3.785775561,3.759319233
23490,Ben T Davies,DEF,4.5,TOT,,4.625260214,3.134274813,3.378873947,2.489527378,5.276274244,2.827815041,2.931690173,1.395767817,3.503349364,3.142500503
132429,Djenepo,MID,5.9,SOU,,4.462885761,0,6.282131342,3.597818847,3.997871141,3.71256811,4.153045145,3.898405325,3.729581192,3.830169938
228177,Sancho,MID,7.9,MUN,,4.782708714,0,4.983910373,4.579986799,5.440354515,4.248063608,5.058891071,6.676652107,4.221475319,4.414749013
157546,Tanganga,DEF,4.6,TOT,,4.625260214,3.134274813,3.354024742,2.482113446,5.151827103,2.813805532,2.914849358,1.408722528,3.476161162,3.121890691
23226,Redmond,MID,6,SOU,,4.487628148,0,6.080642515,3.745354889,4.029332556,3.754451929,4.178228489,3.939143623,3.766856773,3.875159975
206669,Moder,MID,5,BHA,,6.122574415,0,4.134518992,3.435278387,3.41941717,3.860700336,3.608791255,5.781540385,3.681024129,3.814501268
23324,Walcott,MID,5.9,SOU,,4.461520172,0,6.255944801,3.57989552,3.99842134,3.714944475,4.152990498,3.900002954,3.731219746,3.832020782
88550,Fabinho,MID,5.4,LIV,,6.317222947,0,4.006352059,3.225360423,3.554262074,3.915169277,3.669279389,6.331176054,3.588138701,3.886853984
272775,Sarmiento,MID,5.5,BHA,,6.076043775,0,4.131304032,3.438297229,3.422521261,3.859953199,3.610517436,5.73957042,3.681754502,3.814173575
23364,King,FWD,5.6,WAT,,3.802998236,0,3.677988724,7.396200494,4.394689686,3.366877538,4.449326398,3.847941042,4.401581741,3.46926429
96761,McNeil,MID,5.9,BUR,,3.79686612,0,6.612616728,3.988729357,3.668535711,4.080146242,3.916895665,7.115724598,6.380783214,4.152468079
256300,Cornet,MID,5.7,BUR,,3.848360109,0,6.25504335,4.074668318,3.707377452,4.165427573,4.005521376,6.801893034,6.002321266,4.270556659
23378,Keane,DEF,4.8,EVE,,6.209089143,0,2.332839019,4.869154032,3.333290179,1.190651029,2.407166546,4.788197504,5.637537488,2.023494541
92422,Mina,DEF,5,EVE,,6.209089143,0,2.332839019,4.869154032,3.333290179,1.190651029,2.407166546,4.788197504,5.637537488,2.023494541
56987,D Sanchez,DEF,4.6,TOT,,4.238857926,3.101600547,3.360309111,2.520925076,4.835623152,2.839306522,2.943626964,1.496704493,3.476918166,3.138166137
45042,Shelvey,MID,6,NEW,,6.100983665,0,3.300908066,3.763347922,3.730484014,3.656993066,3.359325193,5.352438108,3.573894367,3.536106418
91130,Moutinho,MID,5.7,WOL,,3.298295972,3.537862892,3.398059421,3.262324561,3.066356883,3.293664457,3.401104795,2.972232909,3.65192792,2.943120303
23160,Gundogan,MID,7.4,MCI,,4.541900195,0,4.781193953,4.439114593,4.586464426,5.512658322,4.882479621,7.638556652,4.524713584,4.955493778
226985,Mwepu,MID,5.5,BHA,,5.619094667,0,4.139434175,3.442047098,3.428688319,3.861639941,3.605264723,5.328323564,3.694854662,3.814625468
185291,E Mendy,GK,6,CHE,,4.649631032,0,4.701820946,4.297561574,4.350109248,4.493991679,4.365030916,8.347070899,7.73333814,4.668008109
184638,Thiago,MID,5.5,LIV,,5.69072343,0,4.148250391,3.303957194,3.6606766,4.03900065,3.785074486,6.09388332,3.701589738,3.995122783
131338,Grealish,MID,7.5,MCI,,4.522508164,0,4.759634313,4.418355992,4.566551352,5.482803593,4.860038104,7.508288206,4.505308792,4.930367148
241952,Romero,DEF,4.7,TOT,,4.232530637,2.973746361,3.42340146,2.391237818,5.399046737,2.765675921,2.909065252,1.156229764,3.563646409,3.10150451
148332,R James,DEF,5.8,CHE,,4.71733685,0,4.724239981,4.128635,4.35240314,4.68241747,4.405626884,8.393531258,6.892286099,5.282101269
24083,Chilwell,DEF,6.4,CHE,,4.71733685,0,4.724239981,4.128635,4.35240314,4.68241747,4.405626884,8.393531258,6.892286099,5.282101269
23325,Chamberlain,MID,5.6,LIV,,5.608594837,0,4.154844138,3.316295607,3.670622637,4.04585021,3.794170171,6.001677342,3.711453479,4.001660061
45113,Ederson,GK,6.2,MCI,,4.571530068,0,4.6937576,4.249336897,4.663505914,4.875400201,4.515200043,8.887697195,4.403874891,4.715938543
139797,Maupay,FWD,5.9,BHA,,5.837958558,0,3.892405901,3.162910967,3.173113634,3.602056286,3.220952557,5.366566533,3.458198028,3.551657469
84632,Willock,MID,5.4,NEW,,5.700971515,0,3.415464055,3.908970655,3.919189065,3.855943646,3.470136567,5.498849568,3.725831425,3.700251469
45069,Perez,MID,6,LEI,,3.155838162,3.543515309,3.114128974,3.459746586,5.613147518,3.379090216,3.063091323,5.305065716,5.349486634,3.415009238
257179,Cucurella,MID,4.5,BHA,,5.989592688,0,3.676829589,3.103514239,3.083234095,3.469582771,3.273657571,5.778318904,3.278935714,3.435054078
241953,Elliott,MID,5.5,LIV,,5.676695169,0,3.994932627,3.217564305,3.545952419,3.897899709,3.660588953,5.779213813,3.582190098,3.862007955
132438,Dawson,DEF,5.1,WHU,,3.596119745,2.369735404,3.950860683,3.333543015,4.175339807,2.258067689,3.191837692,3.730983406,2.271623881,3.124587113
23543,A Cresswell,DEF,5.4,WHU,,3.593369739,2.386811903,3.918844177,3.341590577,4.142454947,2.303398233,3.17737446,3.720586024,2.296533683,3.151713608
35693,Westwood,MID,5.5,BUR,,3.565201734,0,6.386866811,3.729124684,3.450116584,3.866745592,3.67387958,6.874548254,6.136555325,3.924290976
147612,Alzate,MID,5,BHA,,5.881229827,0,3.675367316,3.112544506,3.092612471,3.471756972,3.279739929,5.676234774,3.284878295,3.43783458
225294,Daka,FWD,7.1,LEI,,3.689382852,4.432075939,2.519564725,1.894185017,1.592020888,1.338133178,1.215773977,1.44423538,1.512067713,1.377205433
23127,Lallana,MID,5.5,BHA,,5.46441617,0,3.999163665,3.351357632,3.337303249,3.744311223,3.509536553,5.191046827,3.580988214,3.701274818
23099,Albrighton,MID,5.5,LEI,,3.111216973,3.490950986,3.064095395,3.410446599,5.743954762,3.327124133,3.013054417,5.430391361,5.471707235,3.359885054
91483,Digne,DEF,5.2,AVL,,2.994750226,3.339071719,3.586375691,3.189317174,2.408027055,2.946433942,4.561878146,3.662817201,7.604232359,1.779407086
45074,Rudiger,DEF,5.5,CHE,,4.71733685,0,4.661633572,3.738250846,3.897125086,4.240070624,4.00507817,7.958798449,6.475328426,4.742380441
225290,Young,DEF,5,AVL,,3.003066516,3.330064849,3.539774335,3.194001406,2.488422686,2.957740769,4.431527515,3.606902878,6.791560267,1.906918401
192210,Jensen,MID,5,BRE,,3.320637191,3.264620815,2.946863566,3.470912802,3.398083082,3.368620501,3.138429088,3.515669729,3.300442955,3.663923576
33589,Ndidi,MID,5,LEI,,3.113458978,3.477559065,3.032728942,3.395550671,5.96762191,3.311324013,2.98881411,5.636286329,5.678632152,3.3440339
23023,Zaha,MID,7,CRY,,4.104766348,0,4.767585188,4.50544589,4.601469585,5.340309973,4.476323489,8.942609163,4.376970611,4.842808423
88575,Yarmolenko,MID,5.6,WHU,,2.841684307,3.169940451,3.644104212,3.404954347,3.715339964,3.127056132,3.483966171,3.52448428,3.234979259,3.321034741
257275,Emerson R,DEF,5,TOT,,3.873519833,2.944936276,3.353284281,2.420446061,4.838467232,2.760507543,2.892415922,1.306599369,3.4798575,3.069521227
32973,Rice,MID,5.1,WHU,,2.841684307,3.169940451,3.628221574,3.368835473,3.67986076,3.092621803,3.446847063,3.487149684,3.20080515,3.287196214
192211,Janelt,MID,5,BRE,,3.418727375,3.128192661,2.880724776,3.375503077,3.281062207,3.275712193,3.039742295,3.416282558,3.198588881,3.5416808
181309,van de Beek,MID,5.8,EVE,,5.371456524,0,3.223478793,4.106561557,3.531109143,2.987312383,3.192332679,4.890741896,5.25955308,3.148818391
23000,Zouma,DEF,5.5,WHU,,3.472565842,2.309381204,3.780578649,3.235825899,3.999414442,2.248163819,3.067117637,3.592164332,2.235912541,3.065886375
45008,Dunk,DEF,5,BHA,,5.226207251,0,4.484472445,2.702125502,2.550830282,3.78072227,3.603148865,4.773086017,3.293511669,3.661687041
77347,Laporte,DEF,6.2,MCI,,4.48326643,0,4.692519941,3.534366544,4.442527914,5.021905121,4.070080946,7.25090942,3.729001744,4.31495129
181873,Cash,DEF,4.9,AVL,,2.879446513,3.243229095,3.464745971,3.095184126,2.319239002,2.832772142,4.45906659,3.542139094,7.379517886,1.671163139
254679,Ronaldo,FWD,11.1,MUN,,4.207803752,0,4.568388738,4.066884515,4.943467286,3.796318245,4.559082202,5.921984931,3.746871926,3.867791409
139835,Cancelo,DEF,6.9,MCI,,4.2983911,0,4.785009755,3.658602674,4.568967869,5.390184031,4.472623196,8.619845674,4.130409595,4.848867119
110898,Almiron,MID,5.5,NEW,,5.195394387,0,3.389125862,3.846880406,3.860005704,3.808247917,3.461803994,5.109659878,3.696790537,3.672615482
45081,B Silva,MID,7.3,MCI,,4.221461806,0,4.425419153,4.121545042,4.26507676,5.057505172,4.492516237,7.686785479,4.192734492,4.589267303
186737,Dias,DEF,6.3,MCI,,4.48326643,0,4.625429302,3.417224742,4.120425892,4.618636384,3.922819485,7.664321997,3.73939354,4.351564422
242910,Elyounoussi,MID,5.2,SOU,,3.950577512,0,5.216105755,3.418069165,3.590884981,3.35635069,3.72434697,3.494975674,3.376852356,3.431320504
24380,Pogba,MID,6.7,MUN,,4.333297591,0,4.243463616,3.931678395,4.582637304,3.684211892,4.319412914,5.736268179,3.732439276,3.826933858
115171,M Greenwood,MID,7.2,MUN,,4.333297591,0,4.243463616,3.931678395,4.582637304,3.684211892,4.319412914,5.736268179,3.732439276,3.826933858
291492,Bentancur,MID,5,TOT,,4.297876218,2.776982742,2.477537592,2.239756696,3.853712852,2.302929115,2.413068545,2.088480739,2.499570752,2.377652452
225321,Dennis,FWD,5.3,WAT,,3.606991769,0,3.005231361,6.428336577,3.636306691,2.704121158,3.684863748,3.131717115,3.642392035,2.795173414
23236,Romeu,MID,4.5,SOU,,3.527216515,0,5.855943743,3.181172487,3.271548426,3.086811776,3.411669133,3.168089001,3.097539965,3.086211723
23173,de Gea,GK,5.2,MUN,,4.073886829,0,4.244788356,4.174760226,4.622658713,4.028352755,4.508432707,7.736801053,4.223047711,4.234407795
257276,Tomiyasu,DEF,4.8,ARS,,3.242160042,2.645153855,2.952048715,3.388580489,3.891654786,2.740434456,2.569668814,3.339852796,4.727666793,3.479334441
23024,McCarthy,GK,4.7,SOU,,2.721820605,0,6.602810533,3.482949964,3.483315762,3.562240391,3.86749845,3.597813344,3.263390259,3.316479207
176655,Klich,MID,5.4,LEE,,3.553284195,3.00210576,2.900125832,2.417220546,2.068966792,2.038235063,1.979183158,1.977847277,2.155779484,2.063274465
176652,Ayling,DEF,4.2,LEE,,3.651860816,2.742781856,2.88312469,2.617692646,2.154097243,2.503865203,1.526856895,1.74981461,3.005314896,2.551695587
184926,Tella,MID,5,SOU,,3.696126915,0,5.401291076,3.300947991,3.404548602,3.208083825,3.536384039,3.311441315,3.219609318,3.240699616
88539,Saiss,DEF,4.9,WOL,,2.838204311,3.316969362,3.075699244,2.850387336,1.895983396,2.949878749,3.163885464,1.838465118,3.645880361,1.29058229
226984,Firpo,DEF,4.3,LEE,,3.651860816,2.742781856,2.813057423,2.534312921,2.092291672,2.394743054,1.479302055,1.66393742,2.967534681,2.461248784
180456,Koch,DEF,4.3,LEE,,3.577701447,2.710446997,2.835716773,2.586664897,2.203055538,2.512712334,1.641224907,1.838314809,2.961629069,2.554800781
164449,Joao Pedro,FWD,5.4,WAT,,3.595043422,0,3.12469959,5.872587442,3.690448838,2.890127839,3.732114066,3.257152496,3.695594875,2.968367934
28849,Alonso,DEF,5.5,CHE,,4.32303026,0,4.237198743,3.413583078,3.54831906,3.830229565,3.632094821,6.18193835,5.123187163,4.247670128
176637,Cooper,DEF,4.4,LEE,,3.651860816,2.742781856,2.747339439,2.460006959,2.076818932,2.354038502,1.534793415,1.697516557,2.827365482,2.397621475
280662,Hjelde,DEF,4.5,LEE,,3.649191327,2.740776899,2.745331149,2.458208709,2.07530079,2.352317714,1.53367149,1.696275682,2.825298694,2.395868828
242879,A Armstrong,FWD,6.1,SOU,,3.860432535,0,5.347471342,2.803314073,3.457299681,3.144264726,3.513423401,3.335335171,3.261531644,3.339562955
131314,Mings,DEF,4.8,AVL,,2.70932008,3.034782909,3.29393555,2.88499243,2.154497754,2.645396666,4.157535483,3.344625222,6.990899391,1.590238712
23044,Stones,DEF,5.8,MCI,,4.351670764,0,4.281863171,3.234308002,3.922132963,4.157537213,3.356193958,5.199046489,3.081169663,3.503698098
260200,C Cresswell,DEF,4.5,LEE,,3.63271157,2.734523344,2.737699651,2.451375356,2.069531848,2.345778718,1.529408175,1.691560358,2.817444901,2.389208768
88496,Coady,DEF,4.9,WOL,,2.752636405,3.178729914,3.016557839,2.82082802,1.832538279,2.961447197,3.213829283,1.84159745,3.680952385,1.180328614
274827,Mykolenko,DEF,4.5,EVE,,5.26639726,0,2.156413012,4.124169009,3.008122616,1.184958972,2.217834457,4.056688471,4.734040154,1.89322339
160975,Podence,MID,5.3,WOL,,2.997632416,3.038686844,2.845702165,2.729379811,2.486071527,2.755143041,2.81659995,2.408935843,3.128721604,2.425960475
192758,Pukki,FWD,5.9,NOR,,4.026848611,0,3.63070263,4.281797869,6.830404834,4.252779003,3.719319445,4.107720931,3.742510713,4.019433797
28842,Sissoko,MID,4.5,WAT,,3.144577501,0,2.898044746,6.430978057,3.507777214,2.814736175,3.556889923,3.164433159,3.426709236,2.904339347
233401,Onyeka,MID,5,BRE,,2.746411048,2.972766373,2.726015101,3.216103572,3.122399747,3.119473448,2.886102021,3.256223757,3.039736063,3.381866631
176631,Ziyech,MID,7.1,CHE,,3.986499724,0,4.081894131,3.707636717,3.825263124,3.965618578,3.777555223,5.803959923,5.426750219,4.200556259
131352,Godfrey,DEF,4.5,EVE,,4.650278038,0,2.216046589,4.685775524,3.221999188,1.090005291,2.301332793,4.581614616,5.461002825,1.91072075
45018,March,DEF,4.9,BHA,,4.468183505,0,4.119027776,2.739564199,2.624970814,3.576483426,3.424617532,3.920089282,3.198244219,3.484601677
192216,Ghoddos,MID,5,BRE,,2.671331803,2.958881658,2.696968246,3.212388051,3.116607528,3.11094796,2.867489923,3.254760808,3.028696743,3.38836122
156990,Lamptey,DEF,4.8,BHA,,4.631613759,0,3.986963711,2.560654151,2.436632121,3.431686119,3.291164886,4.001987069,3.025006792,3.337789751
185165,Llorente,DEF,4.3,LEE,,3.434750536,2.555048385,2.713800768,2.450565903,2.073738633,2.391416037,1.493751579,1.67224012,2.887666061,2.431144996
131320,Holgate,DEF,4.5,EVE,,5.363899777,0,2.021725356,3.62584404,2.787081242,1.160678968,2.077664735,3.553521409,4.140607768,1.788070411
180322,T Silva,DEF,5.4,CHE,,4.164592399,0,4.029053795,3.173810508,3.263395861,3.566619303,3.395220173,6.457365799,5.280919873,3.927176364
192201,Norgaard,MID,4.5,BRE,,2.627364,2.936241084,2.673410523,3.192740333,3.095161927,3.090291389,2.844187096,3.235385462,3.007037507,3.369320298
90433,Bissouma,MID,4.5,BHA,,5.085491484,0,3.144436907,2.664102194,2.64644351,2.976893002,2.807586051,4.777595274,2.804304024,2.949046211
88639,Jorginho,MID,5.5,CHE,,3.922061441,0,3.913953166,3.566734934,3.636745348,3.815721909,3.626974321,6.461680958,6.049833495,3.977063436
23053,Cleverley,MID,5,WAT,,3.2159545,0,2.961896645,5.777292169,3.520369652,2.883235336,3.565204908,3.204280089,3.448262266,2.965089419
69539,Hudson-Odoi,MID,5.5,CHE,,4.331862396,0,3.586122203,3.266494444,3.379066675,3.477968196,3.331432499,5.1098504,4.773616334,3.700529385
46637,Walker-Peters,DEF,4.9,SOU,,3.60103488,0,5.158195767,2.470266821,2.728431469,2.694590456,3.45575025,2.876847747,1.844317561,2.35804797
225311,Sema,MID,5.4,WAT,,3.220805385,0,3.003351239,5.53605651,3.540461533,2.927249893,3.583641588,3.236683221,3.471271012,3.006088705
240869,Lukaku,FWD,10.2,CHE,,4.01054051,0,3.791983464,3.365778183,3.606903749,3.659848145,3.441481789,5.419779937,5.00368511,4.063225819
23135,Matip,DEF,5.6,LIV,,4.893540332,0,3.670652509,2.068558773,2.941165887,3.576141094,3.221794635,4.782807336,2.973014386,3.656067743
187323,Ait-Nouri,DEF,4.8,WOL,,2.647865206,3.030354874,2.769916718,2.546663953,1.698020315,2.504353245,2.58420751,1.51795889,2.75202587,1.06780865
161009,Brownhill,MID,5.1,BUR,,3.169681041,0,5.088472082,3.081317807,2.856639191,3.175740407,3.005455279,5.273652381,4.763312598,3.203236228
282728,Kalu,MID,5.5,WAT,,3.230365743,0,3.047758614,5.333265841,3.574628181,2.971173097,3.6169799,3.275944088,3.508142218,3.048518804
257277,Saul,MID,6,CHE,,3.796924956,0,3.842530116,3.514475093,3.583935841,3.748179989,3.572231607,5.996205681,5.626159897,3.905932818
24079,Gudmundsson,MID,5.4,BUR,,3.169681041,0,4.871642029,3.269087949,3.234008424,3.571212653,3.42380414,5.560616239,5.029507787,3.622702658
192195,Henry,DEF,4.6,BRE,,3.63165376,2.296248654,1.828011058,2.963951251,2.858365245,2.490315896,1.942960648,3.084309792,2.760377706,3.235845002
184630,Gallagher,MID,6.2,CRY,,3.518017119,0,3.966101289,3.758292026,3.845914944,4.420049283,3.741579809,7.224307395,3.664896906,4.020398526
242864,Kucka,MID,5.5,WAT,,3.23942427,0,3.017467452,5.245080669,3.541687617,2.939196369,3.583462046,3.24096895,3.477335232,3.015517427
257178,Hwang,FWD,6,WOL,,2.590300645,2.934199294,2.708942706,2.589857919,2.378671912,2.603642325,2.644070488,2.288546595,2.977139628,2.359987663
45003,Bednarek,DEF,4.4,SOU,,3.47893222,0,5.118434771,2.347552747,2.608092282,2.570445266,3.329490394,2.754032042,1.729459099,2.240223555
256301,Lyanco,DEF,4.5,SOU,,3.47893222,0,5.118434771,2.347552747,2.608092282,2.570445266,3.329490394,2.754032042,1.729459099,2.240223555
23192,Lingard,MID,6.4,MUN,,3.640243935,0,3.827786226,3.586374677,4.093807864,3.391350641,3.910449254,5.567703744,3.490359379,3.524813395
106466,Kilman,DEF,4.8,WOL,,2.549947741,2.946993076,2.752362056,2.560157826,1.676655735,2.657005401,2.881614108,1.630664704,3.244378342,1.026268251
237976,Livramento,DEF,5,SOU,,3.549011429,0,4.869258818,2.478609514,2.723881086,2.693627279,3.410064564,2.866567121,1.888901487,2.377322915
230254,Duffy,DEF,4.6,BHA,,4.733853063,0,3.522834307,2.178981946,2.055451544,3.002707252,2.895538292,3.576204429,2.607999394,2.914931635
225295,Rashica,MID,5.4,NOR,,3.656296318,0,3.430732031,3.947267057,5.859372638,3.90453552,3.451377032,3.742827747,3.539871237,3.626952698
88564,R Pereira,DEF,5.2,LEI,,2.12979591,3.414011063,2.074276549,3.280062165,4.906872537,2.986932039,2.022652973,4.034190356,4.276684958,3.030929897
192197,Pinnock,DEF,4.5,BRE,,3.495962378,2.287398549,1.833063839,2.930449719,2.837093449,2.466446719,1.941855671,3.047950933,2.742851036,3.193763365
40951,McTominay,MID,5.5,MUN,,3.586567327,0,3.777168941,3.532845195,4.046158644,3.335562176,3.862850534,5.729875032,3.441731215,3.472466377
23379,Mee,DEF,5.1,BUR,,2.898394903,0,4.866585957,3.340576359,2.461137711,3.709292718,2.998731109,6.247010004,4.340089237,3.623168963
23287,Tarkowski,DEF,5.1,BUR,,2.926953642,0,4.824656296,3.312020892,2.425144175,3.690812597,2.969581801,6.217933258,4.276023892,3.608431159
23393,Azpilicueta,DEF,5.4,CHE,,3.663714518,0,4.094340288,2.895447856,2.995948221,3.221469567,3.076066063,5.135094517,4.28495553,3.552070145
92386,Targett,DEF,4.7,NEW,,4.604669198,0,2.062396148,3.687555948,3.09263536,3.333399609,1.949240155,4.425784269,2.802235817,3.129450029
23016,Townsend,MID,5.6,EVE,,4.028524157,0,2.511161885,4.014943615,2.731491055,2.366521053,2.536870446,3.537866426,3.761610529,2.465156381
131369,El Ghazi,MID,5.8,EVE,,3.986433617,0,2.60241575,3.966718253,2.826560636,2.451490231,2.620849954,3.522333075,3.741600871,2.554469021
23242,J Stephens,DEF,4.5,SOU,,3.382100379,0,4.79653905,2.323359659,2.564102547,2.533748864,3.247156056,2.70412411,1.734593034,2.216750975
225310,Louza,MID,5.5,WAT,,3.086444618,0,2.893325401,4.990558335,3.387855489,2.82567931,3.427110797,3.105614553,3.323448314,2.897342715
177020,Veltman,DEF,4.5,BHA,,4.390370341,0,3.543623807,2.14942377,2.019496568,3.004688955,2.900265824,3.750050972,2.59256718,2.91377586
157062,Minamino,MID,5.4,LIV,,4.700413631,0,2.928092561,2.363098943,2.604571867,2.850893974,2.688671107,3.8295393,2.63357403,2.817065654
257280,C Roberts,DEF,4.6,BUR,,2.898394903,0,4.602650938,3.242170639,2.423022373,3.588600064,2.919861116,5.850173154,4.133308284,3.500233205
176643,Struijk,DEF,4.1,LEE,,3.292732975,2.441567662,2.399450588,1.811746047,1.182042788,1.091386186,0.767244482,0.835790571,1.269920113,1.108153975
23260,Walker,DEF,5.6,MCI,,3.893915075,0,3.614932077,2.750577078,3.379293158,3.571428409,2.979251131,4.86238171,2.771993001,3.159096239
23121,J Henderson,MID,5.1,LIV,,4.725966388,0,2.866005643,2.312564623,2.549450947,2.79117908,2.631982825,3.830551535,2.577537337,2.759144379
23326,Iwobi,MID,5.5,EVE,,4.04324407,0,2.286033164,4.058336319,2.498852896,2.155836371,2.329024428,3.477503995,3.706878698,2.244502809
182530,Allan,MID,4.5,EVE,,4.131596244,0,2.060263008,4.170844933,2.268188968,1.943613393,2.122176756,3.482508462,3.724618109,2.022917695
179153,Rodrigo,FWD,6,LEE,,3.07156569,2.3879666,2.466494347,2.120748036,1.934971578,1.963786816,1.877530297,1.937965772,2.091933905,2.024991855
34400,T Davies,MID,5,EVE,,4.105145153,0,2.084112849,4.142408965,2.291656288,1.967032021,2.144692009,3.467422072,3.706354192,2.046638773
137292,Justin,DEF,4.9,LEI,,2.045797231,3.244780416,1.90674782,3.175624729,4.95288951,2.850948353,1.873711622,4.038505872,4.27478737,2.884997367
226790,Perraud,DEF,5,SOU,,3.398908668,0,4.501427231,2.408835809,2.632071567,2.612683429,3.276090064,2.770996763,1.851398004,2.310843769
88532,Fred,MID,5.1,MUN,,3.716884479,0,3.364760264,3.156365234,3.601317055,2.983216195,3.431342368,4.666921141,3.045698943,3.095447177
92420,Gomes,MID,5,EVE,,4.046060999,0,2.123075213,4.037763435,2.329156109,2.006677319,2.182898504,3.434857147,3.666682892,2.085823893
182119,Castagne,DEF,4.9,LEI,,1.95681612,3.13547315,1.932493458,3.26634459,5.417892001,2.940398437,1.886930434,4.390426165,4.669375782,2.978093519
23058,Barkley,MID,5.5,CHE,,3.509851295,0,3.498212494,3.185093087,3.289315504,3.393063475,3.24843886,5.281673344,4.928327203,3.602840543
23394,Loftus-Cheek,MID,5.5,CHE,,3.504962555,0,3.493452703,3.183519122,3.286623773,3.389334733,3.246247996,5.214217849,4.86815735,3.596933978
92389,Kovacic,MID,5.1,CHE,,3.493978356,0,3.482413684,3.169274919,3.272776077,3.377380296,3.232574024,5.317103334,4.959780083,3.586158011
186823,Fofana,DEF,4.5,LEI,,1.938021422,3.192354505,1.806568581,3.209948832,5.470565952,2.839685859,1.773406833,4.391164881,4.660477008,2.871667113
23521,Evans,DEF,4.9,LEI,,1.938021422,3.192354505,1.838513225,3.136507023,5.61538989,3.04714117,1.911756211,4.656488933,4.9763533,3.095644183
88625,Vestergaard,DEF,4.9,LEI,,1.950509552,3.161303489,1.814051257,3.187275389,5.332408864,2.826014563,1.781027746,4.29278603,4.552433423,2.857618782
88473,Guaita,GK,4.6,CRY,,3.315381636,0,3.505230481,3.343247704,3.526307703,3.753037539,3.446247793,6.779729914,3.410144335,3.450944755
92428,Soyuncu,DEF,4.4,LEI,,1.935146192,3.331589602,1.785306981,3.006405761,4.804992594,2.421432146,1.515562266,3.655579787,3.890443062,2.454361905
23241,Bertrand,DEF,4.5,LEI,,1.935146192,3.331589602,1.8035525,2.976628529,4.560085621,2.440030441,1.565281447,3.513679743,3.730288495,2.472039264
192193,Jansson,DEF,4.5,BRE,,3.293005517,2.035007945,1.590077195,2.721270074,2.584279083,2.255521835,1.689621561,2.838182179,2.494110735,2.977869363
23059,Coleman,DEF,4.3,EVE,,4.511810183,0,1.76953679,3.335175432,2.432120458,1.013905334,1.795426478,3.261639796,3.805356877,1.563824916
242869,Broja,FWD,5.2,SOU,,3.778296791,0,5.597106318,0.037069865,3.366927861,3.046482688,3.42421067,3.241452816,3.167141431,3.245755982
175378,L Thomas,DEF,4.5,LEI,,1.961252794,3.181182375,1.81497681,2.951340993,4.422900676,2.454342209,1.598653068,3.448763282,3.653293173,2.484168151
178201,Salisu,DEF,4.4,SOU,,3.129008447,0,4.599460188,2.140941938,2.341413807,2.333862631,3.041612755,2.481676181,1.510277859,1.975348303
134708,Konsa,DEF,4.7,AVL,,2.252224231,2.465261383,2.652490562,2.363139157,1.852749761,2.212399251,3.254834881,2.693263834,4.727928774,1.465855325
274923,Patterson,DEF,4.5,EVE,,4.361046203,0,1.812555603,3.261092653,2.465552612,1.067626939,1.839244825,3.192140783,3.705709728,1.609830516
242874,Kenny,DEF,4.5,EVE,,4.326755125,0,1.868626965,3.224494378,2.523620761,1.122795036,1.900499347,3.160476055,3.650783982,1.665843395
92423,Burn,DEF,4.6,NEW,,4.106456577,0,1.933046628,3.465528902,2.89919707,3.071956053,1.802659731,3.830513071,2.537015166,2.80647247
23517,Foster,GK,4.2,WAT,,2.613808058,0,2.234863424,5.440401875,3.113601632,2.255614219,3.202861992,2.789627591,2.776835312,2.435216946
278659,Trippier,DEF,4.7,NEW,,4.106456577,0,1.947681861,3.388739706,2.840958832,3.042045532,1.905028296,4.468905983,2.788918112,3.143172421
192741,Krul,GK,4.5,NOR,,3.108292816,0,3.191160343,3.4910673,5.500479365,3.355542745,3.011191174,3.180188379,3.23314639,2.951670153
132974,Rodri,MID,5,MCI,,3.218144598,0,3.313693299,3.149232134,3.251439132,3.634776105,3.301481554,6.115545417,3.172881008,3.430737147
91161,Schar,DEF,4.7,NEW,,4.049585068,0,1.883607906,3.499166061,2.908625537,3.120207793,1.796489773,4.075680716,2.62422502,2.920226331
32986,Jesus,FWD,8.5,MCI,,3.165451401,0,3.358504318,3.173517543,3.182025269,3.970773991,3.505579183,5.544695275,3.198952625,3.497844597
192747,McLean,MID,5,NOR,,3.186814974,0,3.084201351,3.45579329,5.598181521,3.419823339,3.074730718,3.295950624,3.162869946,3.201545493
186817,Coufal,DEF,4.9,WHU,,2.609256683,1.744315382,2.717745829,2.375187716,2.856467554,1.755120891,2.268216131,2.597885963,1.74778397,2.270897722
23278,Ogbonna,DEF,5.1,WHU,,2.609256683,1.744315382,2.717745829,2.375187716,2.856467554,1.755120891,2.268216131,2.597885963,1.74778397,2.270897722
257274,Edouard,FWD,6,CRY,,3.005711019,0,3.403507657,3.300255853,3.312281128,3.749796679,3.25704704,4.953250399,3.188773915,3.47036954
225305,Bachmann,GK,4.4,WAT,,2.62400321,0,2.277222037,5.201247224,3.098510867,2.294585369,3.183029062,2.789857019,2.777990629,2.458947728
283020,Guimaraes,MID,5,NEW,,3.066309136,0,3.000549181,3.456297264,3.45078922,3.394000924,3.055225725,5.280433625,3.284210874,3.260248005
180321,Eze,MID,6,CRY,,3.004428914,0,3.299999582,3.183206103,3.242730004,3.542618195,3.181293275,4.457488093,3.142587503,3.323151006
45068,Taylor,DEF,4.5,BUR,,2.6060412,0,4.098755306,2.826780406,2.105927621,3.159624317,2.527747618,5.207661633,3.673407521,3.051025419
176657,Forshaw,MID,5,LEE,,2.685051794,2.319661915,2.139338636,1.772584328,1.566557682,1.552048078,1.525782191,1.50366621,1.645742701,1.564273037
176664,T Roberts,MID,5.1,LEE,,2.685051794,2.319661915,2.139338636,1.772584328,1.566557682,1.552048078,1.525782191,1.50366621,1.645742701,1.564273037
185167,Semedo,DEF,4.8,WOL,,2.431392721,2.563777938,2.007274845,1.933134208,1.437674365,2.090710077,2.522990456,1.74752852,3.67254023,1.316081206
23103,Schlupp,MID,5.6,CRY,,2.946391916,0,3.246411203,3.124893789,3.186424974,3.490937843,3.123817983,4.597183786,3.085083726,3.269032472
134588,Pieters,DEF,4.6,BUR,,2.6060412,0,3.956492361,2.813023129,2.116742942,3.1345602,2.524292163,4.996211452,3.557545694,3.029877339
182753,Marcal,DEF,4.7,WOL,,2.431392721,2.563777938,1.9744758,1.843171178,1.256017128,1.599453473,1.481212053,0.865628326,1.263328274,0.627296543
23376,Lowton,DEF,4.6,BUR,,2.587919575,0,3.894698952,2.805703338,2.116847305,3.122433246,2.520882856,4.907313344,3.506239329,3.020530981
241033,Varane,DEF,5.4,MUN,,2.709693865,0,3.250799634,3.121739882,4.080558353,2.425013806,3.750945133,4.296457053,2.806415721,3.138971876
92351,Vydra,FWD,5.4,BUR,,2.745403649,0,3.618397447,2.594936981,2.215876435,2.33684557,2.325660123,2.556513289,2.397204665,2.396614334
242984,Tzolis,MID,5,NOR,,2.921171928,0,2.812894787,3.135661493,4.468542483,3.105885098,2.812232915,3.000058867,2.881554033,2.921064875
24382,Masuaku,DEF,4.9,WHU,,2.676112984,1.787026381,2.115959354,1.873479261,2.219342288,1.433810001,1.790722412,2.02776036,1.427196404,1.808476793
257281,Normann,MID,5,NOR,,2.872815619,0,2.770511817,3.163782598,4.839931044,3.129972664,2.76340946,3.012709313,2.845348121,2.923757048
192730,Dowell,MID,5,NOR,,2.821285414,0,2.71715707,3.03518523,4.401889636,3.005612133,2.71545067,2.900987291,2.784831475,2.822655344
91162,Jonny,DEF,4.5,WOL,,2.427030448,2.468314941,1.637756884,1.55279324,1.015964083,1.301854204,1.149022687,0.633266253,0.86086365,0.429925053
88449,Diop,DEF,4.9,WHU,,2.626627751,1.708016109,2.018146266,1.780111008,2.121640219,1.345227442,1.694804095,1.932054725,1.336600908,1.717736878
230256,Lees-Melou,MID,5,NOR,,2.780604066,0,2.675230085,2.997649932,4.312005758,2.968203115,2.674050957,2.863787088,2.742871804,2.785728373
134602,Jay Rodriguez,FWD,5.3,BUR,,2.745403649,0,3.529327407,2.034804785,1.627235105,1.716429653,1.702622277,1.927243524,1.808874852,1.757445947
23188,Shaw,DEF,5.4,MUN,,2.55248743,0,2.962771173,2.796531521,3.655912727,2.218430658,3.359743932,3.327553494,2.536622519,2.792623002
144450,Gilmour,MID,4.5,NOR,,2.708239088,0,2.613715837,2.927873767,4.595696971,2.89779463,2.608477186,2.79298204,2.68082204,2.71372204
88450,Fredericks,DEF,4.5,WHU,,2.609256683,1.634075261,1.867406987,1.638510625,1.967151923,1.220836783,1.556416099,1.784196075,1.21276565,1.579214673
45111,Christensen,DEF,5,CHE,,3.42196735,0,2.451087636,1.744660934,1.78587286,1.936564809,1.853462443,3.000269819,2.5058886,2.109983438
23118,Benteke,FWD,5.8,CRY,,2.485573321,0,2.755571599,2.672907211,2.681248831,2.99039194,2.643686797,3.991888643,2.597434477,2.800840346
32948,Wan-Bissaka,DEF,5.3,MUN,,2.55248743,0,2.695168815,2.573731501,3.315101926,2.054211677,3.063216396,3.06180063,2.348301024,2.581660496
23076,Maguire,DEF,5.1,MUN,,2.592308058,0,2.650162057,2.512113497,3.295675765,1.972100406,3.028384569,3.159737797,2.275762956,2.515964875
67736,Johnson,DEF,4.3,WHU,,2.478212922,1.496453151,1.83281546,1.60490468,1.932390238,1.188579257,1.522627849,1.75003781,1.180254027,1.546037056
242865,Sargent,FWD,5.5,NOR,,2.590637403,0,2.388242673,2.723966935,4.136999444,2.709126664,2.433471597,2.6347607,2.445564376,2.58945729
259132,Zanka,DEF,4.5,BRE,,2.262064067,1.65316488,1.387540973,2.103158137,2.015031769,1.789922828,1.425191823,2.178640115,1.967830521,2.252328053
226789,Soumare,MID,5,LEI,,2.219279202,1.948390137,1.492013165,1.630917362,1.736289168,1.392397157,1.285627405,1.649849996,1.670773323,1.407080109
23102,Kante,MID,5,CHE,,2.563171672,0,2.555351953,2.341963171,2.412395899,2.481511353,2.386554276,3.905472475,3.658323742,2.625334881
230249,Olise,MID,5.5,CRY,,1.630558289,0,3.152095277,3.024716297,3.08880005,3.391829212,3.025742263,4.589590835,2.988440957,3.172533962
45060,Femenia,DEF,4.3,WAT,,1.994226274,0,0.745458047,5.066934766,2.925673974,0.843476869,3.094011483,2.32119109,2.395759205,1.425305965
242878,Dewsbury-Hall,MID,4.5,LEI,,2.165508491,1.843085573,1.359094263,1.492898319,1.616494378,1.231969217,1.131130251,1.52782115,1.550564966,1.246920286
23119,Firmino,FWD,7.3,LIV,,2.304524559,0,2.841793548,2.012309222,2.337130847,2.680810783,2.448180129,3.570276831,2.399134184,2.562339562
88479,Masina,DEF,4.4,WAT,,2.000821105,0,0.801856264,4.860418793,2.901486312,0.895430861,3.063592765,2.318715466,2.391689722,1.455623848
192204,Roerslev,DEF,4.5,BRE,,2.031540641,1.582349084,1.316818734,2.024717867,1.938034482,1.717876505,1.358295379,2.099140394,1.889692411,2.17449397
225298,Ngakia,DEF,4.5,WAT,,2.026144337,0,0.903706197,4.645895866,2.902953229,0.993845964,3.057274047,2.349793338,2.416878118,1.528062733
262155,Nkoulou,DEF,4.5,WAT,,1.998522119,0,0.831140354,4.766242691,2.887915701,0.917976918,3.047108624,2.315847101,2.387033011,1.468313616
225299,Sierralta,DEF,4.5,WAT,,2.001702955,0,0.83950024,4.712873299,2.882688746,0.929931984,3.040403118,2.314842622,2.387076431,1.474868121
278660,Samir,DEF,4.5,WAT,,1.898380855,0,0.623811748,5.031445586,2.881200875,0.714408659,3.053453157,2.226102417,2.346797144,1.305731664
187802,Telles,DEF,5.1,MUN,,2.978046958,0,1.909369072,1.832844624,2.309367004,1.498125734,2.144225237,2.010781235,1.678652632,1.835659246
139838,Krafth,DEF,4.5,NEW,,2.71169576,0,1.607707067,2.525141393,2.019972529,1.982344234,1.249786768,1.493068145,1.320893702,1.428615666
276427,Kamara,DEF,4,WAT,,1.878353105,0,0.721896555,4.833738501,2.772653382,0.779309115,2.930464949,2.164671603,2.2981974,1.3138792
174861,Mitchell,DEF,4.7,CRY,,1.944722888,0,2.710789529,2.378748627,2.853222125,3.232487631,2.570226243,5.929087845,2.545168667,2.601422732
35701,Ayew,FWD,5.7,CRY,,2.17222167,0,2.39844885,2.323783293,2.330890538,2.594985421,2.299380275,3.848692034,2.260698209,2.436289853
23503,Cathcart,DEF,4.1,WAT,,1.856855142,0,0.612158255,4.888316993,2.777794439,0.730318052,2.944885151,2.196222019,2.238447397,1.313890366
192205,M Sorensen,DEF,4.5,BRE,,1.872760802,1.533556562,1.271158056,1.976377093,1.889134818,1.668923841,1.309580482,2.050621904,1.842132416,2.123962927
192743,Hanley,DEF,4.3,NOR,,1.973039019,0,2.072095521,2.947507601,2.954323397,2.794752019,1.830139642,2.307775548,2.356059637,1.836867055
231961,Guehi,DEF,4.7,CRY,,1.887343404,0,2.699246342,2.330895949,2.806643623,3.260919121,2.517337129,5.916212182,2.484371477,2.597640908
225300,Troost-Ekong,DEF,4.2,WAT,,1.856855142,0,0.642183984,4.732862844,2.757682535,0.771213163,2.919768458,2.193435277,2.234289759,1.33752696
192718,Byram,DEF,4.5,NOR,,1.984731694,0,2.070415172,2.855701695,2.646293132,2.719870573,1.855975291,2.286472364,2.323313709,1.867576159
225479,Giannoulis,DEF,4.5,NOR,,1.974367859,0,2.063714459,2.828386405,2.579589396,2.695118967,1.851591343,2.270536319,2.311131112,1.859480518
23008,Matic,MID,5,MUN,,2.543081652,0,2.049633972,1.931952972,2.188830129,1.830468672,2.078645506,2.330323159,1.833982347,1.887040672
23544,Kouyate,DEF,4.5,CRY,,1.889620957,0,2.615232533,2.295612026,2.732169343,3.107836704,2.469979793,5.504506953,2.444358892,2.517238897
203020,Kabak,DEF,4.4,NOR,,1.947573474,0,2.040207305,2.84242997,2.753011845,2.702706796,1.818217678,2.257508058,2.299683742,1.82672144
187804,Andersen,DEF,4.5,CRY,,1.834011566,0,2.65345407,2.293432581,2.758711276,3.195211416,2.476860469,5.751833726,2.4461532,2.55250835
242908,Dalot,DEF,5.1,MUN,,2.352933255,0,2.120812154,2.028530797,2.591695,1.633940462,2.400197221,2.328186216,1.856877584,2.03440043
192749,J Sorensen,DEF,4.5,NOR,,1.927642166,0,2.01932799,2.813340774,2.74485265,2.675047516,1.799610187,2.234404905,2.276148967,1.808026922
192734,Zimmermann,DEF,4.5,NOR,,1.927642166,0,2.01932799,2.813340774,2.739690893,2.675047516,1.799610187,2.234404905,2.276148967,1.808026922
234799,Ajer,DEF,4.4,BRE,,1.793401349,1.485696656,1.216029575,1.93814278,1.848533558,1.624862208,1.257194068,2.014013222,1.799715778,2.09013804
23177,Mata,MID,5,MUN,,2.216114142,0,2.080877777,1.956942456,2.227157744,1.850386321,2.109102627,2.340122949,1.848041319,1.907726785
192745,Aarons,DEF,4.2,NOR,,1.816535911,0,1.906754679,2.774644721,2.785479545,2.625924897,1.673243006,2.151080136,2.184038921,1.692722771
255775,Lennon,MID,5,BUR,,2.152701028,0,2.409486728,1.606751013,1.442928148,1.552146744,1.488373094,1.901066594,1.786559105,1.555543735
242870,A Gordon,MID,4.5,EVE,,2.620637954,0,1.414425777,1.998388223,1.541720744,1.310928387,1.390297679,1.936541513,2.07525323,1.381772457
192733,Gibson,DEF,4.2,NOR,,1.767955373,0,1.86071833,2.715646601,2.675731349,2.568928057,1.62914633,2.100958397,2.133738918,1.648794279
23148,Zinchenko,DEF,5.5,MCI,,2.238140979,0,2.149985572,1.622919304,2.005738302,2.029797588,1.762159652,2.500497386,1.675986943,1.889581396
137599,Joelinton,FWD,5.8,NEW,,1.710208169,0,2.13140555,2.326259308,2.272553141,2.041307253,1.871004034,2.657218777,1.885025496,1.823805256
139208,Webster,DEF,4.5,BHA,,0.187202102,0,4.051878172,2.426532702,2.288428913,3.412994884,3.2477668,4.294786145,2.962886836,3.304944612
23101,Amartey,DEF,4,LEI,,1.613400318,2.190378773,0.833131631,0.918798265,0.329235064,0.212338107,0.159872166,0.203695403,0.208599618,0.2133046
219749,Elanga,MID,4.5,MUN,,2.087079501,0,1.929454433,1.808277859,2.072174367,1.704351696,1.956099353,2.267143216,1.699834077,1.759463766
23331,Welbeck,FWD,5.9,BHA,,2.199946185,0,1.795316059,1.545885206,1.549561236,1.690589528,1.566855398,2.01974526,1.652390934,1.672411754
88518,Keita,MID,5.1,LIV,,2.146253083,0,1.846721418,1.511683753,1.652388341,1.797498701,1.701248383,1.871177745,1.670995272,1.77239248
189201,Clyne,DEF,4.5,CRY,,1.384396081,0,2.149866699,1.870027121,2.236312806,2.537335739,2.020044855,4.213935613,2.003802214,2.062249762
92413,Dendoncker,MID,5,WOL,,1.31778767,1.273756339,1.22437957,1.18520076,1.12141122,1.193716399,1.220519675,1.094267572,1.304391864,1.092463296
150363,B Williams,DEF,4.2,NOR,,1.41630355,0,1.538575562,2.303433333,1.004379517,2.171874974,1.318118502,1.756965286,1.77813884,1.351034335
23015,Tomkins,DEF,4.5,CRY,,1.197936981,0,2.169251958,1.884710659,2.254747643,2.570052979,2.034917187,4.286796204,2.016605106,2.082692912
45114,Dummett,DEF,4.5,NEW,,1.71651434,0,1.2962577,2.03118353,1.682909428,1.704551764,1.154303997,1.476565091,1.331570299,1.440923287
35690,Milivojevic,MID,5.5,CRY,,0.35915163,0,2.665726432,2.55411517,2.615055155,2.825105049,2.564945767,3.719034149,2.54343517,2.670831054
230255,Jach,DEF,4.5,CRY,,1.109532691,0,2.1346398,1.841340905,2.223483324,2.54164203,1.99745531,4.448222656,1.979949428,2.043805633
23018,J Ward,DEF,4.3,CRY,,1.099406359,0,2.132013632,1.837313946,2.221212841,2.540646252,1.994180417,4.473156955,1.976643035,2.040711702
178020,N Ferguson,DEF,4.5,CRY,,1.099406359,0,2.132013632,1.837313946,2.221212841,2.540646252,1.994180417,4.473156955,1.976643035,2.040711702
23466,F Fernandez,DEF,4.4,NEW,,1.655178861,0,1.21873634,1.954369193,1.629153619,1.652804733,1.112445542,1.430613664,1.272603128,1.376914617
132423,Hause,DEF,4.5,AVL,,1.090849892,1.180423397,1.261543864,1.136792334,0.920881163,1.073169454,1.513442517,1.277864584,1.867552286,0.758950044
45072,Lascelles,DEF,4.3,NEW,,1.642666259,0,1.2001481,1.9331569,1.607955218,1.628550819,1.092646974,1.412105539,1.245386263,1.347680682
176667,Chambers,DEF,4.4,AVL,,1.059039002,1.146986254,1.227229815,1.103977571,0.891670743,1.041453828,1.474254642,1.24305771,1.850086501,0.732866833
23028,McArthur,MID,4.5,CRY,,0,0,2.647012037,2.533017523,2.595603995,2.810386589,2.54418567,3.798643146,2.522156869,2.652189528
45097,Riedewald,MID,5,CRY,,0,0,2.635402335,2.521907797,2.584219767,2.798060332,2.533026961,3.78198243,2.511094777,2.640557117
23171,Bailly,DEF,5,MUN,,2.000978227,0,1.139684116,1.110406102,1.37704951,0.909756831,1.289613245,1.232854391,1.030604629,1.121355556
45053,Lindelof,DEF,4.9,MUN,,1.994438868,0,1.10811834,1.079420524,1.341559802,0.88211612,1.255448892,1.213125672,1.000529156,1.090083912
176630,Werner,FWD,8.4,CHE,,1.704258458,0,1.206265064,1.089145548,1.157203764,1.168948691,1.110518698,1.33801659,1.25385469,1.282808023
192215,S Baptiste,MID,4.5,BRE,,1.074884698,0.991580144,0.944640374,1.040371426,1.022713986,1.019271709,0.973661373,1.048516876,1.007389445,1.071851828
187324,I Diallo,MID,4.3,SOU,,1.120034411,0,1.293259712,1.677368086,1.075139266,1.04859763,1.101746791,1.062107547,1.043596274,1.046107787
202382,Watts,MID,4.5,SOU,,1.119215672,0,1.292314346,1.67614194,1.074353345,1.047831111,1.100941421,1.061331152,1.042833411,1.045343088
162785,Smallbone,MID,4.5,SOU,,1.110209548,0,1.306087518,1.662654331,1.06570822,1.039399405,1.092082346,1.052790814,1.034441921,1.036931403
185623,Murphy,MID,5,NEW,,1.789856825,0,0.89190686,0.996162877,1.002987249,0.987001941,0.904369313,1.018608826,0.95946039,0.951844019
225319,Konate,DEF,5.5,LIV,,1.350171537,0,1.509218041,0.961016027,1.268144226,1.488412833,1.366221141,1.535826726,1.274384524,1.531160573
278691,Kayembe,MID,4.5,WAT,,1.16753729,0,1.108891787,1.664250048,1.255376522,1.09389271,1.26740405,1.176024901,1.231687735,1.115806047
234803,Collins,DEF,4.5,BUR,,2.620681127,0,0.206888172,0.229469326,0.190019492,0.247723957,0.213478104,0.232259166,0.196706557,0.24254098
23464,Cork,MID,4.5,BUR,,1.103911267,0,1.479070902,1.129615713,1.078669263,1.164567424,1.112358188,1.533267157,1.436032021,1.165300119
88556,Boly,DEF,4.5,WOL,,0.919700987,0.871750995,0.838020702,0.798966967,0.591646993,0.8307755,0.883868477,0.597283071,0.987374882,0.459816815
25871,Winks,MID,4.5,TOT,,1.527372457,1.06792357,0.244756478,0.22738729,0.224712092,0.231976423,0.240561926,0.21677036,0.246284886,0.237689904
230257,Cucho,FWD,4.9,WAT,,2.053495602,0,0.546187959,0.420555114,0.441516959,0.392067099,0.444050021,0.414411743,0.441809934,0.396852975
23290,A Barnes,FWD,5.2,BUR,,1.208711339,0,1.218494481,0.902556798,0.81746596,0.866574995,0.858985307,0.935008777,0.87320032,0.889177069
45117,Ritchie,DEF,4.2,NEW,,1.041710546,0,0.895838349,1.471441685,1.184578969,1.140383054,0.770169057,0.793470572,0.736601289,0.786457593
178022,Forster,GK,4.6,SOU,,2.483881816,0,0.094516802,0.103168545,0.102895614,0.104504224,0.110014484,0.105019132,0.099115707,0.099774234
192744,Skipp,MID,4.5,TOT,,0.116679929,0.259726499,1.638919207,1.494834797,2.360010326,1.530381035,1.596932383,1.40529615,1.652161008,1.569098503
242981,T Chalobah,DEF,5,CHE,,1.739846818,0,0.60252409,0.435208703,0.44710338,0.477407422,0.457658861,0.50749218,0.446200537,0.517705734
176648,K Phillips,MID,5,LEE,,0.564727322,0.460257471,0.757500226,1.27813197,1.986307853,2.621675162,2.535783498,2.522260326,2.799795036,2.653176028
24075,Holding,DEF,4.6,ARS,,1.081772302,0.421605222,0.452075795,0.494999667,0.61690142,0.430128717,0.413970882,0.488474016,0.427654004,0.502974156
230250,Tavares,DEF,4.6,ARS,,1.058688656,0.393805771,0.419815866,0.459118024,0.581288843,0.406166545,0.387905982,0.461311947,0.383053961,0.470660407
23117,Milner,MID,5,LIV,,0.803497379,0,0.907455313,0.784046652,0.835808437,0.891697705,0.853859829,0.828288194,0.841706421,0.885446845
187803,Cavani,FWD,7.6,MUN,,0.637159545,0,0.982915337,0.905851126,1.048800003,0.858325442,0.98127965,0.893287401,0.838609091,0.870878542
25865,Manquillo,DEF,4,NEW,,0.788951395,0,0.533028824,0.997118506,0.722668245,0.635982409,0.389762933,0.263699431,0.213036953,0.229693946
76982,Nketiah,FWD,6,ARS,,0.67858587,0.491878378,0.492480043,0.511056606,0.459345573,0.522116998,0.494887241,0.550547867,0.451638091,0.535424172
225296,Sessegnon,DEF,4.5,TOT,,0,0,1.138866354,1.483536994,2.457352719,1.644347121,1.702299405,0.973527733,1.964444889,1.799326438
259613,Gelhardt,FWD,4,LEE,,0.750874909,0.583629668,0.465599076,0.296336149,0.283127102,0.282933514,0.278195207,0.280699192,0.296544198,0.288153482
249318,S Greenwood,FWD,5,LEE,,0.748130484,0.581496518,0.463897325,0.295253049,0.282092281,0.2818994,0.277178412,0.279673245,0.295460337,0.28710029
45036,W Hughes,MID,4.5,CRY,,0.955320426,0,0.557421192,0.539682036,0.548383178,0.58057245,0.541170731,0.613801913,0.538019478,0.558233197
257279,Kral,MID,5,WHU,,0.815956206,0.344244866,0.369427202,0.354812923,0.372174137,0.340393486,0.359496703,0.360904798,0.346894764,0.350852441
192753,Placheta,MID,4.5,NOR,,0.651036523,0,0.619894587,0.690926152,0.6927861,0.685303844,0.623060422,0.663815783,0.634480922,0.648512426
192736,Rupp,MID,4.5,NOR,,0.638972458,0,0.613374226,0.675059066,0.684542131,0.669841734,0.615296327,0.650363697,0.626411412,0.636280431
23120,Gomez,DEF,5,LIV,,0.68390832,0,0.66948796,0.437708754,0.56362669,0.656201603,0.604059125,0.607139194,0.568083522,0.668098113
23346,Ake,DEF,5,MCI,,0.266232796,0,0.896557697,0.57134051,0.679156629,0.628062454,0.55017265,0.62327966,0.523835087,0.585416996
184652,Hoever,DEF,4.5,WOL,,0.084619757,0.317849625,0.692847472,0.647459668,0.447292872,0.484637662,0.38613118,0.188189733,0.100301347,0.058429814
138601,Cedric,DEF,4.4,ARS,,0.891177578,0.154349136,0.164853832,0.179839937,0.372787344,0.157637636,0.151757443,0.178105613,0.148824904,0.182902563
176654,Shackleton,MID,4.5,LEE,,0.564727322,0.460257471,0.190711065,0.185405228,0.184179694,0.183068398,0.180993756,0.17931737,0.190413655,0.184059561
262617,M Sarr,DEF,5,CHE,,0.579951015,0,0.486851657,0.4189397,0.426186254,0.454938061,0.439941682,0.487947727,0.431609906,0.487470641
154682,C Jones,MID,4.6,LIV,,0.487811492,0,0.537755653,0.458167512,0.492383526,0.526893552,0.504301408,0.503077567,0.496461932,0.522195236
192955,R Williams,DEF,4.5,LIV,,0.500823109,0,0.556241967,0.356156866,0.463325409,0.543466413,0.49781685,0.518386629,0.467703996,0.551867176
178132,Tsimikas,DEF,4.4,LIV,,0.480562563,0,0.561993361,0.359839433,0.468116071,0.549085711,0.502964144,0.497976239,0.472539931,0.557573335
23310,Fernandinho,MID,5,MCI,,0.442151417,0,0.450766639,0.436190768,0.444912988,0.479073348,0.450489355,0.450278324,0.438674402,0.460392518
23276,Noble,MID,4.5,WHU,,0.658997771,0.165235671,0.17769055,0.170041998,0.178931421,0.163354077,0.173128607,0.172879994,0.167247254,0.168160078
94552,N Mendy,MID,4.5,LEI,,0.270290019,0.285992209,0.269778124,0.285432107,0.273072533,0.282462743,0.269367102,0.268850679,0.26828063,0.282901299
230251,Etebo,MID,4.5,WAT,,0.367530756,0,0.354494464,0.390519652,0.391627941,0.352037285,0.394385603,0.370237872,0.385505621,0.357056862
95817,S Longstaff,MID,5,NEW,,0.724251364,0,0.058678689,0.063117636,0.062742815,0.062139966,0.059379923,0.048967278,0.061406053,0.061075329
23265,Kabasele,DEF,4,WAT,,0.590183129,0,0.089528348,0.152593233,0.161927393,0.092020548,0.167515957,0.14127589,0.144812251,0.111210875
183359,Elneny,MID,4.5,ARS,,0.20937562,0.219691438,0.221942351,0.229067805,0.205849244,0.225051703,0.219373273,0.231247206,0.206133389,0.231343995
68289,Choudhury,MID,4.5,LEI,,0.486102554,0.14342988,0.061085812,0.064731429,0.05465212,0.064115162,0.060935352,0.053739248,0.053732113,0.064330341
293578,Chiquinho,MID,5,WOL,,0.251206152,0.199229347,0.191703847,0.186493116,0.177024172,0.187611669,0.190777353,0.173460517,0.2031997,0.173766986
182752,F Silva,FWD,5.7,WOL,,0.167495459,0.181987174,0.172065118,0.167470001,0.157503163,0.168079465,0.16920418,0.154184848,0.183901086,0.157347659
221680,Chukwuemeka,MID,4.5,AVL,,0.119323555,0.243363562,0.198010854,0.121849449,0.118888981,0.119571256,0.127957896,0.121874725,0.105016157,0.1143967
280768,Bate,MID,4.5,LEE,,0.312981378,0.247650496,0,0,0,0,0,0,0,0
183126,Areola,GK,5,WHU,,0.157411518,0.146380625,0.160413164,0.15649452,0.164370274,0.150603964,0.15391006,0.15932783,0.150958697,0.155911544
280711,Toti,DEF,4.5,WOL,,0.139825903,0.152368131,0.148734269,0.142441956,0.1125893,0.147314298,0.156374408,0.113079381,0.170133097,0.091027026
257278,Rondon,FWD,5.5,EVE,,0.177626302,0,0.198731253,0.17563631,0.20888053,0.189843446,0.194196669,0.171726517,0.17888853,0.19598172
138600,Nakamba,MID,4.5,AVL,,0,0,0.189596545,0.34635165,0.339118975,0.336226077,0.361366055,0.344006074,0.355402285,0.325927449
189710,Butland,GK,4.5,CRY,,0.144819523,0,0.149827336,0.145747569,0.150656218,0.156535581,0.148539936,0.140773702,0.147539748,0.148361521
201968,Mateta,FWD,5.5,CRY,,0.127717948,0,0.141282484,0.138044454,0.138448463,0.153105561,0.136566416,0.11712225,0.134233877,0.143567773
92390,Kepa,GK,5,CHE,,0.134810255,0,0.135673229,0.126599624,0.127946894,0.131003556,0.128450382,0.113511398,0.108592948,0.135346051
225320,Gunn,GK,4,NOR,,0.123215423,0,0.125592636,0.133849502,0.113965914,0.130416831,0.120859309,0.125394093,0.127122146,0.119141305
225312,Mosquera,DEF,4.5,WOL,,0.079817944,0.087464297,0.085156518,0.081269141,0.064644592,0.083994432,0.089320677,0.064565485,0.097385613,0.052387594
23289,K Long,DEF,4,BUR,,0.228083779,0,0,0,0,0,0,0,0,0
88472,Leno,GK,5,ARS,,0.054387558,0.063351047,0.064964858,0.067647147,0.053609746,0.063837181,0.063208032,0.066727995,0.054270277,0.06708142
236836,Klaesson,GK,4.5,LEE,,0.063546787,0.059800406,0.060180988,0.058984655,0.058626466,0.059120915,0.057117887,0.056520221,0.061814407,0.059475809
280714,Cundle,MID,4.5,WOL,,0.059078989,0.061459368,0.060333169,0.059192795,0.057463126,0.059480286,0.060424603,0.056694659,0.062513328,0.056343986
88503,Ruddy,GK,4,WOL,,0.058080118,0.060583645,0.05973377,0.058421962,0.054960585,0.059852229,0.061803986,0.055056237,0.063967835,0.053096029
274828,Lossl,GK,4.5,BRE,,0.063850664,0.054909007,0.053706531,0.059221878,0.058423461,0.055666624,0.053090948,0.060066816,0.057903684,0.060671649
251271,A Fernandez,GK,4.6,BRE,,0.063589287,0.054684233,0.053486679,0.058979449,0.0581843,0.055438749,0.052873616,0.059820929,0.057666652,0.060423286
137863,D Henderson,GK,5,MUN,,0.074923894,0,0.07732773,0.076376902,0.082599891,0.07374575,0.08092864,0.065044429,0.076524146,0.077072615
234801,Gollini,GK,5,TOT,,0.04806849,0.057936315,0.059430448,0.056026311,0.049214728,0.057826135,0.057459667,0.055123667,0.060570439,0.05884908
233402,Hennessey,GK,4.5,BUR,,0.07569916,0,0.065884876,0.077829785,0.072173701,0.08069019,0.075192588,0.068082141,0.064211418,0.079147777
140028,Kelleher,GK,4.5,LIV,,0.064711866,0,0.081266792,0.073979193,0.076861228,0.08072629,0.078352068,0.064521885,0.077232618,0.082099762
45019,Darlow,GK,4.5,NEW,,0.065763323,0,0.072619066,0.080900555,0.076934662,0.078652655,0.074955965,0.066842461,0.076127853,0.07789675
90843,D Ward,GK,4,LEI,,0.047875019,0.05513127,0.047413896,0.054880768,0.046968122,0.052661291,0.046736149,0.045297967,0.045429327,0.052956009
193308,Steffen,GK,4.5,MCI,,0.061455552,0,0.062580284,0.057942718,0.062353118,0.064182142,0.060755878,0.052353719,0.059762828,0.062727485
197282,Steele,GK,4,BHA,,0.052806383,0,0.068425099,0.060406549,0.059211497,0.065036825,0.064597861,0.052651898,0.062802794,0.06440366
102349,Origi,FWD,5,LIV,,0.047085191,0,0.070061571,0.057594235,0.062457064,0.067654939,0.064118972,0.049109488,0.063383816,0.06588433
203010,Caicedo,MID,4.5,BHA,,0.044172716,0,0.060705102,0.055137967,0.055016556,0.058466038,0.05651829,0.043543803,0.057158144,0.058087831
23037,Kelly,DEF,4,CRY,,0.045636462,0,0.054099352,0.050279235,0.055787375,0.059773461,0.052557288,0.055050185,0.052343843,0.05275004
192723,Omobamidele,DEF,4,NOR,,0.044856138,0,0.046719265,0.056274387,0.043949388,0.054476045,0.043641794,0.048826268,0.049969299,0.04327229
233403,Begovic,GK,4.5,EVE,,0.046598861,0,0.046828551,0.043866313,0.052997462,0.042073426,0.048023619,0.04386487,0.045427621,0.045205113
45021,D Stephens,MID,4.5,BUR,,0,0,0.053657744,0.063310528,0.061428926,0.064734366,0.062680191,0.054572591,0.052852655,0.06477539
225306,Baah,MID,4,WAT,,0.034011036,0,0.032689168,0.030397871,0.036050058,0.032295326,0.036316841,0.034157676,0.035568239,0.032782136
242875,Branthwaite,DEF,4,EVE,,0.056390929,0,0,0.024666988,0,0,0,0.024512809,0.026025803,0
189708,Rodon,DEF,4.5,TOT,,0.023796037,0,0,0,0.025487878,0,0,0,0,0
242871,S Long,FWD,5,SOU,,0,0,0,0.037069865,0,0,0,0,0,0
23252,Bardsley,DEF,4,BUR,,0,0,0.021862405,0,0,0,0,0.023771592,0.021065631,0
237977,Bettinelli,GK,4,CHE,,0,0,0,0,0,0,0,0,0,0
221679,Norris,GK,4.5,BUR,,0,0,0,0,0,0,0,0,0,0
139990,Carson,GK,4.5,MCI,,0,0,0,0,0,0,0,0,0,0
176811,Heaton,GK,4.5,MUN,,0,0,0,0,0,0,0,0,0,0
158282,Randolph,GK,4,WHU,,0,0,0,0,0,0,0,0,0,0
23079,Jakupovic,GK,4,LEI,,0,0,0,0,0,0,0,0,0,0
192713,McGovern,GK,4,NOR,,0,0,0,0,0,0,0,0,0,0
23157,Caballero,GK,4,SOU,,0,0,0,0,0,0,0,0,0,0
23273,Adrian,GK,4.5,LIV,,0,0,0,0,0,0,0,0,0,0
190419,Gillespie,GK,4,NEW,,0,0,0,0,0,0,0,0,0,0
273452,H Lewis,GK,4,SOU,,0,0,0,0,0,0,0,0,0,0
274845,P Jones,DEF,4.5,MUN,,0,0,0,0,0,0,0,0.022933684,0,0
280703,Kenedy,DEF,5,CHE,,0,0,0,0,0,0,0,0,0,0
242872,Valery,DEF,4,SOU,,0,0,0,0,0,0,0,0,0,0
274593,Bradley,DEF,4,LIV,,0,0,0,0,0,0,0,0,0,0
274594,Beck,DEF,4,LIV,,0,0,0,0,0,0,0,0,0,0
274592,Koumetio,DEF,4,LIV,,0,0,0,0,0,0,0,0,0,0
273787,Ashby,DEF,4,WHU,,0,0,0,0,0,0,0,0,0,0
273846,McCarron,DEF,4,LEE,,0,0,0,0,0,0,0,0,0,0
242906,Palmer,MID,4.5,MCI,,0,0,0,0,0,0,0,0,0,0
259750,Summerville,MID,4.5,LEE,,0,0,0,0,0,0,0,0,0,0
271700,McAtee,MID,4,MCI,,0,0,0,0,0,0,0,0,0,0
271701,Onyango,MID,4,EVE,,0,0,0,0,0,0,0,0,0,0
200376,Anderson,MID,4.5,NEW,,0,0,0,0,0,0,0,0,0,0
274590,Vale,MID,4,CHE,,0,0,0,0,0,0,0,0,0,0
271609,Morton,MID,4.5,LIV,,0,0,0,0,0,0,0,0,0,0
274589,Simons,MID,4,CHE,,0,0,0,0,0,0,0,0,0,0
246493,Rak-Sakyi,MID,4.5,CRY,,0,0,0,0,0,0,0,0,0,0
271705,McKinstry,MID,4,LEE,,0,0,0,0,0,0,0,0,0,0
274588,Patino,MID,4,ARS,,0,0,0,0,0,0,0,0,0,0
23162,Delph,MID,4.5,EVE,,0,0,0,0,0,0,0,0.02014152,0.020530131,0
265469,Tosun,FWD,5.5,EVE,,0,0,0,0,0,0,0,0,0,0
192765,Idah,FWD,5.2,NOR,,0,0,0,0,0,0,0,0,0,0
203938,Scarlett,FWD,4.5,TOT,,0,0,0,0,0,0,0,0,0,0
242907,Edozie,FWD,4.5,MCI,,0,0,0,0,0,0,0,0,0,0
259614,Munoz,FWD,4,NEW,,0,0,0,0,0,0,0,0,0,0
274591,Soonsup-Bell,FWD,4,CHE,,0,0,0,0,0,0,0,0,0,0
260243,Dobbin,FWD,4,EVE,,0,0,0,0,0,0,0,0,0,0
