ID,Name,Pos,Price,Team,Pts,26,27,28,29,30,31,32,33,34,35,36,37,38
45106,Salah,MID,13.4,LIV,,17.06789791,0,7.733691045,6.395779562,0,9.007632151,5.118252226,6.792939907,8.061824948,7.206896099,14.61457589,13.24900287,7.481628699
23126,Mane,MID,10.4,LIV,,14.85800607,0,6.415617405,5.314407522,0,7.56737865,4.232614424,5.691665245,6.751293745,6.054448515,11.96778015,10.8543615,6.255931842
23472,Son,MID,10.1,TOT,,9.649265125,5.854826171,6.254035234,4.988592924,0,6.417301399,5.13941748,5.670078776,7.046803574,6.329855718,10.28836,11.42815522,6.102878057
187805,Raphinha,MID,7.6,LEE,,8.419990314,4.711931444,4.417855718,5.514315625,4.165991577,4.912664009,4.77128548,4.040797392,4.304956717,3.736604947,4.113370751,9.237778843,4.373358517
23474,Kane,FWD,11.4,TOT,,8.817590902,5.355588599,5.670227789,4.737564496,0,5.786557899,4.805267031,5.111034205,9.996414441,5.809143969,9.518704054,10.32143752,5.489751977
23023,Zaha,MID,6.9,CRY,,8.529523517,5.243155492,4.265855101,3.945612125,4.506029663,4.701074283,4.406863265,4.413295163,5.202968417,4.364244529,5.348847918,4.302607766,4.702377813
106430,Saka,MID,6.8,ARS,,9.385416785,0,8.137347532,4.817064551,4.14375498,4.204609189,4.464099198,4.211325127,8.466002909,4.119943385,5.067808858,8.374407588,4.79989051
24087,Pope,GK,5.5,BUR,,7.356669413,7.51174911,3.729064222,3.84394975,3.914654213,3.61092754,3.920937686,3.606276838,4.061776625,3.78701968,7.351279898,7.318755519,3.967455015
140080,Ramsdale,GK,5.1,ARS,,9.166522046,0,8.509329091,4.388222142,4.188635782,4.347903351,4.57551389,4.290769048,8.254811505,4.206726387,4.494379633,8.487321332,4.474109052
23153,Sterling,MID,9.6,MCI,,6.120323954,5.697023403,6.134010495,5.559851158,0,6.114288598,5.362443186,5.325601943,7.326567614,6.126171103,11.63956027,5.472941235,6.313284221
96761,McNeil,MID,5.9,BUR,,6.930631451,7.201457853,3.445509239,3.578651447,3.870765477,3.278912287,3.799144353,3.478703853,3.829152502,3.746979781,7.112953163,7.095075384,3.985610725
28906,Trent,DEF,7.9,LIV,,11.97030744,0,5.349065086,4.648858489,0,6.211526922,2.946495793,4.677853015,5.714086346,5.181379062,9.643903137,8.864353228,5.661033447
40266,Calvert-Lewin,FWD,8.1,EVE,,4.81160878,4.203437483,4.632056252,10.4480661,0,4.723094449,5.265052448,10.69514733,4.259237659,4.484910149,10.01539716,10.33883339,4.619804908
161049,Bowen,MID,6.8,WHU,,6.078232832,5.568986643,4.401184265,5.718135028,0,5.917422303,5.211587541,6.331988912,4.245542112,5.527986833,10.46430744,4.351548263,4.812442518
256300,Cornet,MID,5.7,BUR,,6.837968214,7.178271367,3.225366581,3.432429215,3.809919231,3.039886979,3.721142573,3.318371859,3.713365768,3.67331155,7.054744575,7.050167413,3.944763224
88528,Jimenez,FWD,7.1,WOL,,7.697653867,3.782287426,4.263041989,3.817718854,4.523532164,4.159110873,3.868655253,3.451151976,3.988231722,3.961318282,3.304684679,9.06770507,3.442561953
35693,Westwood,MID,5.5,BUR,,6.760757591,6.929730019,3.268636033,3.45744469,3.754765847,3.192085627,3.665363743,3.358562935,3.721694776,3.612689792,6.919529283,6.899411707,3.866146131
57345,Wood,FWD,5.9,NEW,,4.295873238,4.267892448,4.414310965,7.796674169,4.662115858,3.974544589,4.328197997,4.587374021,4.078801139,3.516766042,2.47161333,6.633262301,3.525987733
231959,Sa,GK,5,WOL,,7.734908246,3.780778456,4.226368498,3.857366312,4.122684848,4.039133192,3.885880153,3.793620361,4.092614667,4.220785802,3.761370817,8.561043525,3.806451141
278661,Coutinho,MID,6.5,AVL,,5.806923208,3.98354017,5.174634613,4.159333666,4.899289567,4.088167436,4.886812942,4.101864464,4.623529907,5.84090928,10.46695371,9.990874134,3.256802218
139204,Saint-Maximin,MID,6.8,NEW,,4.115415261,4.1615435,4.355310812,7.552508992,4.588211784,3.829028453,4.368174402,4.56151675,4.28687652,3.695807275,3.015863517,7.69121778,3.993710221
23161,De Bruyne,MID,11.2,MCI,,5.467444488,5.15045632,5.503042241,5.040148113,0,5.501943616,4.852261748,4.850509657,6.503661647,5.499979847,10.94613289,4.959198492,5.663326535
138306,Pepe,MID,7.5,ARS,,8.915036162,0,6.766846895,4.005769469,3.445859404,3.496464484,3.712250912,3.502049316,7.040149788,3.426058183,4.214283156,6.963981047,3.991487898
283052,Weghorst,FWD,6,BUR,,6.733504007,7.171966053,2.853246926,3.052814008,3.39741789,2.692616232,3.324376964,2.987786383,3.214341804,3.325431461,6.802394887,6.843529952,3.488249537
183114,Watkins,FWD,7.6,AVL,,5.346296175,4.030005665,4.823347263,4.24174747,4.627455475,4.097363009,4.640169772,4.25611942,4.434228048,5.343991753,9.454597675,9.121455158,3.477077246
176642,Meslier,GK,5,LEE,,7.456338742,3.637717759,3.649591968,4.145450589,3.790687418,3.903358978,3.774025249,3.760390689,3.771302165,3.689287555,3.640891804,7.769984684,3.84350798
201990,Odegaard,MID,6.4,ARS,,7.907666228,0,7.282686851,4.193112621,3.666552877,3.722994616,3.94530455,3.718790766,7.531655237,3.643871065,4.388503756,7.472878047,4.19522726
176658,Harrison,MID,6.2,LEE,,7.038917348,3.915919566,3.631992399,4.444892131,3.463554966,4.003277632,3.877763074,3.376513438,3.556723414,3.146021074,3.399165601,7.487950436,3.601267645
139971,I Sarr,MID,6.2,WAT,,8.49341461,3.898967474,4.351097131,4.06799005,0,3.569860927,4.883425199,4.620671935,3.266468268,4.910601964,8.616142208,8.525050518,3.470510863
55898,Foden,MID,8.2,MCI,,5.335730842,5.029060479,5.358936108,4.922929709,0,5.372792081,4.722236152,4.740032004,6.336164247,5.366888503,10.38927239,4.841191436,5.518767853
197966,Smith Rowe,MID,6.4,ARS,,7.893644885,0,7.222268992,4.176435457,3.628897029,3.684288927,3.900362481,3.684471413,7.476754243,3.606880392,4.383551558,7.409220447,4.171059413
160701,Fernandes,MID,11.4,MUN,,5.171876424,6.126988024,3.652900166,5.190788094,0,5.610660759,4.871585969,6.178063163,4.568003181,5.557399733,8.425862079,4.482011343,4.785158417
23109,Mahrez,MID,8.6,MCI,,5.277004041,4.956190715,5.312076414,4.85040342,0,5.296026578,4.682710285,4.668319924,6.278883501,5.292147328,10.23690811,4.770855042,5.468583216
176665,Bamford,FWD,7.5,LEE,,5.525694203,3.807239347,3.888896232,5.099368356,3.761280861,4.522422294,4.416600297,3.704863958,3.925351922,3.23737886,3.820973983,8.559594265,4.006794696
140008,Martinelli,MID,5.8,ARS,,6.818949168,0,7.544526478,4.459523707,3.826210599,3.883636666,4.132929765,3.889121592,7.851377713,3.803689091,4.693112217,7.768437056,4.444791448
45039,H Barnes,MID,7,LEI,,4.009138265,4.473665251,5.105871718,3.887474405,4.727636617,3.885718873,4.622318119,7.887424065,4.556707885,3.861543149,7.633917756,9.132459127,4.650890263
23404,Ward-Prowse,MID,6.9,SOU,,4.422042432,4.76610403,3.93468681,4.699496501,4.183469397,4.121119762,3.923041739,4.249452643,3.862323325,4.418863803,4.021389805,8.344250358,3.98919442
23259,Lloris,GK,5.6,TOT,,7.782885495,3.912544286,4.148503982,3.662425464,0,4.210789659,3.814511206,4.234093398,7.996048984,4.014050449,7.74143855,8.334301448,4.147486306
23364,King,FWD,5.8,WAT,,7.906563801,3.718766221,4.104276656,3.811107684,0,3.454462695,4.607276056,4.316350597,3.163714078,4.553155007,8.006577028,7.960788503,3.311844424
88492,Maddison,MID,6.8,LEI,,4.021193405,4.394835088,4.981451628,3.835021479,4.61877355,3.785128907,4.473633272,7.829837539,4.410439161,3.766532861,7.616886506,8.977117848,4.493252501
110910,Tielemans,MID,6.6,LEI,,4.151554845,4.341494545,4.79176006,3.906985505,4.554130283,3.860298417,4.45689507,7.946252453,4.395415235,3.853486109,7.810953011,8.866876933,4.456011824
90826,Alisson,GK,6.1,LIV,,9.64789502,0,4.64906825,4.598396955,0,4.861543386,4.166451109,4.44137625,4.761507948,4.578957189,8.821575739,8.809452822,4.89070872
131313,Martinez,GK,5.5,AVL,,4.468699583,4.238361395,4.370585071,4.056851849,4.241281926,4.244637152,4.100778449,4.138286205,4.067142638,4.604733318,8.885212996,8.569683572,4.069368996
77662,Dubravka,GK,4.5,NEW,,3.581688647,3.835401656,4.037061528,7.147649788,4.054401985,3.420645007,4.102989574,3.801797594,3.939705879,3.563880837,3.469829627,7.388880743,3.923663124
88473,Guaita,GK,4.7,CRY,,6.780514244,3.977954229,3.594973836,3.224628132,3.505261558,3.526151247,3.30878594,3.439277459,3.694616449,3.434597719,3.837753261,3.346755608,3.381179729
254679,Ronaldo,FWD,11.3,MUN,,4.789378152,5.788469442,3.527785996,4.847342327,0,5.208118998,4.480391698,5.785750816,4.264394409,5.076754632,8.118935394,4.179024437,4.375020312
45120,Robertson,DEF,7.2,LIV,,10.09368591,0,4.62676631,4.129438065,0,5.282207953,2.598093339,4.084155581,4.94565977,4.529513696,8.192748938,7.617711921,5.002712742
139835,Cancelo,DEF,6.8,MCI,,4.872053225,4.774217084,4.835820755,4.806953935,0,5.222142593,3.925025115,4.817941442,6.008439331,4.822338875,9.985246689,4.440428244,5.354224511
23550,Antonio,FWD,7.6,WHU,,5.18640472,4.737541881,3.963649688,4.924294743,0,5.073647071,4.488717411,5.382932875,3.755823059,4.804695492,9.003844814,3.886631631,4.152256757
131312,Gayle,FWD,6,NEW,,3.504528168,3.708823495,3.836062044,6.775355448,4.051405944,3.556171475,3.872598208,4.249356988,3.892750561,3.388229272,2.399343934,6.439307263,3.422888676
240869,Lukaku,FWD,10.3,CHE,,4.582127979,0,9.621842312,5.134736356,0,5.014677545,4.419559485,4.79091093,4.880330584,9.339633053,9.795115536,4.283672875,5.580776419
45079,Lacazette,FWD,7.7,ARS,,7.599055364,0,6.210335143,3.685343491,3.115851238,3.125917193,3.30685714,3.168793896,6.548264586,3.114038437,3.876423118,6.428459063,3.610229103
23097,Vardy,FWD,9.5,LEI,,2.910510462,4.327700242,5.08253611,3.906926594,4.687083816,3.717804834,4.573998547,7.863536268,4.557844207,3.691469056,7.676286301,9.082352194,4.644063082
192214,Mbeumo,MID,5.7,BRE,,3.928662487,4.645908573,4.277873021,4.693276436,3.915844038,3.289492557,4.264068229,4.229484285,4.136980496,3.693659437,4.364118114,3.915576382,4.660234337
132426,D James,MID,6,LEE,,6.283193918,3.523643054,3.222670654,3.989935402,3.083661938,3.593598605,3.451555075,3.037438106,3.171439104,2.828946874,3.024979703,6.804094105,3.209412898
23360,Wilson,FWD,7.6,NEW,,3.504528168,3.708823495,3.836062044,6.775355448,4.051405944,3.306615582,3.274723397,2.944729843,4.259785461,3.751018716,2.989031914,7.821010596,4.0945934
45113,Ederson,GK,6.1,MCI,,4.569987891,4.585482287,4.544863553,4.652130263,0,4.804289638,4.364314879,4.710908141,4.957038562,4.581092867,9.776070022,4.479509771,4.790111886
181081,Gabriel,DEF,5.3,ARS,,7.780812668,0,5.58438028,3.491496857,2.975364306,3.280030295,3.738262285,3.048966153,5.482744509,2.834763114,3.793226541,5.628765005,3.850754893
176640,Dallas,MID,5.5,LEE,,6.174159108,3.485031435,3.170493697,3.829575186,3.141802379,3.531465859,3.394304371,3.131629391,3.209898939,2.967622077,3.080889084,7.001703093,3.231670947
88567,Jota,MID,7.7,LIV,,7.010644736,0,5.51284993,4.592420332,0,6.659933004,3.777133438,5.036328988,5.964455431,5.35178864,10.61638404,8.575948027,5.54820776
23238,van Dijk,DEF,6.3,LIV,,9.621298798,0,4.333115832,3.918248047,0,4.908214116,2.405072289,3.851453603,4.629341955,4.267449898,7.834863429,7.225162549,4.718329243
139207,Neto,MID,6,WOL,,6.217748103,2.054843469,3.806628356,3.317415923,4.242751535,3.923497692,3.681238232,2.904331013,3.804024696,3.777526346,2.821233798,8.603548877,2.862856212
88466,Neves,MID,6,WOL,,6.71832357,3.081418631,3.410247551,2.890760229,3.500004053,3.34160282,3.136530266,2.708315171,3.206944974,3.283642887,2.596979228,7.258746528,2.576182152
187806,Partey,MID,5.5,ARS,,7.126749762,0,6.093751241,3.457247303,3.115867285,3.16922487,3.380013841,3.144665277,6.256615466,3.093254372,3.568594899,6.251884039,3.494849694
139989,Tierney,DEF,5.3,ARS,,7.551024705,0,5.445741554,3.364236895,2.90666694,3.207805403,3.640413564,2.975181955,5.311237881,2.767427564,3.647352303,5.464896348,3.726614129
185291,E Mendy,GK,6,CHE,,4.50645183,0,8.987979846,4.736520985,0,4.80215637,4.437382305,4.441331761,4.582175459,8.896943115,9.149388967,4.1721923,4.77414084
88539,Saiss,DEF,4.9,WOL,,5.790460611,2.724458258,3.916496354,3.081864121,3.797179461,3.613825158,3.35063567,0,3.52045309,3.68028151,0.27217762,7.994939853,0
132437,Adams,FWD,6.6,SOU,,4.040469921,4.307231817,3.38795575,4.25994602,3.655729326,3.699797985,3.426229787,3.691384762,3.218614439,3.790799969,3.461335427,7.286334904,3.538069116
192735,Buendia,MID,6.3,AVL,,4.490341982,3.457663465,4.060877817,3.542786679,3.879329397,3.539587659,3.858651007,3.517596275,3.647356741,4.474382853,8.140393509,7.822157722,2.932730628
160700,Soucek,MID,6,WHU,,4.725281805,4.495400488,3.692719478,4.560312976,0,4.676164297,4.229127675,4.917857134,3.672385514,4.435472957,8.3835011,3.772943514,4.019899763
131333,McGinn,MID,5.6,AVL,,4.326555217,3.553407054,4.02810216,3.586397363,3.882401942,3.625456532,3.851689015,3.582384305,3.643020623,4.333870077,7.899596622,7.637107712,3.123999357
161009,Brownhill,MID,5,BUR,,5.651772132,5.692456167,2.604389562,2.643163212,2.856077161,2.485398359,2.778560094,2.569274109,2.855749502,2.733758682,5.350821458,5.327141152,2.936915887
192988,R Sanchez,GK,4.7,BHA,,4.660565063,4.35120148,4.20989422,4.108196614,0,4.678570987,4.077760124,3.940424753,4.433093036,4.306117334,8.102899386,8.301598292,4.328704674
23433,Pickford,GK,5,EVE,,3.727898634,3.601455872,3.47249798,8.149571127,0,3.625884935,3.685924757,7.903880629,3.616413609,3.761228025,7.419261356,8.046802397,3.612023742
131338,Grealish,MID,7.5,MCI,,4.328102413,4.251629079,4.510311002,4.183116588,0,4.507680839,4.034323117,4.062336793,5.23033166,4.479185914,8.715965606,4.106650102,4.648032329
28849,Alonso,DEF,5.6,CHE,,4.297879024,0,7.96538447,5.353316776,0,5.165473274,4.175105717,4.306607952,4.74624596,7.861769456,8.395781582,3.397055073,5.493856242
186737,Dias,DEF,6.2,MCI,,4.347460785,4.320551006,4.301072814,4.38048876,0,4.70394701,3.508737441,4.436484382,5.381255738,4.288628547,8.975435526,4.018574099,4.802330664
23160,Gundogan,MID,7.5,MCI,,4.396191549,4.160660467,4.425269046,4.088473334,0,4.420644331,3.942379535,3.961994338,5.158325339,4.397699751,8.77836863,4.014702273,4.560470114
45081,B Silva,MID,7.3,MCI,,4.340780797,4.130062879,4.356930383,4.076651953,0,4.35133828,3.944676607,3.980774038,4.974791087,4.313475278,8.593106895,4.002014715,4.486195563
23173,de Gea,GK,5.2,MUN,,4.160135264,4.461322528,4.059318354,4.092001617,0,4.251394109,4.122425104,4.598252112,4.058093416,4.503151931,8.198675374,4.190440808,4.218365066
184648,B Traore,MID,5.9,AVL,,4.255711038,3.36638563,3.816096783,3.397639608,3.678064998,3.43464303,3.64896854,3.393837763,3.451282696,4.105771652,7.483828379,7.235154675,2.959578338
189709,Benrahma,MID,6.1,WHU,,4.611434875,4.254160252,3.394119721,4.268532023,0,4.395140153,3.922617381,4.658940854,3.311867926,4.138866831,8.076646464,3.404673358,3.683158329
132424,Trossard,MID,6.7,BHA,,4.796486076,4.062283316,3.839983078,3.596252852,0,4.574012474,3.595778894,3.577365569,4.161520242,3.670817244,7.149959532,8.013003264,4.075667828
23337,Xhaka,MID,4.9,ARS,,6.475105984,0,5.695844048,3.201011997,2.918435976,2.968664067,3.160198979,2.941364679,5.82828719,2.896911997,3.290929415,5.8341907,3.243638903
226791,Trincao,MID,5.9,WOL,,7.116699637,3.050158275,2.962781232,1.544060856,3.003157045,2.824842951,2.658092078,1.457367001,2.732160647,2.751678409,1.413644953,6.611906507,1.394501107
186002,J Ramsey,MID,4.5,AVL,,4.1075593,3.309241304,3.815088168,3.364113684,3.6623396,3.381155184,3.501214463,3.225745465,3.30857113,3.996715637,7.258896328,6.994833405,2.752068108
192208,Raya,GK,4.6,BRE,,3.345318942,3.87415604,3.772312482,4.045831909,3.371891666,3.302762848,3.644517494,3.607705813,3.434407143,3.218622435,3.768832453,3.493559419,3.755584171
77347,Laporte,DEF,6,MCI,,4.162952646,4.121863361,4.125301352,4.164766307,0,4.494517786,3.361304141,4.196777872,5.665184632,4.126010166,9.097816009,3.836177525,4.584833286
45074,Rudiger,DEF,5.5,CHE,,4.079016627,0,7.992003816,4.884702906,0,4.726852781,3.8836503,3.943885805,4.351475243,7.878932331,8.382488922,3.052978672,4.940428113
184630,Gallagher,MID,6.2,CRY,,3.810098467,4.174620732,3.40244466,3.118542687,3.589636018,3.728558211,3.49545443,3.510712875,4.129032464,3.469452926,4.251460167,3.419919466,3.724125434
182529,Havertz,MID,7.7,CHE,,3.595779537,0,8.276892953,4.822276069,0,4.703398382,4.113171879,4.409707247,4.536704272,8.545650556,8.946466846,3.911517349,5.174927329
137792,Douglas Luiz,MID,5,AVL,,3.892399299,3.336521223,3.708468953,3.339488381,3.590909293,3.398877414,3.494169423,3.2813481,3.306553523,3.87258306,7.153071973,6.940559482,2.92576312
88496,Coady,DEF,4.9,WOL,,5.287916496,2.525775019,3.592034955,2.853450745,3.374873107,3.29606877,3.105119118,0,3.239306895,3.417320357,0.12043481,7.459516927,0
23397,Schmeichel,GK,5,LEI,,3.553226726,3.651822318,3.662240169,3.235717858,3.839680151,3.109922636,3.819987845,6.813998469,3.593640803,3.09103069,6.859000411,7.46593763,3.678259615
148332,R James,DEF,5.8,CHE,,3.493597569,0,8.020425363,5.068553012,0,4.897632131,4.003133298,4.132557,4.520658245,8.464560503,9.011854517,3.372407515,5.208551405
24083,Chilwell,DEF,6.4,CHE,,3.493597569,0,8.020425363,5.068553012,0,4.897632131,4.003133298,4.132557,4.520658245,8.464560503,9.011854517,3.372407515,5.208551405
23194,Rashford,MID,8.6,MUN,,4.133198633,4.859992035,2.609971794,4.097482055,0,4.441953829,3.857372635,4.917193617,3.605060314,4.404285589,6.653940267,3.520101577,3.788647285
23448,Fabianski,GK,5.1,WHU,,4.146073044,4.225161852,3.589677151,3.979950498,0,4.072909135,3.950165229,4.313058033,3.631549552,3.893952896,7.351111905,3.633525467,3.899091218
176641,B White,DEF,4.8,ARS,,6.803172757,0,4.878944846,2.975691173,2.600715588,2.88596278,3.287268735,2.659062445,4.7188932,2.468431918,3.220476488,4.881680117,3.330237984
132434,Pulisic,MID,7.7,CHE,,3.501423634,0,7.991137757,4.864697993,0,4.743335003,4.136666663,4.438048616,4.572551282,8.360427103,8.76345339,3.929564663,5.223028252
132425,Fornals,MID,6.1,WHU,,4.406606939,4.073324803,3.24735859,4.06736932,0,4.182581297,3.742742829,4.422776965,3.187946952,3.946483055,7.678584148,3.282694648,3.529449481
77665,Lucas Moura,MID,6.4,TOT,,5.820178157,3.350259413,3.60655076,3.026431978,0,3.689650444,3.130226637,3.388233441,7.139988316,3.598241691,6.017953072,6.570553926,3.493740598
23287,Tarkowski,DEF,5,BUR,,5.022524611,5.575465913,2.321669471,2.690117925,3.167884714,0,3.159101816,2.25498852,3.459672172,2.851657757,5.42184789,5.107354164,3.554891616
24079,Gudmundsson,MID,5.4,BUR,,5.428675864,4.568945081,1.498557486,2.713847237,2.962530501,2.475820155,2.893966026,2.62933079,2.931690531,2.849482583,5.578094226,5.561737219,3.05815645
185167,Semedo,DEF,4.8,WOL,,5.19418656,2.448969551,3.452957106,2.755667535,3.325821853,3.188351157,2.988250563,0,3.129533146,3.259321397,1.908778113,7.596158987,0
45042,Shelvey,MID,6,NEW,,2.999270124,3.069690586,3.219475056,5.671131168,3.344486588,2.849840235,3.271560561,3.324136841,2.934454455,2.698776305,2.35736698,5.940359352,2.946010505
24092,Hojbjerg,MID,5.1,TOT,,5.799668926,3.258395766,3.495069251,3.023957863,0,3.562478487,3.12572891,3.375137522,6.105025805,3.454355825,5.790252315,6.240211621,3.380827415
202398,Sanson,MID,5,AVL,,3.891371968,3.135070709,3.614294053,3.187055069,3.469584884,3.203199648,3.316940017,3.055969388,3.134435808,3.786362182,6.876849153,6.626684278,2.607222418
192212,Canos,MID,5.4,BRE,,3.095321909,3.766555238,3.519307081,3.877377179,3.230035308,2.783535524,3.547864354,3.470944924,3.444075501,3.064669052,3.626207615,3.24701403,3.828752736
91483,Digne,DEF,5.3,AVL,,4.120892961,3.042330839,3.724714294,2.803660993,3.297464842,3.309242229,3.127316612,2.260537076,2.767760649,4.408246215,7.392989428,6.631681172,0
139802,Mount,MID,7.2,CHE,,2.924953094,0,8.189370506,4.815571559,0,4.704539611,4.140239389,4.413092506,4.546981403,8.918349047,9.346285554,3.948115873,5.139802742
228177,Sancho,MID,7.9,MUN,,4.041709009,4.57902408,2.393408309,3.982834577,0,4.275696594,3.774334198,4.699488187,3.551692012,4.258900718,6.657681626,3.502401751,3.721424
257274,Edouard,FWD,6,CRY,,5.466315175,3.272674276,2.583568035,2.386808719,2.79430726,2.930336422,2.80158846,2.750125691,3.317738165,2.723922515,3.396542888,2.678578636,2.962182294
137600,Trezeguet,MID,5.5,AVL,,3.687536178,3.160914843,3.513286376,3.163725835,3.401914067,3.219989129,3.31026577,3.108645569,3.132524391,3.668762899,6.776594501,6.575266877,2.771775587
181873,Cash,DEF,4.9,AVL,,4.062862779,2.994019833,3.667827081,2.742582884,3.242535559,3.262100547,3.069272046,2.205948469,2.697822002,4.339301517,7.409473158,6.632388311,0
186746,Lookman,MID,6,LEI,,3.116994605,3.384739859,3.773185887,3.010356651,3.576694864,3.054580027,3.627129991,6.099717827,3.604212736,3.111466598,5.983122137,6.847291811,3.661007066
91130,Moutinho,MID,5.5,WOL,,5.571613557,2.748033006,2.805412946,2.583506911,2.849558826,2.760038538,2.62949856,2.438451636,2.674560629,2.735308699,2.36529635,6.403919627,2.333265061
23379,Mee,DEF,4.9,BUR,,4.830860636,5.328789778,2.172292593,2.576956495,3.01212171,0,3.012969926,2.098351233,3.315598617,2.710777605,5.158611125,4.84729965,3.384126463
23134,Ings,FWD,7.8,AVL,,3.869030126,2.916451468,3.490580256,3.069685669,3.348816462,2.965196914,3.358017598,3.080086422,3.208980824,3.867362453,8.384137047,8.087055067,2.516305902
192199,Fosu,MID,5.5,BRE,,3.050068665,3.656422044,3.364951507,3.707316777,3.088367093,2.661450633,3.392256269,3.318710498,3.293019558,2.930253743,3.467163421,3.104601134,3.660824984
23119,Firmino,FWD,7.4,LIV,,9.478450853,0,2.94952438,2.419854832,0,2.903183002,1.778958036,2.252792124,2.610586367,2.362859933,4.723903446,4.908973964,2.41382052
106466,Kilman,DEF,4.9,WOL,,4.786343592,2.294699411,3.331567689,2.589640377,3.110098606,3.039360735,2.83743894,0,2.967697894,3.163054064,0.477194528,6.625407665,0
84632,Willock,MID,5.2,NEW,,2.600985594,2.831428785,3.07459579,5.48357854,3.189921138,2.736202834,3.123614291,3.206688359,3.126316051,2.781634142,2.379123885,5.915948294,3.047715628
134708,Konsa,DEF,4.8,AVL,,3.862215533,2.909856597,3.502949765,2.67168656,3.10976027,3.158687282,2.947970336,2.149552939,2.626585752,4.120052665,7.230835522,6.495102526,0
184638,Thiago,MID,5.5,LIV,,7.178564371,0,3.603763971,3.28413262,0,3.890455176,2.885742124,3.335009931,3.699943128,3.463060306,6.556192317,6.188462558,3.625032947
192758,Pukki,FWD,5.9,NOR,,3.332250489,3.4393446,3.980219552,3.648327286,0,3.256281931,4.256531704,3.362097445,4.119597756,6.929094702,3.900576037,7.084014088,3.66740852
23236,Romeu,MID,4.5,SOU,,3.328727762,3.392850389,2.905732093,3.341651336,3.049647638,2.976854273,2.963418271,3.108853352,2.893849675,3.234291576,2.962341966,6.229102979,2.906957217
240547,Bailey,MID,6.4,AVL,,4.199406675,2.163567198,3.754691581,2.21683143,3.561742949,2.214829705,3.544435186,2.201069014,3.330914377,4.203613943,7.690711282,7.366773732,1.835100451
23393,Azpilicueta,DEF,5.4,CHE,,3.859350408,0,6.134951258,4.39052678,0,4.241423315,3.447348913,3.477748149,3.874728687,5.951016091,6.328789272,0.969513078,4.410314048
192217,Toney,FWD,6.2,BRE,,0,3.734539421,4.140853496,4.557051213,3.897668351,3.27891992,4.217011511,4.142508803,4.141164769,3.704449915,4.289275438,3.833538544,4.613460997
192202,Dasilva,MID,5.5,BRE,,2.805701146,3.414129017,3.19001519,3.514581654,2.927809782,2.523087756,3.215900438,3.146178148,3.121822823,2.777916393,3.286913335,2.943199852,3.470506866
242879,A Armstrong,FWD,6.2,SOU,,3.331447339,3.533609051,2.635579833,3.369306077,2.857910285,2.894458281,2.428165655,2.897240486,2.494989055,2.979819667,2.696501077,5.607210776,2.76017383
160697,Bergwijn,MID,6,TOT,,5.18917746,2.915406738,3.127167225,2.705646509,0,3.187480752,2.796704814,3.019859888,5.783708658,3.090739423,5.180752071,5.58334724,3.024950845
291491,Kulusevski,MID,6.5,TOT,,5.592426246,3.216788713,3.50159447,1.611695125,0,3.589134744,1.6669699,3.260782546,6.502369134,3.499275145,5.750487019,6.30831281,3.381715698
131314,Mings,DEF,4.8,AVL,,3.688630054,2.763536483,3.348570489,2.517563159,2.962548765,3.009926033,2.80028544,2.01587273,2.465368325,3.946570786,6.906198226,6.182814389,0
45008,Dunk,DEF,5,BHA,,3.790088016,3.731947447,3.525126586,2.340092609,0,4.414681036,2.672227357,2.505593095,3.800600084,3.459778551,4.904503739,6.321006581,3.60015553
28842,Sissoko,MID,4.5,WAT,,5.511935477,2.695614902,2.940812937,2.78675439,0,2.572190788,3.105863461,3.070563911,2.499830438,3.173248868,5.555903978,5.505355561,2.586438139
23492,Doucoure,MID,5.9,EVE,,2.557281998,1.314901271,3.460779209,7.861162902,0,3.547402064,3.837500984,7.833075918,3.23341347,3.525293992,7.297449658,7.670904715,3.480389383
45003,Bednarek,DEF,4.5,SOU,,3.209258601,3.801952355,2.388402203,3.511248231,2.989309759,2.473240223,2.33839044,2.717321142,2.519433378,3.378312968,2.670325507,5.147658818,2.081536342
237976,Livramento,DEF,4.8,SOU,,3.241594812,3.778683166,2.37645614,3.48818663,2.973726355,2.45782718,2.327608374,2.701375931,2.509141364,3.360463458,2.657233466,5.126684058,2.174245663
32973,Rice,MID,5.1,WHU,,3.650211896,3.562025491,3.004557224,3.508096554,0,3.563142192,3.303333963,3.678736693,3.044094382,3.433154255,6.482344819,3.141696164,3.228835915
23028,McArthur,MID,4.5,CRY,,4.749374801,2.832419574,2.490013938,2.346119096,2.550314831,2.611833297,2.464862384,2.503205947,2.771184102,2.48002857,2.839106077,2.459196891,2.592626785
180322,T Silva,DEF,5.4,CHE,,3.620226694,0,6.140291464,4.203974397,0,4.06829945,3.322066245,3.315540206,3.718941694,6.059596523,6.454955699,2.721733984,4.179567738
45097,Riedewald,MID,5,CRY,,4.72854421,2.819996682,2.479092824,2.3358291,2.539129239,2.600377887,2.454051584,2.492226974,2.759029785,2.469151252,2.826653857,2.44841094,2.581255615
231961,Guehi,DEF,4.7,CRY,,5.124078349,3.630285535,2.817502715,0,2.861047996,2.726064513,2.207264097,2.608808396,3.148603052,2.488742156,3.47041866,2.42166526,2.519010463
40951,McTominay,MID,5.5,MUN,,3.44912941,3.876793586,2.803826662,3.433396883,0,3.585700663,3.280273844,3.90962677,3.137942106,3.626662832,6.073379824,3.217619102,3.270765736
206669,Moder,MID,5,BHA,,3.868737741,3.451611742,3.246461369,3.001772736,0,3.624985284,2.956007585,2.93401855,3.366970075,3.05125017,5.856447268,6.358882287,3.307328787
272775,Sarmiento,MID,5.5,BHA,,3.868737741,3.451611742,3.246461369,3.001772736,0,3.624985284,2.956007585,2.93401855,3.366970075,3.05125017,5.856447268,6.358882287,3.307328787
174861,Mitchell,DEF,4.7,CRY,,5.129201491,3.553359314,2.857859284,0,2.873167221,2.694886295,2.218153337,2.626759005,3.065514582,2.510147736,3.376840918,2.449176924,2.48352093
23127,Lallana,MID,5.5,BHA,,3.767741022,3.44176502,3.224152573,3.007870387,0,3.690431081,2.967107756,2.944903476,3.407862856,3.062762233,5.686437279,6.211179826,3.343610748
233400,Lokonga,MID,5,ARS,,5.894420038,0,4.363482867,2.452237261,2.235760894,2.274239724,2.420971147,2.253326158,4.464945157,2.219271763,2.521121365,4.469467729,2.484892961
33589,Ndidi,MID,5,LEI,,2.885008517,2.990182357,3.185407098,2.791571952,3.155949986,2.774381355,3.146227398,5.744468898,3.093965039,2.772570127,5.726007111,6.183578696,3.118781321
257276,Tomiyasu,DEF,4.8,ARS,,4.512835807,0,4.714906416,2.923077517,2.53537527,2.814505781,3.215989253,2.59404172,4.574278383,2.406020027,3.168219873,4.727714964,3.267311421
23482,Alli,MID,6.3,EVE,,3.027389526,0.679365657,3.285303976,7.424864679,0,3.379998834,3.989713644,7.428865967,1.670596959,3.305203542,6.907468106,7.260352846,3.302280639
23226,Redmond,MID,6,SOU,,2.637043014,3.719225673,2.786337018,3.439959892,3.013332446,2.971954627,2.67334192,3.017673416,2.707629218,3.160663493,2.86270968,6.566914654,2.84886303
88550,Fabinho,MID,5.1,LIV,,6.630956229,0,3.304539994,3.05891915,0,3.507489278,2.745994506,3.084143535,3.379319421,3.184622452,6.133760263,5.813107803,3.342391308
177020,Veltman,DEF,4.6,BHA,,4.027886371,3.448135831,3.257587925,2.194098838,0,4.068871182,2.525199935,2.355466425,3.509303068,3.220516385,4.480073026,5.766768848,3.320098934
187804,Andersen,DEF,4.6,CRY,,5.013349091,3.529749598,2.747889998,0,2.787062197,2.650963078,2.006531274,2.541067999,3.057934946,2.424052026,3.371397006,2.359187263,2.447922438
192211,Janelt,MID,5,BRE,,2.755322308,3.201233429,2.969316528,3.229565884,2.757224886,2.497527293,3.005721937,2.922103654,2.926504205,2.651069583,3.061322271,2.791629418,3.166922993
192201,Norgaard,MID,4.5,BRE,,2.684296548,3.172274405,2.981210388,3.245460199,2.773746083,2.516359982,3.02559535,2.935627049,2.948245496,2.66915109,3.080083219,2.80632251,3.185502568
139208,Webster,DEF,4.5,BHA,,3.999197004,3.396100498,3.199441676,2.188313358,0,4.026856444,2.495251118,2.338410657,3.460652556,3.136224266,4.425075068,5.72231825,3.276880407
225321,Dennis,FWD,5.6,WAT,,5.660004095,2.371572374,2.65654312,2.432752977,0,2.196590553,3.238553843,3.030183191,2.004589195,3.199921086,5.73136513,5.698634421,2.102711183
23479,Dier,DEF,4.7,TOT,,4.296503871,2.760650682,3.518717198,2.159360647,0,3.757569667,2.715284393,3.447405965,4.596688434,3.146762375,4.375751895,6.370508501,3.40537894
257179,Cucurella,MID,4.5,BHA,,3.479196794,3.317703295,3.165526142,3.039363908,0,3.528275099,2.999095823,2.974510962,3.342403591,3.10801269,5.862846855,6.22960932,3.294479052
242911,Wissa,MID,5.4,BRE,,2.880971868,3.312235662,3.05145868,3.299106092,2.738342942,1.448962263,2.998768494,2.946717568,2.907686048,1.538041163,3.06684591,2.756694202,3.236730839
283021,Diaz,MID,5.5,LIV,,7.174121936,0,2.979883433,2.695784303,0,3.015210081,2.360591768,2.651281285,2.905028976,2.737657897,5.27288163,4.997233023,2.873283756
23024,McCarthy,GK,4.7,SOU,,3.514913237,2.712262667,1.31583397,2.872320203,3.184027735,3.459161808,3.474607321,3.561556088,3.554812345,3.881045203,3.610418539,7.007425459,3.342416877
45474,Richarlison,FWD,6.9,EVE,,2.841069521,2.507323102,2.739894589,5.945254238,0,2.791210026,3.103531149,6.075458662,2.529733414,2.66581585,5.700546236,5.879525932,2.733037482
139797,Maupay,FWD,6,BHA,,3.504115349,3.268858198,3.041548173,2.985191305,0,3.638468975,2.887866938,2.893920043,3.328111833,2.853677564,5.652590692,6.290281777,3.27477716
283020,Guimaraes,MID,5,NEW,,1.878544772,2.395076822,2.847942634,5.131360937,2.947349326,2.572881715,2.907432035,2.93881447,2.877912124,2.617311116,2.312769982,5.500524976,2.821005763
132974,Rodri,MID,5,MCI,,3.304365243,3.178358126,3.304675073,3.16772864,0,3.292371052,3.089560847,3.143092614,3.61031471,3.234274609,6.648608639,3.104327874,3.401157378
92386,Targett,DEF,4.7,NEW,,2.2258874,2.812300585,3.286113036,4.53296464,3.483926227,0,3.510648463,2.975026022,3.22080364,0,0,5.195043147,3.094482603
32986,Jesus,FWD,8.6,MCI,,3.343266494,3.125815725,3.375710462,3.042158883,0,3.322617372,3.013470754,2.903969362,3.952975342,3.371130409,6.441802551,3.028779331,3.427189701
283053,Eriksen,MID,5.5,BRE,,3.004815421,3.502235572,3.015078873,2.970388365,2.210024158,1.904524306,2.427486137,2.374857054,2.356472711,2.096878825,2.481089421,2.221641178,2.619672925
46637,Walker-Peters,DEF,4.8,SOU,,3.181897678,3.735009591,2.309535744,3.444368592,2.91332943,2.397986689,0.480669146,2.644166826,2.43854733,3.305984075,2.592223301,4.847294872,0.427871359
24380,Pogba,MID,6.7,MUN,,3.658072842,3.845531193,1.218993116,3.514292408,0,3.73186712,3.328283434,4.088019944,3.14946321,3.744493085,5.840091293,3.174575256,3.298071277
115171,M Greenwood,MID,7.2,MUN,,3.658072842,3.845531193,1.218993116,3.514292408,0,3.73186712,3.328283434,4.088019944,3.14946321,3.744493085,5.840091293,3.174575256,3.298071277
234800,D Gray,MID,5.9,EVE,,1.615125472,2.859360762,3.028809977,6.631564722,0,3.117716329,3.434139226,6.64262702,2.775838931,3.036841952,6.177278028,6.490575611,3.044064025
157062,Minamino,MID,5.5,LIV,,6.243181011,0,3.188591222,2.951588653,0,3.384419479,2.649643822,2.975927972,3.26074681,3.072881313,5.918540605,5.609139108,3.22511442
176652,Ayling,DEF,4.5,LEE,,3.297047534,2.397725379,2.001116243,3.665683071,2.662818875,2.988547859,2.68076294,2.117470497,2.498780345,0,0,5.878028108,2.458158825
192210,Jensen,MID,5,BRE,,2.694859174,3.213777307,3.016445166,3.255412793,2.744804079,1.304113546,2.996867517,2.934461144,2.911083037,1.383298144,3.059529052,2.769528835,3.202525669
88639,Jorginho,MID,5.6,CHE,,3.242491058,0,6.668048222,3.59113044,0,3.548471213,3.219467255,3.274134671,3.465491462,6.5487176,6.902411215,3.099953736,3.652903405
23192,Lingard,MID,6.4,MUN,,3.197000067,3.593402242,2.598868573,3.182417579,0,3.323588041,3.040487745,3.623835339,2.908560373,3.3615559,5.62941931,2.982413028,3.031674673
257178,Hwang,FWD,6,WOL,,3.784421003,2.288827573,2.805937458,2.340749527,2.758671138,2.538459878,2.371617617,2.110224653,2.443844865,2.418911091,2.030434527,5.677115411,2.113476156
183010,Fraser,MID,5.8,NEW,,2.226651219,2.353182174,2.508943714,5.268172655,2.639632456,2.185678881,2.506998867,2.598276924,1.404157575,1.380053649,1.250299126,5.278162812,1.653777363
90433,Bissouma,MID,4.5,BHA,,3.372315505,3.174419338,3.014021579,2.907678041,0,3.370514418,2.853951568,2.829374473,3.196606351,2.963119404,5.516690669,5.8527487,3.150873239
23490,Ben T Davies,DEF,4.6,TOT,,4.485070769,2.546900678,3.197098343,1.97435841,0,3.409092859,2.455757757,3.102397111,5.426513886,2.886111054,4.101820285,5.899952315,3.089224681
23325,Chamberlain,MID,5.5,LIV,,6.049293402,0,3.142211714,2.908656455,0,3.335191559,2.611103548,2.932641747,3.213317765,3.028184858,5.832452741,5.52755163,3.178203665
225290,Young,DEF,5,AVL,,3.231282678,2.468753195,3.024348646,2.261427992,2.673669672,2.689802205,2.530803266,1.818939966,2.224519896,3.578020549,6.109565586,5.468811414,0
23543,A Cresswell,DEF,5.4,WHU,,4.070247349,3.989005772,0,3.416378415,0,3.833434745,3.052133278,4.25355078,2.099699054,3.090549289,5.87868744,2.062346824,2.890556252
132438,Dawson,DEF,4.8,WHU,,4.072732169,3.941710766,0,3.487314924,0,3.681448108,3.093149558,4.238470594,2.106206917,3.159306986,5.975436359,2.084581872,2.910138089
88507,S Armstrong,MID,5.8,SOU,,3.602166387,3.467458287,2.043761802,2.480347888,2.193075359,2.152974329,1.90926102,2.212232973,2.002501581,2.31591527,2.096260064,5.959876251,2.074256871
192747,McLean,MID,5,NOR,,2.78849883,3.025535409,3.304975487,3.09062577,0,2.979628255,3.419682638,2.924566497,3.355023858,5.722545611,3.212536235,5.919942495,3.138433507
23000,Zouma,DEF,5.5,WHU,,4.136566844,3.821871299,0,3.426404363,0,3.642689925,3.06611006,4.030997526,0.268294879,3.088620119,5.520787628,0.263522094,2.922274007
88575,Yarmolenko,MID,5.6,WHU,,3.016227724,3.095420982,2.688288043,3.26191434,0,3.313097126,3.071521053,3.420579732,2.830473723,3.192231149,6.027443428,2.921226258,3.002250939
178201,Salisu,DEF,4.4,SOU,,2.869316392,3.345442143,2.07145021,3.075442473,2.612491079,2.130543766,2.052302488,2.374118097,2.203752985,2.981573472,2.32855887,4.500973364,0
256301,Lyanco,DEF,4.5,SOU,,2.869316392,3.345442143,2.07145021,3.075442473,2.612491079,2.130543766,2.052302488,2.374118097,2.203752985,2.981573472,2.32855887,4.500973364,0
147612,Alzate,MID,5,BHA,,3.174004093,3.04122802,2.932276848,2.861623329,0,3.321943222,2.823710102,2.800562953,3.146941393,2.926257562,5.519990314,5.865304682,3.101819458
23135,Matip,DEF,5.2,LIV,,6.247838482,0,3.374721934,3.038116784,0,3.840673962,0,2.971932398,3.622213856,3.320208699,5.051193387,4.725716131,3.711809281
132429,Djenepo,MID,5.9,SOU,,3.528437835,3.396486918,2.00193042,2.429580534,2.148187851,2.108907603,1.870182578,2.166953351,1.961514706,2.268513495,2.053354156,5.837890479,2.031801321
184661,Reguilon,DEF,5.2,TOT,,4.298993576,2.446786014,4.041746401,0.055633694,0,4.316877294,2.234094176,3.839914428,5.535602781,3.686250093,4.58133505,6.587812292,3.879381493
225295,Rashica,MID,5.4,NOR,,2.653283612,2.957101608,3.28600473,3.076653532,0,2.862735041,3.447685303,2.841930738,3.351451331,5.64886618,3.178866025,5.821346965,3.093112141
192197,Pinnock,DEF,4.6,BRE,,2.054060433,3.596844944,3.226621823,3.734542457,2.159757437,0,3.002954654,2.928727712,2.440997744,0,3.21507307,2.508619593,3.253510633
226985,Mwepu,MID,5.5,BHA,,3.868737741,3.179116078,2.676906743,2.053844503,0,3.758554602,1.527270585,1.515909584,3.448059261,1.576479255,5.596558538,6.152025151,3.378828665
23016,Townsend,MID,5.6,EVE,,2.974797426,2.519826725,2.500825771,5.452844911,0,2.567894511,2.816697505,5.421213566,2.331177093,2.561497022,5.052275421,5.315898323,2.517566942
241953,Elliott,MID,5.5,LIV,,6.734449317,0,2.438789165,2.257518109,0,2.588568111,2.026576062,2.276134001,2.493977257,2.350288616,6.164371921,5.808198991,2.466723878
179153,Rodrigo,FWD,6,LEE,,4.674111398,2.482287995,2.108353928,2.103162922,1.359161902,1.660443488,1.598821018,1.361147653,1.419150112,0,1.380683602,3.157971661,1.448863195
23517,Foster,GK,4.1,WAT,,4.45238828,2.151655168,2.507838826,2.424142892,0,2.089493076,2.679506858,2.851114325,2.059748065,2.982023956,4.528335785,4.416917658,2.215500201
23324,Walcott,MID,5.9,SOU,,3.265121579,3.254544181,1.918267656,2.328045825,2.058412837,2.020774151,1.685955637,2.076394106,1.879540958,2.173709946,1.96754234,5.593918937,1.946890221
92389,Kovacic,MID,5.1,CHE,,2.852911734,0,5.638039939,3.218281511,0,3.163353351,2.838953483,2.940350067,3.07039775,5.570480584,5.825601036,2.71333385,3.336635673
23170,Iheanacho,FWD,7.2,LEI,,3.170046427,2.917812605,3.448066338,2.202336401,2.727471697,0,1.413348803,3.513287081,1.406261734,0,3.373541662,4.192564853,1.444236941
257280,C Roberts,DEF,4.5,BUR,,4.186814655,4.400853153,0,2.085752953,2.449247312,0,2.462220721,0,2.682529022,2.215858987,3.689410911,3.475867313,2.759538049
230249,Olise,MID,5.5,CRY,,4.488682873,2.152102731,1.891939261,1.782606419,1.937756525,1.984498914,1.87282884,1.90196269,2.105575362,1.884352271,2.157183207,1.868524138,1.969905601
242869,Broja,FWD,5.2,SOU,,2.999755603,3.124979398,2.242884646,2.815052589,2.415318407,2.443637929,0,2.448935255,2.133853858,2.513003663,2.290130368,4.933125287,2.339489102
35690,Milivojevic,MID,5.5,CRY,,3.658399994,2.374734048,2.087657115,1.967013979,2.138214096,2.189791905,2.066569755,2.098717452,2.323393503,2.079285265,2.38034009,2.061819739,2.173688939
23099,Albrighton,MID,5.5,LEI,,2.300414686,2.452474126,2.612592664,2.318147469,2.620730398,2.404463841,2.815045567,5.274161503,2.84065796,2.545576082,5.257211207,5.677320791,2.863442499
23058,Barkley,MID,5.5,CHE,,2.802860651,0,5.539126957,3.161820432,0,3.107855924,2.789147281,2.888764978,3.016531123,5.472752855,5.723397509,2.665731502,3.278098205
163914,Mac Allister,MID,5.6,BHA,,3.878682525,2.579625617,2.426302707,2.24343015,0,2.709199528,2.209226721,2.192792811,2.516367108,2.280408022,5.55925698,6.122962056,2.471793093
182530,Allan,MID,4.5,EVE,,2.69077381,2.492105224,2.197756392,4.567666137,0,2.247821625,2.506004106,4.496751311,2.096065566,2.321520817,4.175923651,4.41717907,2.21646036
156990,Lamptey,DEF,4.9,BHA,,3.790088016,3.187315438,2.992612904,0.808566053,0,3.792277826,0.930582939,0.868032997,3.248432597,2.940496868,4.240732183,5.459314545,3.069253442
186817,Coufal,DEF,4.9,WHU,,4.22345309,4.174753171,0,1.646787603,0,3.951841335,1.460653958,4.48726685,0.994597711,1.491894965,5.463643914,0.984385884,1.374231875
23278,Ogbonna,DEF,5.1,WHU,,4.22345309,4.174753171,0,1.646787603,0,3.951841335,1.460653958,4.48726685,0.994597711,1.491894965,5.463643914,0.984385884,1.374231875
34400,T Davies,MID,5,EVE,,2.69077381,2.471702024,2.152773074,4.474175894,0,2.20181358,2.454711624,4.404712542,2.053163639,2.274004309,4.09045153,4.326768972,2.171094212
257277,Saul,MID,6,CHE,,2.787404594,0,5.732181805,3.087112133,0,3.050440166,2.767612202,2.814606998,2.979106695,5.62959934,5.933651747,2.664872509,3.140215207
23539,Lanzini,MID,5.6,WHU,,3.073862649,2.362185326,1.565072268,3.296093149,0,3.363404634,3.059242793,3.504265754,2.738820458,3.214463745,6.308972802,2.843057476,2.95216189
23260,Walker,DEF,5.5,MCI,,2.732336846,2.751045389,2.695111419,2.804916967,0,2.99634306,2.181872243,2.863402263,3.29928989,2.695055067,4.996259597,2.549908074,3.043818768
23394,Loftus-Cheek,MID,5.5,CHE,,2.71944218,0,5.374271988,3.067718633,0,3.015360212,2.706136946,2.802789829,2.926753411,5.309873305,5.553058297,2.586394255,3.180535759
23544,Kouyate,DEF,4.5,CRY,,4.381140649,3.024448846,2.388756673,0,2.415733955,2.274237248,0,2.204000498,2.614094064,2.103445985,2.883130246,2.048742732,2.097212955
137599,Joelinton,FWD,5.8,NEW,,2.120916497,2.15487128,2.252407952,3.934500126,2.348176462,1.853901878,2.021345224,2.021727978,1.795623581,1.614601225,0,2.827734947,1.534693293
176631,Ziyech,MID,7,CHE,,3.365861232,0,6.230869865,2.274714203,0,2.247692754,2.039293201,2.073920946,2.195131249,6.066611747,6.406051962,1.96359027,2.313842784
225319,Konate,DEF,5.5,LIV,,6.855580529,0,2.297179141,2.068051425,0,2.614353504,0,2.022999598,2.465647326,2.260071886,5.451001885,3.216803261,2.52663509
192741,Krul,GK,4.5,NOR,,1.784792963,2.25255578,3.194204856,3.119400162,0,3.215770913,3.576818743,2.910988582,3.387201298,6.016071418,3.19998907,6.150996674,3.015680525
192216,Ghoddos,MID,5,BRE,,1.301670786,2.337465351,2.625557219,3.032892045,2.676421659,2.428066649,2.919434109,2.832622591,2.844798286,2.575496666,2.972010124,2.707855053,3.073730548
24382,Masuaku,DEF,4.9,WHU,,3.722620105,3.319335382,0,2.936686252,0,3.100166828,2.604757523,3.569238395,1.77364793,2.660469041,5.031946408,1.755437366,2.450642601
291492,Bentancur,MID,5,TOT,,4.249874429,2.058981497,2.232094239,1.933214017,0,2.273905236,2.001112591,2.173220937,4.986347921,2.197618748,4.565659819,4.904832795,2.148531893
192195,Henry,DEF,4.7,BRE,,0.262463278,3.658562638,3.273374248,3.814410208,2.312297015,0,3.054907593,2.966243437,2.641243438,0,3.27472293,2.701070751,3.319262197
45111,Christensen,DEF,5,CHE,,2.881190553,0,4.630983401,3.139932471,0,3.039496388,2.483017803,2.468082417,2.77624508,4.530454436,4.826446577,2.028090446,3.109332268
45018,March,DEF,4.9,BHA,,4.272954648,2.18381936,2.084094263,1.453109318,0,2.912455162,1.807511532,1.686018073,2.511922196,2.305211728,4.323578755,5.679955628,2.376491869
184926,Tella,MID,5,SOU,,3.328727762,2.630947144,1.758732582,2.02257844,1.84583936,1.801780218,1.618904426,1.881674397,1.751540593,1.957597533,1.792996453,5.884883294,1.759474105
230254,Duffy,DEF,4.6,BHA,,4.473272497,2.200514241,2.073088524,1.417924679,0,2.609214585,1.616805988,1.515180707,2.242340955,2.0321266,2.867241623,5.655665622,2.123265199
226790,Perraud,DEF,5,SOU,,2.426456935,2.828487984,1.778867754,2.611040285,2.225947213,1.83977707,1.742303344,2.022082568,1.878187687,2.515434635,1.989040255,3.837517892,1.627505525
242910,Elyounoussi,MID,5.1,SOU,,3.722233494,3.377398969,1.388473091,1.596772453,1.4572416,1.422458067,1.141753648,1.485532419,1.382795205,1.545471736,1.415523516,5.948900211,1.389058504
45069,Perez,MID,6,LEI,,2.112076642,2.251686771,2.398696189,2.128357618,2.406167675,2.207607152,2.584574,4.842358807,2.608089472,2.337166344,4.826796255,5.212510901,2.62900861
241952,Romero,DEF,4.8,TOT,,3.84910898,2.408842875,3.242201521,0.503279558,0,3.484911533,0.632848029,3.176031692,3.966432208,2.860349842,3.680944979,5.603441337,3.071489653
110898,Almiron,MID,5.6,NEW,,1.615348948,1.758466298,1.909485807,5.060616801,1.981108917,1.758530359,2.09610959,2.239056083,2.204875531,2.031324932,1.766951657,5.475995593,2.299153895
257281,Normann,MID,5,NOR,,2.266366201,2.49600565,2.806467956,2.562121333,0,2.448411026,2.918289844,2.40017457,2.854773061,4.706103551,2.718574291,4.955075077,2.648126262
92428,Soyuncu,DEF,4.6,LEI,,2.659607605,2.86517107,3.014924002,0,3.222741066,0,3.229458027,4.991931641,2.87383753,0,4.254755014,5.673449727,2.907561077
131369,El Ghazi,MID,5.8,EVE,,2.557281998,2.166166833,2.14983268,4.687533345,0,2.207488264,2.421371539,4.660341486,2.003994343,2.201988668,4.343184134,4.56980733,2.164224213
23121,J Henderson,MID,5.1,LIV,,4.880710395,0,2.482583159,2.265907527,0,2.68846952,1.984323761,2.304012177,2.550697723,2.394534756,4.449410783,4.215910095,2.494570783
23242,J Stephens,DEF,4.5,SOU,,1.983352033,2.852429617,1.766183864,2.622219372,2.227492393,1.816568896,1.749857911,2.024248062,1.878989387,2.542183697,1.985402826,3.837672026,0
23053,Cleverley,MID,5,WAT,,5.063452467,1.556753262,1.737258013,1.646249352,0,1.519497891,1.834760081,1.813907199,1.476751685,1.874567387,5.06864796,5.019424538,1.527914382
23018,J Ward,DEF,4.5,CRY,,3.802264339,2.868725693,2.246505213,0,2.254196897,2.125801474,0,2.039466053,2.440037224,1.937982868,2.710694323,0,1.939711068
35701,Ayew,FWD,5.8,CRY,,3.487603739,2.005642449,1.656155586,1.577884134,1.75777332,1.840337625,1.760805253,1.736302285,2.027138473,1.72356166,2.065269524,1.701754197,1.855610306
278659,Trippier,DEF,4.5,NEW,,0,2.507891295,2.91488515,4.257453124,3.075937975,0,3.138399831,2.645369921,2.88371913,0,0,5.008516548,2.777660906
181309,van de Beek,MID,5.8,EVE,,1.800535284,2.055648117,2.04014734,5.260864423,0,2.094861312,2.816697505,5.237259904,1.901749734,2.089642308,4.859054722,5.126509439,2.053804611
23521,Evans,DEF,4.9,LEI,,2.659607605,2.86517107,3.014924002,0,3.222741066,0,2.079317712,4.752932954,3.099011721,0,4.552531309,6.110315965,3.165403301
88532,Fred,MID,5.1,MUN,,1.878922257,3.278472619,2.009814564,2.489131948,0,2.606893821,2.375932424,3.20419912,2.267435884,2.635646538,4.69283501,2.320286987,2.367522386
69539,Hudson-Odoi,MID,5.5,CHE,,2.238951782,0,4.784915474,2.794823417,0,2.747122647,2.465406972,2.5534619,2.666398046,4.837522613,5.059074584,2.356316239,2.897604664
225311,Sema,MID,5.4,WAT,,4.841371218,1.48847461,1.661062486,1.574045433,0,1.452853247,1.754288148,1.734349866,1.411981874,1.792349519,4.846338839,4.799274339,1.460900593
144450,Gilmour,MID,4.5,NOR,,2.145998674,2.337616502,2.558711745,2.389120438,0,2.301497423,2.650486881,2.25627369,2.598862308,1.362549408,2.484277348,4.39948667,2.424603899
182119,Castagne,DEF,4.9,LEI,,2.659607605,2.63059566,2.768088118,0,2.515999604,0,3.342571318,4.826031943,3.025707682,0,4.310796784,5.759225224,3.093464895
45084,Gross,MID,5.9,BHA,,4.057225251,1.791406679,1.698411895,1.653053795,0,2.138841732,1.744126359,1.731152219,1.986605612,1.800322123,4.388887089,4.833917413,1.9514156
23076,Maguire,DEF,5.1,MUN,,2.680035891,3.37588222,0,2.557547828,0,2.846721822,2.582844244,3.614490517,2.119912515,3.235292959,3.710229568,2.380345661,2.683293576
192193,Jansson,DEF,4.6,BRE,,0,3.385612524,2.984847713,3.517380729,1.937922629,0,2.797558257,2.68458228,2.253545003,0,3.007599174,2.296007088,3.029799124
56987,D Sanchez,DEF,4.8,TOT,,3.864482464,1.695136384,2.160615823,1.325923204,0,2.30727962,1.66727989,2.116828224,4.87346611,1.932222511,2.686865199,6.370348378,2.091022156
88449,Diop,DEF,4.9,WHU,,2.26586131,3.247877467,0,2.961158638,0,3.126001551,2.626463835,3.598982048,1.78842833,2.682639616,5.073879294,1.77006601,2.471064623
23376,Lowton,DEF,4.6,BUR,,3.56981039,3.639068045,0,1.561265368,1.833354713,0,1.843065803,0,2.007974941,1.65865468,2.761664308,2.601818807,2.065619125
92420,Gomes,MID,5,EVE,,2.66989853,1.13990739,1.889299355,3.926590188,0,1.932337888,2.154284232,3.86562832,1.801880925,1.995693334,3.589829104,3.797224113,1.905378204
23103,Schlupp,MID,5.6,CRY,,3.405886566,1.774540848,1.560020092,1.46986845,1.59779924,1.63634121,1.544262377,1.568285025,1.736176176,1.553764153,1.778730013,1.540712886,1.624308127
257177,Vlasic,MID,5.9,WHU,,2.201317076,2.501679414,2.248100527,2.880403891,0,2.925600386,2.712278825,3.020511927,2.499424165,2.818870781,5.322479284,2.579562368,2.651110478
225305,Bachmann,GK,4.4,WAT,,3.46713464,1.675522819,1.952887825,1.887712676,0,1.627116363,2.086568031,2.220201073,1.603953523,2.322142163,3.526275983,3.439513189,1.725239806
185165,Llorente,DEF,4.4,LEE,,2.742219393,1.962649057,0,2.927152013,1.972772656,2.174818896,1.887952543,0,0,0,0,4.478894376,0
257275,Emerson R,DEF,5,TOT,,3.873705188,0.816330085,3.515669803,0.17055585,0,3.776668823,0.214465165,3.41293797,5.071965171,3.124296104,3.809166779,5.732068083,3.347212938
280662,Hjelde,DEF,4.5,LEE,,2.666046632,1.928216617,0,2.925012282,1.971330571,2.173229116,1.886572461,0,0,0,0,4.47562033,0
260200,C Cresswell,DEF,4.5,LEE,,2.658028446,1.922477877,0,2.916881304,1.965850647,2.167187953,1.881328148,0,0,0,0,4.463178957,0
233401,Onyeka,MID,5,BRE,,1.759705515,2.07960211,1.954349032,2.127579464,1.818344654,1.649613766,1.98344584,1.924466621,1.932738714,1.749776826,2.019165666,1.839700312,2.088273906
274827,Mykolenko,DEF,4.5,EVE,,2.50337555,0,0,6.54037913,0,2.080920957,2.481745321,5.89384613,0,2.162373269,4.805719269,5.993274979,1.904026642
241033,Varane,DEF,5.4,MUN,,0.698724887,3.750406488,0,2.880240985,0,3.18389449,2.948422095,4.013873579,2.446844611,3.618279008,4.353757488,2.713251309,3.063758933
282728,Kalu,MID,5.5,WAT,,4.161880521,1.279565893,1.427930909,1.353126776,0,1.248944019,1.508072268,1.490932341,1.213808979,1.540791692,4.166150932,4.125691976,1.255861914
178022,Forster,GK,4.5,SOU,,3.705611366,3.435532712,2.301643872,0,0,0,0,0,0,0,0,0,0
192730,Dowell,MID,5,NOR,,1.844805877,2.009529975,2.199594307,2.053805289,0,1.978480241,2.278488722,1.939603698,2.234109703,1.163346278,2.135606843,3.782014856,2.084308615
88464,Doherty,DEF,5,TOT,,4.202781134,1.457983846,1.962385131,0.304616575,0,2.10928856,0.383039597,1.922334971,5.145610549,1.731264378,4.143317167,6.188455488,1.859059527
23102,Kante,MID,5,CHE,,1.984367563,0,4.055946399,2.211348301,0,2.17640233,1.972829726,2.033056402,2.115352876,4.015573176,4.177332204,1.889015183,2.281284583
176664,T Roberts,MID,5.1,LEE,,3.273069144,1.414836212,0,1.58914156,1.672415152,2.070894163,1.970345244,1.903647808,1.908205747,1.822567534,1.83329215,4.947583271,1.912425643
88625,Vestergaard,DEF,4.9,LEI,,1.810399563,2.169822535,2.429570336,0,2.681848267,0,2.842300778,4.69781637,2.739388991,0,4.055702148,5.408025179,2.771534828
23326,Iwobi,MID,5.5,EVE,,2.313121346,2.124796477,1.850629485,3.846221383,0,1.892787113,2.110190695,3.786507273,1.765000321,1.95484581,3.516353069,3.719503151,1.866379235
131352,Godfrey,DEF,4.6,EVE,,2.50337555,0,0,6.526112636,0,0.721716237,2.507268439,5.873637064,0,2.343071071,4.727911131,5.953761529,0.288626261
91161,Schar,DEF,4.5,NEW,,0,1.987644097,2.418168289,3.174437236,2.570525566,0,2.630221258,2.161896542,2.343704371,0,0,3.884126985,2.241134447
225310,Louza,MID,5.5,WAT,,3.949539678,1.214281919,1.355077291,1.284089696,0,1.185222386,1.431129805,1.414864364,1.15187995,1.462179871,3.953592211,3.915197487,1.191787326
242984,Tzolis,MID,5,NOR,,1.750683128,1.907002936,2.087370108,1.949019305,0,1.877537372,2.162239297,1.840644326,2.120124514,1.093625183,2.02664731,3.589054915,1.977966339
176655,Klich,MID,5.4,LEE,,4.673941407,0.772919782,0,1.088236706,1.145262072,1.460525357,1.389611909,1.342572664,1.345787211,1.285389735,1.292953411,4.816497833,1.348763348
242908,Dalot,DEF,5.1,MUN,,2.071418151,2.873763218,0,2.129370373,0,2.393286546,2.151029109,3.088705191,0,2.742041853,2.615271294,0,2.240505603
230256,Lees-Melou,MID,5,NOR,,1.739388399,1.894699691,2.073903204,1.936444987,0,1.865424227,2.148289366,1.828769201,2.106446292,2.778446426,2.013572166,3.565899722,1.965205266
242864,Kucka,MID,5.5,WAT,,4.934971304,0.851738249,0.981257283,0.929852765,0,0.858259603,1.03632948,1.024551125,0.834115218,1.058813882,4.945747667,4.893415338,0.863013499
180321,Eze,MID,6,CRY,,2.683878449,1.442463029,1.268086508,1.194805349,1.298795873,1.330125311,1.255277605,1.274804787,1.41127771,1.263001271,1.445868256,1.252392346,1.320344033
160975,Podence,MID,5.4,WOL,,5.85845189,1.853895756,0,0,0,0,0,0,0,0,0,3.213526464,0
23378,Keane,DEF,4.8,EVE,,2.602087706,0,0,6.327788234,0,0.221097196,0.79794813,5.684111263,0,0.745691666,4.579648651,5.775749509,0.091856453
186823,Fofana,DEF,4.5,LEI,,1.430559734,1.91421235,1.995732388,0,2.495893957,0,2.7769151,4.140333785,2.342411757,0,3.6432128,4.799682872,2.328699126
45060,Femenia,DEF,4.3,WAT,,4.526860779,0,1.94503659,0,0,0,2.46834549,2.69472643,0,3.009667779,4.708672785,4.419641153,0
134602,Jay Rodriguez,FWD,5.3,BUR,,3.941546256,3.472172205,0,0,0,0,0,0,0,0,1.936165363,1.948110724,0
225294,Daka,FWD,7,LEI,,2.14319597,1.777898149,2.116934476,1.244006041,1.561812941,0,0,1.819876993,0,0,1.741660744,2.195045942,0
92351,Vydra,FWD,5.4,BUR,,3.918496277,3.304655125,0,0,0,0,0,0,0,0,2.425992867,2.442212318,0
32948,Wan-Bissaka,DEF,5.3,MUN,,1.843112402,2.321659351,0,1.758874997,0,1.957745534,1.776271831,2.485754882,1.457904747,2.224973404,2.551596475,1.637009647,1.845352775
23044,Stones,DEF,5.7,MCI,,1.608319969,1.619332273,1.586408176,1.651042395,0,1.763720452,1.284303106,1.685468263,4.922876872,1.586375007,6.797037293,1.500937954,1.791665809
180456,Koch,DEF,4.5,LEE,,2.772848391,0.69419624,0,1.788815119,1.308259762,1.564343416,1.358000952,0,0,0,0,3.221660867,0
234799,Ajer,DEF,4.5,BRE,,0,2.657060159,2.237825054,2.641735388,0,0,2.078335937,1.993719387,0,0,2.244467663,0,2.241883857
131320,Holgate,DEF,4.5,EVE,,2.40123125,0,0,5.152049568,0,0,1.101964569,4.62111746,0,0,3.662183653,4.681837075,0
23188,Shaw,DEF,5.4,MUN,,0.741633324,3.662158004,0,0.707737797,0,3.038395632,0.714737951,3.931118644,0.586633101,3.46785907,3.234554098,0.658701501,0.742534807
88564,R Pereira,DEF,5.2,LEI,,0.679202261,2.374078529,2.552507711,0,2.775373104,0,0.698737028,3.958046295,1.041396524,0,3.661677936,5.871527209,1.06370685
226984,Firpo,DEF,4.4,LEE,,1.272032282,0,0,2.868851309,1.916857035,2.289892602,1.98676318,0,1.868330389,0,0,4.73708322,1.840814103
23059,Coleman,DEF,4.4,EVE,,2.245741283,0,0,4.63029443,0,0,1.947370767,4.207723316,0,0,3.438305684,4.25875081,0
92423,Burn,DEF,4.5,NEW,,0,0,2.240411883,3.058875232,2.403987297,0,2.435928287,2.063303013,2.21799194,0,0,3.769447067,2.113524703
242874,Kenny,DEF,4.5,EVE,,2.153810353,0,0,4.624201937,0,0,1.944808437,4.202186838,0,0,3.433781597,4.253147191,0
134588,Pieters,DEF,4.5,BUR,,3.608024278,2.418873289,0,0,0,0,0,0,0,0,0,0,0
92422,Mina,DEF,5,EVE,,1.344411981,0,0,6.142401056,0,0.111776916,0.462936574,5.492270509,0,0.43261953,4.361181874,5.579861135,0.053291323
255775,Lennon,MID,5,BUR,,3.122096747,2.725540727,0,0,0,0,0,0,0,0,1.6939947,1.682804273,0
45068,Taylor,DEF,4.5,BUR,,0,1.741711586,0,2.258555152,2.608317736,0,2.621444342,0,2.912972442,2.343401448,4.49256539,4.203220119,2.937659344
92413,Dendoncker,MID,5,WOL,,4.147546224,1.202715118,0,0,0,0,0,0,0,0,0,2.19505494,0
274923,Patterson,DEF,4.5,EVE,,1.851751584,0,0,3.817962074,0,0,1.605726773,3.469526243,0,0,2.83509416,3.511601545,0
176648,K Phillips,MID,5,LEE,,0,0,0,2.139710289,2.161625027,2.637786979,2.509713495,2.424758101,2.430563745,2.32148267,2.335143073,5.106122887,2.435938807
88479,Masina,DEF,4.4,WAT,,3.044380056,0,1.308065543,0,0,0,1.659998429,1.812242921,0,2.024045582,3.166651288,2.97227329,0
262155,Nkoulou,DEF,4.5,WAT,,3.044380056,0,1.308065543,0,0,0,1.659998429,1.812242921,0,2.024045582,3.166651288,2.97227329,0
225300,Troost-Ekong,DEF,4.2,WAT,,3.763773809,0,0,0,0,0,1.937001603,2.161347018,0,2.685818624,3.923447623,3.662787907,0
137292,Justin,DEF,5,LEI,,1.843061411,1.243848075,1.308859864,0,1.647178767,0,1.440930695,3.293699153,2.147560754,0,3.154824328,6.041535074,2.193568954
225299,Sierralta,DEF,4.5,WAT,,3.457356635,0,0.634307974,0,0,0,0.804967492,0.878793988,0,0.981501469,3.615348421,3.368493371,0
67736,Johnson,DEF,4.3,WHU,,2.239255827,2.189507553,0,0,0,0,0,2.293404621,0,0,2.514872474,0,0
23290,A Barnes,FWD,5.2,BUR,,2.203797478,2.154801522,0,0,0,0,0,0,0,0,1.399940943,1.40873102,0
88450,Fredericks,DEF,4.5,WHU,,2.192113599,2.143412658,0,0,0,0,0,2.245122419,0,0,2.46192779,0,0
225298,Ngakia,DEF,4.5,WAT,,2.617098645,0,1.124477397,0,0,0,1.427016193,1.557893037,0,1.739969009,2.722209002,2.555112126,0
242865,Sargent,FWD,5.4,NOR,,1.790276135,0,1.651629633,0,0,0,2.405399934,0,2.319865279,3.598750744,1.616518971,3.679223437,0
23464,Cork,MID,4.5,BUR,,2.069389852,2.127441371,0,0,0,0,0,0,0,0,2.108246679,2.094319729,0
192743,Hanley,DEF,4.3,NOR,,0,0,2.682653152,0,0,0,2.996668173,0,2.85362009,3.380257875,2.251651332,3.663635305,0
192733,Gibson,DEF,4.2,NOR,,0,0,2.533764636,0,0,0,2.834159673,0,2.696040957,3.192423818,2.127722738,3.459283464,0
192745,Aarons,DEF,4.2,NOR,,0,0,2.513539484,0,0,0,2.811417393,0,2.674518308,3.214072107,2.110593906,3.479555321,0
278660,Samir,DEF,4.5,WAT,,1.847992104,0,0.794018733,0,0,0,1.007648169,1.100063247,0,1.228631178,1.922212887,1.804222032,0
164449,Joao Pedro,FWD,5.4,WAT,,2.312648127,0,0,0,0,0,1.219423797,1.140143336,0,1.204797721,2.338085547,2.326368666,0
23118,Benteke,FWD,5.8,CRY,,1.824352988,0.910651592,0,0,0,0,0,0,0.928128668,0,0.958581371,0,0
175378,L Thomas,DEF,4.5,LEI,,2.492913072,0,0,0,0,0,0,0,0,0,0,0,0
203020,Kabak,DEF,4.4,NOR,,0,0,2.089645613,0,0,0,2.334246788,0,2.222819859,2.633042977,1.753917879,2.853779079,0
192749,J Sorensen,DEF,4.5,NOR,,0,0,2.068260351,0,0,0,2.310358297,0,2.200071703,2.60609663,1.735968427,2.824573738,0
192734,Zimmermann,DEF,4.5,NOR,,0,0,2.068260351,0,0,0,2.310358297,0,2.200071703,2.60609663,1.735968427,2.824573738,0
278691,Kayembe,MID,4.5,WAT,,2.417086958,0,0,0,0,0,0,0,0,0,2.437442184,2.412982211,0
276427,Kamara,DEF,4,WAT,,2.379159881,0,0,0,0,0,0,0,0,1.874972957,2.482186469,2.329051224,0
176643,Struijk,DEF,4.2,LEE,,2.375108437,0,0,0,0,0,0,0,0,0,0,2.126233502,0
150363,B Williams,DEF,4.2,NOR,,0,0,1.973470394,0,0,0,2.219063897,0,2.110855432,2.461039818,0,2.64640974,0
187323,Ait-Nouri,DEF,4.8,WOL,,2.35349055,0,0,0,0,0,0,0,0,0,0,5.184404317,0
45036,W Hughes,MID,4.5,CRY,,2.322285954,0,0,0,0,0,0,0,0,0,0,0,0
192718,Byram,DEF,4.5,NOR,,0,0,1.943003816,0,0,0,2.170439996,0,2.066832501,2.448268031,1.630835923,2.653513881,0
225320,Gunn,GK,4,NOR,,2.267456142,0,0,0,0,0,0,0,0,0,0,0,0
176637,Cooper,DEF,4.4,LEE,,2.21398997,0,0,0,0,0,0,0,0,0,0,3.451888058,0
225479,Giannoulis,DEF,4.5,NOR,,0,0,1.850130677,0,0,0,2.066695694,0,1.968040507,2.331243899,1.552884017,2.526679255,0
88518,Keita,MID,5.1,LIV,,2.116964505,0,0,0,0,0,0,0,0,0,1.849435937,1.704547807,0
23101,Amartey,DEF,4,LEI,,1.941473925,0,0,0,0,0,0,0,0,0,0,0,0
23241,Bertrand,DEF,4.5,LEI,,1.941473925,0,0,0,0,0,0,0,0,0,0,0,0
219749,Elanga,MID,4.5,MUN,,0,1.775788568,0,0,0,0,0,1.572579333,0,0,1.935729499,0,0
176630,Werner,FWD,8.4,CHE,,0,0,1.909068177,0,0,0,0,0,0,1.82312402,1.929694413,0,0
23177,Mata,MID,5,MUN,,0,1.609632913,0,0,0,0,0,1.425437407,0,0,1.75460861,0,0
187324,I Diallo,MID,4.4,SOU,,1.371657312,0,0,0,0,0,0,0,0,0,0,1.608279285,0
202382,Watts,MID,4.5,SOU,,1.370654639,0,0,0,0,0,0,0,0,0,0,1.607103642,0
23008,Matic,MID,5,MUN,,0,1.588863456,0,0,0,0,0,1.407044666,0,0,1.731968499,0,0
162785,Smallbone,MID,4.5,SOU,,1.347593149,0,0,0,0,0,0,0,0,0,0,1.580063859,0
225296,Sessegnon,DEF,4.5,TOT,,1.27951804,0,0,0,0,0,0,0,0,0,0,0,0
157546,Tanganga,DEF,4.6,TOT,,1.216664523,0,0,0,0,0,0,0,1.484438502,0,0,0,0
187803,Cavani,FWD,7.7,MUN,,0,1.380057423,0,0,0,0,0,1.379104348,0,0,1.59959945,0,0
45072,Lascelles,DEF,4.3,NEW,,0,0,0,1.823329156,0,0,0,0,0,0,0,2.260106186,0
23466,F Fernandez,DEF,4.4,NEW,,0,0,0,1.729497012,0,0,0,0,0,0,0,2.143796628,0
139838,Krafth,DEF,4.5,NEW,,0,0,0,1.648584871,0,0,0,0,0,0,0,2.043502049,0
45114,Dummett,DEF,4.5,NEW,,0,0,0,1.559581516,0,0,0,0,0,0,0,1.933178012,0
76982,Nketiah,FWD,6,ARS,,0.75279834,0,0,0,0,0,0,0,0,0,0,0,0
185623,Murphy,MID,5,NEW,,0,0,0,0.99082394,0,0,0,0,0,0,0,1.129022958,0
192765,Idah,FWD,5,NOR,,0,0,0,0,0,0,1.404547073,0,1.348256057,2.194851375,0,2.252004506,0
189710,Butland,GK,4.5,CRY,,0,0,0,0,0,0,0,0,0,0,0,0,0
183126,Areola,GK,5,WHU,,0,0,0,0,0,0,0,0,0,0,0,0,0
92390,Kepa,GK,5,CHE,,0,0,0,0,0,0,0,0,0,0,0,0,0
137863,D Henderson,GK,5,MUN,,0,0,0,0,0,0,0,0,0,0,0,0,0
88472,Leno,GK,5,ARS,,0,0,0,0,0,0,0,0,0,0,0,0,0
140028,Kelleher,GK,4.5,LIV,,0,0,0,0,0,0,0,0,0,0,0,0,0
233402,Hennessey,GK,4.5,BUR,,0,0,0,0,0,0,0,0,0,0,0,0,0
45019,Darlow,GK,4.5,NEW,,0,0,0,0,0,0,0,0,0,0,0,0,0
234801,Gollini,GK,5,TOT,,0,0,0,0,0,0,0,0,0,0,0,0,0
193308,Steffen,GK,4.5,MCI,,0,0,0,0,0,0,0,0,0,0,0,0,0
88503,Ruddy,GK,4,WOL,,0,0,0,0,0,0,0,0,0,0,0,0,0
236836,Klaesson,GK,4.5,LEE,,0,0,0,0,0,0,0,0,0,0,0,0,0
197282,Steele,GK,4,BHA,,0,0,0,0,0,0,0,0,0,0,0,0,0
90843,D Ward,GK,4,LEI,,0,0,0,0,0,0,0,0,0,0,0,0,0
274828,Lossl,GK,4.5,BRE,,0,0,0,0,0,0,0,0,0,0,0,0,0
233403,Begovic,GK,4.5,EVE,,0,0,0,0,0,0,0,0,0,0,0,0,0
251271,A Fernandez,GK,4.6,BRE,,0,0,0,0,0,0,0,0,0,0,0,0,0
237977,Bettinelli,GK,4,CHE,,0,0,0,0,0,0,0,0,0,0,0,0,0
221679,Norris,GK,4.5,BUR,,0,0,0,0,0,0,0,0,0,0,0,0,0
23157,Caballero,GK,4,SOU,,0,0,0,0,0,0,0,0,0,0,0,0,0
139990,Carson,GK,4.5,MCI,,0,0,0,0,0,0,0,0,0,0,0,0,0
176811,Heaton,GK,4.5,MUN,,0,0,0,0,0,0,0,0,0,0,0,0,0
158282,Randolph,GK,4,WHU,,0,0,0,0,0,0,0,0,0,0,0,0,0
23079,Jakupovic,GK,4,LEI,,0,0,0,0,0,0,0,0,0,0,0,0,0
192713,McGovern,GK,4,NOR,,0,0,0,0,0,0,0,0,0,0,0,0,0
23273,Adrian,GK,4.5,LIV,,0,0,0,0,0,0,0,0,0,0,0,0,0
190419,Gillespie,GK,4,NEW,,0,0,0,0,0,0,0,0,0,0,0,0,0
273452,H Lewis,GK,4,SOU,,0,0,0,0,0,0,0,0,0,0,0,0,0
23148,Zinchenko,DEF,5.5,MCI,,0,0,0,0,0,0,0,0,2.63684441,0,3.527226072,0,0
187802,Telles,DEF,5.1,MUN,,0,0,0,0,0,0,0,0,0,0,0,0,0
242981,T Chalobah,DEF,5,CHE,,0,0,0,0,0,0,0,0,0,0,0,0,0
262617,M Sarr,DEF,5,CHE,,0,0,0,0,0,0,0,0,0,0,0,0,0
23346,Ake,DEF,5,MCI,,0,0,0,0,0,0,0,0,0,0,0,0,0
88556,Boly,DEF,4.5,WOL,,0,0,0,0,0,0,0,0,0,0,0,2.643059623,0
182753,Marcal,DEF,4.7,WOL,,0,0,0,0,0,0,0,0,0,0,0,3.934020457,0
178132,Tsimikas,DEF,4.4,LIV,,0,0,0,0,0,0,0,0,0,0,0,0,0
91162,Jonny,DEF,4.5,WOL,,0,0,0,0,0,0,0,0,0,0,0,1.874865309,0
24075,Holding,DEF,4.5,ARS,,0,0,0,0,0,0,0,0,0,0,0,0,0
176667,Chambers,DEF,4.5,AVL,,0,0,0,0,0,0,0,0,0,0,0,0,0
259132,Zanka,DEF,4.5,BRE,,0,0,0,0,0,0,0,0,0,0,0,0,0
138601,Cedric,DEF,4.4,ARS,,0,0,0,0,0,0,0,0,0,0,0,0,0
230250,Tavares,DEF,4.6,ARS,,0,0,0,0,0,0,0,0,0,0,0,0,0
45053,Lindelof,DEF,4.9,MUN,,0,0,0,0,0,0,0,0,0,0,0,0,0
23015,Tomkins,DEF,4.5,CRY,,0,0,0,0,0,0,0,0,0,0,0,0,0
189201,Clyne,DEF,4.5,CRY,,0,0,0,0,0,0,0,0,0,0,0,0,0
23120,Gomez,DEF,5,LIV,,0,0,0,0,0,0,0,0,0,0,0,0,0
234803,Collins,DEF,4.5,BUR,,0,0,0,0,0,0,0,0,0,0,0,0,0
132423,Hause,DEF,4.5,AVL,,0,0,0,0,0,0,0,0,0,0,0,0,0
25865,Manquillo,DEF,4,NEW,,0,0,0,0,0,0,0,0,0,0,0,0,0
189708,Rodon,DEF,4.5,TOT,,0,0,0,0,0,0,0,0,0,0,0,0,0
225312,Mosquera,DEF,4.5,WOL,,0,0,0,0,0,0,0,0,0,0,0,0,0
45117,Ritchie,DEF,4.2,NEW,,0,0,0,0,0,0,0,0,0,0,0,0,0
23171,Bailly,DEF,5,MUN,,0,0,0,0,0,0,0,0,0,0,0,0,0
192205,M Sorensen,DEF,4.5,BRE,,0,0,0,0,0,0,0,0,0,0,0,0,0
192955,R Williams,DEF,4.5,LIV,,0,0,0,0,0,0,0,0,0,0,0,0,0
23037,Kelly,DEF,4,CRY,,0,0,0,0,0,0,0,0,0,0,0,0,0
274845,P Jones,DEF,4.5,MUN,,0,0,0,0,0,0,0,0,0,0,0,0,0
242875,Branthwaite,DEF,4,EVE,,0,0,0,0,0,0,0,0,0,0,0,0,0
230255,Jach,DEF,4.5,CRY,,0,0,0,0,0,0,0,0,0,0,0,0,0
280711,Toti,DEF,4.5,WOL,,0,0,0,0,0,0,0,0,0,0,0,0,0
23503,Cathcart,DEF,4,WAT,,0,0,0,0,0,0,0,0,0,0,0,0,0
23252,Bardsley,DEF,4,BUR,,0,0,0,0,0,0,0,0,0,0,0,0,0
184652,Hoever,DEF,4.5,WOL,,0,0,0,0,0,0,0,0,0,0,0,0,0
23289,K Long,DEF,4,BUR,,0,0,0,0,0,0,0,0,0,0,0,0,0
23265,Kabasele,DEF,4,WAT,,0,0,0,0,0,0,0,0,0,0,0,0,0
280703,Kenedy,DEF,5,CHE,,0,0,0,0,0,0,0,0,0,0,0,0,0
178020,N Ferguson,DEF,4.5,CRY,,0,0,0,0,0,0,0,0,0,0,0,0,0
274593,Bradley,DEF,4,LIV,,0,0,0,0,0,0,0,0,0,0,0,0,0
274594,Beck,DEF,4,LIV,,0,0,0,0,0,0,0,0,0,0,0,0,0
274592,Koumetio,DEF,4,LIV,,0,0,0,0,0,0,0,0,0,0,0,0,0
242872,Valery,DEF,4,SOU,,0,0,0,0,0,0,0,0,0,0,0,0,0
273787,Ashby,DEF,4,WHU,,0,0,0,0,0,0,0,0,0,0,0,0,0
273846,McCarron,DEF,4,LEE,,0,0,0,0,0,0,0,0,0,0,0,0,0
192204,Roerslev,DEF,4.5,BRE,,0,0,0,0,0,0,0,0,0,0,0,0,0
192723,Omobamidele,DEF,4,NOR,,0,0,0,0,0,0,0,0,0,0,0,0,0
192744,Skipp,MID,4.5,TOT,,0,0,0,0,0,0,0,0,3.320920274,0,2.380130593,2.561295132,0
242878,Dewsbury-Hall,MID,4.5,LEI,,0,0,0,0,0,0,0,0,0,0,0,0,0
154682,C Jones,MID,4.6,LIV,,0,0,0,0,0,0,0,0,0,0,0,0,0
226789,Soumare,MID,5,LEI,,0,0,0,0,0,0,0,0,0,0,0,0,0
176657,Forshaw,MID,5,LEE,,0,0,0,0,0,0,0,0,0,0,0,0,0
242870,A Gordon,MID,4.5,EVE,,0,0,0,0,0,0,0,0,0,0,0,0,0
192753,Placheta,MID,4.5,NOR,,0,0,0,0,0,0,0,0,0,0,0,0,0
192736,Rupp,MID,4.5,NOR,,0,0,0,0,0,0,0,0,0,0,0,0,0
23117,Milner,MID,5,LIV,,0,0,0,0,0,0,0,0,0,0,0,0,0
25871,Winks,MID,4.5,TOT,,0,0,0,0,0,0,0,0,0,0,0,0,0
259750,Summerville,MID,4.5,LEE,,0,0,0,0,0,0,0,0,0,0,0,0,0
242906,Palmer,MID,4.5,MCI,,0,0,0,0,0,0,0,0,0,0,0,0,0
183359,Elneny,MID,4.5,ARS,,0,0,0,0,0,0,0,0,0,0,0,0,0
271700,McAtee,MID,4,MCI,,0,0,0,0,0,0,0,0,0,0,0,0,0
274590,Vale,MID,4,CHE,,0,0,0,0,0,0,0,0,0,0,0,0,0
271609,Morton,MID,4.5,LIV,,0,0,0,0,0,0,0,0,0,0,0,0,0
271701,Onyango,MID,4,EVE,,0,0,0,0,0,0,0,0,0,0,0,0,0
293578,Chiquinho,MID,5,WOL,,0,0,0,0,0,0,0,0,0,0,0,0,0
200376,Anderson,MID,4.5,NEW,,0,0,0,0,0,0,0,0,0,0,0,0,0
274589,Simons,MID,4,CHE,,0,0,0,0,0,0,0,0,0,0,0,0,0
274588,Patino,MID,4,ARS,,0,0,0,0,0,0,0,0,0,0,0,0,0
271705,McKinstry,MID,4,LEE,,0,0,0,0,0,0,0,0,0,0,0,0,0
246493,Rak-Sakyi,MID,4.5,CRY,,0,0,0,0,0,0,0,0,0,0,0,0,0
257279,Kral,MID,5,WHU,,0,0,0,0,0,0,0,0,0,0,0,0,0
280768,Bate,MID,4.5,LEE,,0,0,0,0,0,0,0,0,0,0,0,0,0
225306,Baah,MID,4,WAT,,0,0,0,0,0,0,0,0,0,0,0,0,0
23310,Fernandinho,MID,5,MCI,,0,0,0,0,0,0,0,0,0,0,0,0,0
280714,Cundle,MID,4.5,WOL,,0,0,0,0,0,0,0,0,0,0,0,0,0
230251,Etebo,MID,4.5,WAT,,0,0,0,0,0,0,0,0,0,0,0,0,0
95817,S Longstaff,MID,5,NEW,,0,0,0,0,0,0,0,0,0,0,0,0,0
45021,D Stephens,MID,4.5,BUR,,0,0,0,0,0,0,0,0,0,0,0,0,0
68289,Choudhury,MID,4.5,LEI,,0,0,0,0,0,0,0,0,0,0,0,0,0
139205,Gbamin,MID,4.5,EVE,,0,0,0,0,0,0,0,0,0,0,0,0,0
23276,Noble,MID,4.5,WHU,,0,0,0,0,0,0,0,0,0,0,0,0,0
23162,Delph,MID,4.5,EVE,,0,0,0,0,0,0,0,0,0,0,0,0,0
192215,S Baptiste,MID,4.5,BRE,,0,0,0,0,0,0,0,0,0,0,0,0,0
221680,Chukwuemeka,MID,4.5,AVL,,0,0,0,0,0,0,0,0,0,0,0,0,0
138600,Nakamba,MID,4.5,AVL,,0,0,0,0,0,0,0,0,0,0,0,0,0
203010,Caicedo,MID,4.5,BHA,,0,0,0,0,0,0,0,0,0,0,0,0,0
94552,N Mendy,MID,4.5,LEI,,0,0,0,0,0,0,0,0,0,0,0,0,0
176654,Shackleton,MID,4.5,LEE,,0,0,0,0,0,0,0,0,0,0,0,0,0
23331,Welbeck,FWD,6,BHA,,0,0,0,0,0,0,0,0,0,0,1.315038209,1.506428094,0
102349,Origi,FWD,5,LIV,,0,0,0,0,0,0,0,0,0,0,0,0,0
265469,Tosun,FWD,5.5,EVE,,0,0,0,0,0,0,0,0,0,0,0,0,0
242907,Edozie,FWD,4.5,MCI,,0,0,0,0,0,0,0,0,0,0,0,0,0
259613,Gelhardt,FWD,4,LEE,,0,0,0,0,0,0,0,0,0,0,0,0,0
201968,Mateta,FWD,5.5,CRY,,0,0,0,0,0,0,0,0,0,0,0,0,0
274591,Soonsup-Bell,FWD,4,CHE,,0,0,0,0,0,0,0,0,0,0,0,0,0
203938,Scarlett,FWD,4.5,TOT,,0,0,0,0,0,0,0,0,0,0,0,0,0
259614,Munoz,FWD,4,NEW,,0,0,0,0,0,0,0,0,0,0,0,0,0
260243,Dobbin,FWD,4,EVE,,0,0,0,0,0,0,0,0,0,0,0,0,0
242871,S Long,FWD,5,SOU,,0,0,0,0,0,0,0,0,0,0,0,0,0
225304,Fletcher,FWD,5,WAT,,0,0,0,0,0,0,0,0,0,0,0,0,0
257278,Rondon,FWD,5.5,EVE,,0,0,0,0,0,0,0,0,0,0,0,0,0
230257,Cucho,FWD,4.9,WAT,,0,0,0,0,0,0,0,0,0,0,0,0,0
249318,S Greenwood,FWD,5,LEE,,0,0,0,0,0,0,0,0,0,0,0,0,0
182752,F Silva,FWD,5.7,WOL,,0,0,0,0,0,0,0,0,0,0,0,0,0
