ID,Name,Pos,Price,Team,xPts GW37-38,xPts +2 per sub,xPts +2 per sub with 0.86 decay,GW xMins,38,xPts if play,38,Probability to play,38,xPts,38
90826,Alisson,GK,6.7,LIV,4.92605387,4.952369659,4.952369659,,87.42857143,,4.991734588,,0.986842105,,4.92605387
45113,Ederson,GK,6.3,MCI,4.734505918,4.751874339,4.751874339,,87.80904762,,4.775981547,,0.991315789,,4.734505918
140080,Ramsdale,GK,5.2,ARS,4.686809565,4.704177986,4.704177986,,87.80904762,,4.72786736,,0.991315789,,4.686809565
23259,Lloris,GK,5.6,TOT,4.473580698,4.490949119,4.490949119,,87.80904762,,4.512770548,,0.991315789,,4.473580698
24087,Pope,GK,5.5,BUR,4.026750732,4.053066521,4.053066521,,87.42857143,,4.080440741,,0.986842105,,4.026750732
192988,R Sanchez,GK,4.7,BHA,3.948332579,3.965701,3.965701,,87.80904762,,3.982921104,,0.991315789,,3.948332579
176642,Meslier,GK,5,LEE,3.912317494,3.929685915,3.929685915,,87.80904762,,3.946590517,,0.991315789,,3.912317494
23173,de Gea,GK,5.1,MUN,3.871672524,3.897988314,3.897988314,,87.42857143,,3.923294825,,0.986842105,,3.871672524
23397,Schmeichel,GK,5,LEI,3.702320421,3.719688842,3.719688842,,87.80904762,,3.734753809,,0.991315789,,3.702320421
77662,Dubravka,GK,4.9,NEW,3.662921815,3.689237604,3.689237604,,87.42857143,,3.711760772,,0.986842105,,3.662921815
192208,Raya,GK,4.6,BRE,3.646756582,3.664125004,3.664125004,,87.80904762,,3.678703216,,0.991315789,,3.646756582
23448,Fabianski,GK,5,WHU,3.567084743,3.646032111,3.646032111,,85.19047619,,3.713677266,,0.960526316,,3.567084743
92390,Kepa,GK,5,CHE,2.554987106,3.486566053,3.486566053,,47.48333333,,4.782734483,,0.534210526,,2.554987106
231959,Sa,GK,5,WOL,3.467302832,3.484671253,3.484671253,,87.80904762,,3.497677399,,0.991315789,,3.467302832
131313,Martinez,GK,5.5,AVL,3.247502743,3.264871164,3.264871164,,87.80904762,,3.275951798,,0.991315789,,3.247502743
185291,E Mendy,GK,6,CHE,2.207859522,3.260491101,3.260491101,,42.5,,4.661036769,,0.473684211,,2.207859522
23433,Pickford,GK,4.9,EVE,3.106618844,3.123987265,3.123987265,,87.80904762,,3.133833716,,0.991315789,,3.106618844
88473,Guaita,GK,4.7,CRY,2.529779919,3.108727287,3.108727287,,63.60714286,,3.560430997,,0.710526316,,2.529779919
23024,McCarthy,GK,4.7,SOU,2.911331786,2.928700207,2.928700207,,87.80904762,,2.936835887,,0.991315789,,2.911331786
192741,Krul,GK,4.6,NOR,2.408952499,2.477373551,2.477373551,,85.20119048,,2.494283241,,0.965789474,,2.408952499
189710,Butland,GK,4.5,CRY,1.037170726,2.431907568,2.431907568,,26.17763158,,3.427172834,,0.302631579,,1.037170726
23517,Foster,GK,4.2,WAT,2.18262558,2.287888738,2.287888738,,83.64285714,,2.303882557,,0.947368421,,2.18262558
183126,Areola,GK,5,WHU,0.18927875,2.084015592,2.084015592,,4.526315789,,3.596296252,,0.052631579,,0.18927875
140028,Kelleher,GK,4.5,LIV,0.11442959,2.061798011,2.061798011,,2.105263158,,4.348324414,,0.026315789,,0.11442959
225305,Bachmann,GK,4.4,WAT,0.186840351,2.044735088,2.044735088,,5.968421053,,2.629604945,,0.071052632,,0.186840351
88472,Leno,GK,5,ARS,0.095267537,2.042635958,2.042635958,,1.842105263,,3.620166403,,0.026315789,,0.095267537
193308,Steffen,GK,4.5,MCI,0.087741217,2.040372796,2.040372796,,1.657894737,,3.704629178,,0.023684211,,0.087741217
234801,Gollini,GK,5,TOT,0.086680417,2.039311996,2.039311996,,1.657894737,,3.659839848,,0.023684211,,0.086680417
233402,Hennessey,GK,4.5,BUR,0.10055467,2.037396775,2.037396775,,2.368421053,,3.184231221,,0.031578947,,0.10055467
45019,Darlow,GK,4.5,NEW,0.100027076,2.036869181,2.036869181,,2.273684211,,3.167524067,,0.031578947,,0.100027076
137863,D Henderson,GK,5,MUN,0.095956478,2.032798583,2.032798583,,2.210526316,,3.038621801,,0.031578947,,0.095956478
197282,Steele,GK,4,BHA,0.080854203,2.028222624,2.028222624,,1.842105263,,3.072459714,,0.026315789,,0.080854203
236836,Klaesson,GK,4.5,LEE,0.07939695,2.026765371,2.026765371,,1.842105263,,3.017084087,,0.026315789,,0.07939695
90843,D Ward,GK,4,LEI,0.067119255,2.019750834,2.019750834,,1.657894737,,2.833924119,,0.023684211,,0.067119255
274828,Lossl,GK,4.5,BRE,0.0668117,2.014180121,2.014180121,,1.842105263,,2.538844613,,0.026315789,,0.0668117
225320,Gunn,GK,4,NOR,0.116020464,2.010757306,2.010757306,,4.263157895,,2.204388823,,0.052631579,,0.116020464
233403,Begovic,GK,4.5,EVE,0.05321484,2.005846419,2.005846419,,1.657894737,,2.246848819,,0.023684211,,0.05321484
88503,Ruddy,GK,4,WOL,0.057663412,2.005031833,2.005031833,,1.842105263,,2.191209667,,0.026315789,,0.057663412
139990,Carson,GK,4.5,MCI,0.009558981,2.004295823,2.004295823,,0.184210526,,3.632412841,,0.002631579,,0.009558981
221679,Norris,GK,4.5,BUR,0.008331862,2.003068704,2.003068704,,0.184210526,,3.166107412,,0.002631579,,0.008331862
251271,A Fernandez L,GK,4.6,BRE,0.00806345,2.002800292,2.002800292,,0.184210526,,3.064111022,,0.002631579,,0.00806345
176811,Heaton,GK,4.5,MUN,0.007669699,2.002406541,2.002406541,,0.184210526,,2.914485696,,0.002631579,,0.007669699
158282,Randolph,GK,4,WHU,0.00690428,2.002167438,2.002167438,,0.165789474,,2.91514047,,0.002368421,,0.00690428
23079,Jakupovic,GK,4,LEI,0.007188111,2.001924953,2.001924953,,0.184210526,,2.731482036,,0.002631579,,0.007188111
237977,Bettinelli,GK,4,CHE,0.004407052,2.001775473,2.001775473,,0.078947368,,3.349359623,,0.001315789,,0.004407052
23273,Adrian,GK,4.5,LIV,0.001005188,2.000478872,2.000478872,,0.018421053,,3.819715395,,0.000263158,,0.001005188
190419,Gillespie,GK,4,NEW,0.000814489,2.000288173,2.000288173,,0.018421053,,3.095057469,,0.000263158,,0.000814489
178022,Forster,GK,4.6,SOU,0,2,2,,0,,0.001333,,0,,0
192713,McGovern,GK,4,NOR,0.004820926,1.999557768,1.999557768,,0.184210526,,1.831952012,,0.002631579,,0.004820926
23157,Caballero,GK,4,SOU,0.051770334,1.999138755,1.999138755,,1.842105263,,1.967272707,,0.026315789,,0.051770334
273452,H Lewis,GK,4,SOU,0.003547851,1.998284693,1.998284693,,0.065789474,,1.348183438,,0.002631579,,0.003547851
28906,Trent,DEF,8.4,LIV,5.811965285,5.864596864,5.864596864,,84.54761905,,5.969045428,,0.973684211,,5.811965285
139835,Cancelo,DEF,7,MCI,5.171485956,5.224117535,5.224117535,,84.54761905,,5.311255847,,0.973684211,,5.171485956
45120,Robertson,DEF,8.2,LIV,4.981162918,5.033794497,5.033794497,,83.66666667,,5.115788943,,0.973684211,,4.981162918
77347,Laporte,DEF,6.3,MCI,4.894245435,4.946877014,4.946877014,,84.54761905,,5.026522339,,0.973684211,,4.894245435
45074,Rudiger,DEF,5.6,CHE,4.737108143,4.805529195,4.805529195,,83.89047619,,4.904907614,,0.965789474,,4.737108143
148332,R James,DEF,5.5,CHE,4.393213987,4.551108723,4.551108723,,66,,4.769775185,,0.921052632,,4.393213987
23393,Azpilicueta,DEF,5.4,CHE,4.39918016,4.504443318,4.504443318,,77.21428571,,4.643579058,,0.947368421,,4.39918016
28849,Alonso,DEF,5.6,CHE,4.07002903,4.491081662,4.491081662,,59.21428571,,5.155370105,,0.789473684,,4.07002903
23238,van Dijk,DEF,7,LIV,4.188659853,4.451817747,4.451817747,,75.78571429,,4.823305285,,0.868421053,,4.188659853
23135,Matip,DEF,6,LIV,3.887244836,4.308297468,4.308297468,,69.21428571,,4.923843459,,0.789473684,,3.887244836
225296,Sessegnon,DEF,4.6,TOT,4.116724152,4.22198731,4.22198731,,73.78571429,,4.34543105,,0.947368421,,4.116724152
56987,D Sanchez,DEF,4.6,TOT,4.140998455,4.219945823,4.219945823,,81.71428571,,4.311176474,,0.960526316,,4.140998455
181081,Gabriel,DEF,5.3,ARS,4.141774879,4.194406458,4.194406458,,85.42857143,,4.25371474,,0.973684211,,4.141774879
257275,Emerson R,DEF,5,TOT,3.846690245,3.951953403,3.951953403,,77.21428571,,4.060395259,,0.947368421,,3.846690245
176641,B White,DEF,5,ARS,3.894014943,3.946646522,3.946646522,,85.42857143,,3.99925859,,0.973684211,,3.894014943
23044,Stones,DEF,5.8,MCI,3.370554468,3.896870257,3.896870257,,63.5,,4.574323921,,0.736842105,,3.370554468
23490,Ben T Davies,DEF,4.8,TOT,3.846055676,3.888160939,3.888160939,,84.98571429,,3.928766551,,0.978947368,,3.846055676
23479,Dier,DEF,4.8,TOT,3.817175529,3.859280792,3.859280792,,85.87142857,,3.899265325,,0.978947368,,3.817175529
23260,Walker,DEF,5.6,MCI,2.710034427,3.446876532,3.446876532,,54.92857143,,4.290887843,,0.631578947,,2.710034427
180322,T Silva,DEF,5.4,CHE,2.749993498,3.434204025,3.434204025,,55.88095238,,4.179990117,,0.657894737,,2.749993498
230250,Tavares,DEF,4.6,ARS,2.953887589,3.37494022,3.37494022,,53.5,,3.741590946,,0.789473684,,2.953887589
138601,Cedric,DEF,4.5,ARS,2.889912877,3.310965509,3.310965509,,60.64285714,,3.660556311,,0.789473684,,2.889912877
23287,Tarkowski,DEF,4.8,BUR,3.196969195,3.249600773,3.249600773,,85.42857143,,3.283373767,,0.973684211,,3.196969195
45008,Dunk,DEF,5,BHA,3.193765591,3.24639717,3.24639717,,84.54761905,,3.28008358,,0.973684211,,3.193765591
257280,C Roberts,DEF,4.6,BUR,3.1690136,3.237434653,3.237434653,,82.14285714,,3.281267488,,0.965789474,,3.1690136
234803,Collins,DEF,4.5,BUR,2.953907004,3.16443332,3.16443332,,76.35714286,,3.301425475,,0.894736842,,2.953907004
242981,T Chalobah,DEF,5.1,CHE,2.013174663,3.11843782,3.11843782,,39.92857143,,4.500037481,,0.447368421,,2.013174663
45068,Taylor,DEF,4.5,BUR,3.045027696,3.071343485,3.071343485,,85.64285714,,3.085628065,,0.986842105,,3.045027696
23148,Zinchenko,DEF,5.5,MCI,1.982871592,3.035503171,3.035503171,,37.78571429,,4.186062249,,0.473684211,,1.982871592
23346,Ake,DEF,5,MCI,1.717213373,2.980371268,2.980371268,,32.42105263,,4.661007727,,0.368421053,,1.717213373
257276,Tomiyasu,DEF,4.8,ARS,2.017497694,2.912234537,2.912234537,,43.5,,3.650710114,,0.552631579,,2.017497694
177020,Veltman,DEF,4.3,BHA,2.843235155,2.911656207,2.911656207,,80.3952381,,2.943949207,,0.965789474,,2.843235155
23521,Evans,DEF,4.9,LEI,2.630532524,2.84105884,2.84105884,,74.73809524,,2.940006938,,0.894736842,,2.630532524
92386,Targett,DEF,4.9,NEW,2.75876408,2.827185133,2.827185133,,83.89047619,,2.856485968,,0.965789474,,2.75876408
192193,Jansson,DEF,4.5,BRE,2.778771651,2.805087441,2.805087441,,86.53571429,,2.81582194,,0.986842105,,2.778771651
225319,Konate,DEF,5.5,LIV,1.538369928,2.801527822,2.801527822,,33.15789474,,4.175575518,,0.368421053,,1.538369928
192195,Henry,DEF,4.7,BRE,2.737912134,2.790543713,2.790543713,,81.02380952,,2.81190976,,0.973684211,,2.737912134
137292,Justin,DEF,4.9,LEI,2.091283445,2.775493972,2.775493972,,53.5,,3.178750837,,0.657894737,,2.091283445
132438,Dawson,DEF,4.9,WHU,2.725643794,2.767749057,2.767749057,,84.98571429,,2.78425979,,0.978947368,,2.725643794
182119,Castagne,DEF,4.9,LEI,2.650204621,2.755467779,2.755467779,,72.07142857,,2.797438211,,0.947368421,,2.650204621
262617,M Sarr,DEF,5,CHE,1.467545382,2.730703277,2.730703277,,31.68421053,,3.983337467,,0.368421053,,1.467545382
241033,Varane,DEF,5.4,MUN,2.660751513,2.729172566,2.729172566,,82.14285714,,2.755001567,,0.965789474,,2.660751513
92423,Burn,DEF,4.7,NEW,2.618092681,2.697040049,2.697040049,,83.45238095,,2.725685531,,0.960526316,,2.618092681
234799,Ajer,DEF,4.4,BRE,2.644493655,2.670809445,2.670809445,,86.53571429,,2.679753571,,0.986842105,,2.644493655
23543,A Cresswell,DEF,5.2,WHU,2.545066926,2.650330084,2.650330084,,81.5,,2.686459533,,0.947368421,,2.545066926
45018,March,DEF,4.9,BHA,2.377938937,2.641096832,2.641096832,,47.5,,2.738232716,,0.868421053,,2.377938937
187802,Telles,DEF,5,MUN,2.213464586,2.634517217,2.634517217,,67.78571429,,2.803721809,,0.789473684,,2.213464586
231961,Guehi,DEF,4.8,CRY,2.498399829,2.603662987,2.603662987,,82.35714286,,2.63719982,,0.947368421,,2.498399829
23000,Zouma,DEF,5.2,WHU,2.560026707,2.60213197,2.60213197,,84.98571429,,2.615081044,,0.978947368,,2.560026707
186823,Fofana,DEF,4.5,LEI,2.17849875,2.599551382,2.599551382,,68.5,,2.75943175,,0.789473684,,2.17849875
187804,Andersen,DEF,4.7,CRY,2.554868151,2.596973414,2.596973414,,84.98571429,,2.609811552,,0.978947368,,2.554868151
139208,Webster,DEF,4.4,BHA,1.945806336,2.524753705,2.524753705,,49.78571429,,2.738542251,,0.710526316,,1.945806336
242908,Dalot,DEF,4.9,MUN,2.036962548,2.510646759,2.510646759,,64.26190476,,2.669123339,,0.763157895,,2.036962548
174861,Mitchell,DEF,4.8,CRY,2.293245709,2.503772024,2.503772024,,77.16666667,,2.563039321,,0.894736842,,2.293245709
23076,Maguire,DEF,5,MUN,1.88959936,2.468546728,2.468546728,,60.07142857,,2.659436136,,0.710526316,,1.88959936
91161,Schar,DEF,4.8,NEW,1.697871741,2.434713846,2.434713846,,55.5,,2.688296923,,0.631578947,,1.697871741
186817,Coufal,DEF,4.9,WHU,1.907992274,2.434308064,2.434308064,,62.16666667,,2.589418086,,0.736842105,,1.907992274
189201,Clyne,DEF,4.6,CRY,2.228321611,2.386216348,2.386216348,,79.33333333,,2.419320606,,0.921052632,,2.228321611
23289,K Long,DEF,4,BUR,1.103354547,2.366512441,2.366512441,,31.68421053,,2.994819484,,0.368421053,,1.103354547
88564,R Pereira,DEF,5.3,LEI,1.072764674,2.335922569,2.335922569,,27.63157895,,2.91178983,,0.368421053,,1.072764674
178132,Tsimikas,DEF,4.4,LIV,0.637426108,2.321636635,2.321636635,,11.84210526,,4.037032019,,0.157894737,,0.637426108
23379,Mee,DEF,5.1,BUR,0.844395259,2.31807947,2.31807947,,22.63157895,,3.208701985,,0.263157895,,0.844395259
45072,Lascelles,DEF,4.3,NEW,1.314687282,2.314687282,2.314687282,,41.5,,2.629374565,,0.5,,1.314687282
45053,Lindelof,DEF,4.8,MUN,1.363992176,2.311360597,2.311360597,,46.35714286,,2.591585134,,0.526315789,,1.363992176
192205,M Sorensen,DEF,4.5,BRE,2.257506279,2.310137858,2.310137858,,82.78571429,,2.318519962,,0.973684211,,2.257506279
175378,L Thomas,DEF,4.5,LEI,1.132621387,2.290516123,2.290516123,,36.21052632,,2.689975793,,0.421052632,,1.132621387
139838,Krafth,DEF,4.7,NEW,1.594998385,2.279208911,2.279208911,,54.69047619,,2.424397545,,0.657894737,,1.594998385
278659,Trippier,DEF,4.7,NEW,1.191157404,2.243788983,2.243788983,,35.52631579,,2.514665631,,0.473684211,,1.191157404
185165,Llorente,DEF,4.3,LEE,2.206964796,2.233280585,2.233280585,,85.64285714,,2.236390993,,0.986842105,,2.206964796
156990,Lamptey,DEF,4.6,BHA,2.020768646,2.231294962,2.231294962,,47.21428571,,2.258506134,,0.894736842,,2.020768646
32948,Wan-Bissaka,DEF,5.3,MUN,0.966919112,2.230077007,2.230077007,,32.42105263,,2.624494733,,0.368421053,,0.966919112
180456,Koch,DEF,4.3,LEE,2.135347841,2.214295209,2.214295209,,76.5,,2.223101861,,0.960526316,,2.135347841
189708,Rodon,DEF,4.5,TOT,0.708137288,2.181821498,2.181821498,,15.78947368,,2.690921694,,0.263157895,,0.708137288
45111,Christensen,DEF,5,CHE,0.313495777,2.155601041,2.155601041,,6.631578947,,3.970946513,,0.078947368,,0.313495777
23101,Amartey,DEF,4.1,LEI,1.094800953,2.147432532,2.147432532,,37.78571429,,2.311246456,,0.473684211,,1.094800953
92428,Soyuncu,DEF,4.4,LEI,0.445174818,2.129385344,2.129385344,,13.89473684,,2.819440515,,0.157894737,,0.445174818
176637,Cooper,DEF,4.5,LEE,2.072927843,2.125559422,2.125559422,,83.66666667,,2.128952919,,0.973684211,,2.072927843
24075,Holding,DEF,4.6,ARS,0.741652874,2.110073927,2.110073927,,14.21052632,,2.348567435,,0.315789474,,0.741652874
23376,Lowton,DEF,4.6,BUR,0.317879127,2.107352811,2.107352811,,8.842105263,,3.019851705,,0.105263158,,0.317879127
230254,Duffy,DEF,4.6,BHA,0.315772587,2.105246271,2.105246271,,8.421052632,,2.999839573,,0.105263158,,0.315772587
280703,Kenedy,DEF,5,CHE,0.312868079,2.102341763,2.102341763,,4.210526316,,2.972246746,,0.105263158,,0.312868079
23018,J Ward,DEF,4.3,CRY,0.615935606,2.089619816,2.089619816,,23.68421053,,2.340555302,,0.263157895,,0.615935606
67736,Johnson,DEF,4.3,WHU,1.015129993,2.067761572,2.067761572,,35.52631579,,2.143052207,,0.473684211,,1.015129993
176643,Struijk,DEF,4.1,LEE,1.74235233,2.058141804,2.058141804,,60.64285714,,2.069043392,,0.842105263,,1.74235233
23188,Shaw,DEF,5.4,MUN,0.264691596,2.05416528,2.05416528,,8.421052632,,2.514570158,,0.105263158,,0.264691596
134588,Pieters,DEF,4.6,BUR,0.259488557,2.048962242,2.048962242,,6.736842105,,2.465141296,,0.105263158,,0.259488557
23015,Tomkins,DEF,4.5,CRY,0.137018308,2.03175515,2.03175515,,4.210526316,,2.603347847,,0.052631579,,0.137018308
192204,Roerslev,DEF,4.4,BRE,1.133748181,2.028485023,2.028485023,,33.15789474,,2.051544328,,0.552631579,,1.133748181
23252,Bardsley,DEF,4,BUR,0.104858012,2.025910644,2.025910644,,2.960526316,,2.656402979,,0.039473684,,0.104858012
23120,Gomez,DEF,5,LIV,0.047826843,2.021511053,2.021511053,,0.986842105,,3.634840037,,0.013157895,,0.047826843
45117,Ritchie,DEF,4.2,NEW,0.120810821,2.015547663,2.015547663,,3.157894737,,2.295405591,,0.052631579,,0.120810821
23037,Kelly,DEF,4,CRY,0.062615727,2.009984148,2.009984148,,2.105263158,,2.37939764,,0.026315789,,0.062615727
23544,Kouyate,DEF,4.6,CRY,0.429194193,2.008141562,2.008141562,,12.63157895,,2.038672418,,0.210526316,,0.429194193
88625,Vestergaard,DEF,4.9,LEI,0.033471682,2.007155892,2.007155892,,0.921052632,,2.543847814,,0.013157895,,0.033471682
230255,Jach,DEF,4.5,CRY,0.031728842,2.005413052,2.005413052,,1.052631579,,2.411391974,,0.013157895,,0.031728842
25865,Manquillo,DEF,4,NEW,0.056653384,2.004021805,2.004021805,,1.842105263,,2.152828604,,0.026315789,,0.056653384
23171,Bailly,DEF,5,MUN,0.029059083,2.002743293,2.002743293,,0.986842105,,2.208490288,,0.013157895,,0.029059083
45114,Dummett,DEF,4.5,NEW,0.028569351,2.002253561,2.002253561,,0.921052632,,2.171270657,,0.013157895,,0.028569351
274845,P Jones,DEF,4.5,MUN,0.012364826,2.00183851,2.00183851,,0.394736842,,2.349316869,,0.005263158,,0.012364826
226984,Firpo,DEF,4.3,LEE,1.894862316,2.000125474,2.000125474,,70.35714286,,2.000132444,,0.947368421,,1.894862316
192723,Omobamidele,DEF,4,NOR,0,2,2,,0,,0.001331,,0,,0
225300,Troost-Ekong,DEF,4.2,WAT,0,2,2,,0,,0.001387,,0,,0
176652,Ayling,DEF,4.3,LEE,0,2,2,,0,,0.001185,,0,,0
203020,Kabak,DEF,4.3,NOR,0,2,2,,0,,0.001609,,0,,0
23466,F Fernandez,DEF,4.4,NEW,0,2,2,,0,,0.001465,,0,,0
192734,Zimmermann,DEF,4.4,NOR,0,2,2,,0,,0.001324,,0,,0
192197,Pinnock,DEF,4.5,BRE,0,2,2,,0,,0.001091,,0,,0
132423,Hause,DEF,4.5,AVL,0,2,2,,0,,0.001036,,0,,0
23241,Bertrand,DEF,4.5,LEI,0,2,2,,0,,0.001473,,0,,0
274923,Patterson,DEF,4.5,EVE,0,2,2,,0,,0.001697,,0,,0
259132,Zanka,DEF,4.5,BRE,0,2,2,,0,,0.001618,,0,,0
178020,N Ferguson,DEF,4.5,CRY,0,2,2,,0,,0.001161,,0,,0
225299,Sierralta,DEF,4.5,WAT,0,2,2,,0,,0.001396,,0,,0
134708,Konsa,DEF,4.6,AVL,0,2,2,,0,,0.001045,,0,,0
157546,Tanganga,DEF,4.6,TOT,0,2,2,,0,,0.001371,,0,,0
241952,Romero,DEF,4.7,TOT,0,2,2,,0,,0.001495,,0,,0
185167,Semedo,DEF,4.8,WOL,0,2,2,,0,,0.001437,,0,,0
106466,Kilman,DEF,4.8,WOL,0,2,2,,0,,0.001439,,0,,0
88539,Saiss,DEF,4.9,WOL,0,2,2,,0,,0.001431,,0,,0
237976,Livramento,DEF,4.9,SOU,0,2,2,,0,,0.001491,,0,,0
88449,Diop,DEF,4.9,WHU,0,2,2,,0,,0.001424,,0,,0
226790,Perraud,DEF,4.9,SOU,0,2,2,,0,,0.00146,,0,,0
23278,Ogbonna,DEF,5.1,WHU,0,2,2,,0,,0.001409,,0,,0
88464,Doherty,DEF,5.2,TOT,0,2,2,,0,,0.00136,,0,,0
184661,Reguilon,DEF,5.3,TOT,0,2,2,,0,,0.00137,,0,,0
139989,Tierney,DEF,5.7,ARS,0,2,2,,0,,0.001016,,0,,0
186737,Dias,DEF,6.3,MCI,0,2,2,,0,,0.001262,,0,,0
24083,Chilwell,DEF,6.4,CHE,0,2,2,,0,,0.001135,,0,,0
274593,Bradley,DEF,4,LIV,0.005029532,1.999766374,1.999766374,,0.065789474,,1.911222269,,0.002631579,,0.005029532
274594,Beck,DEF,4,LIV,0.004965762,1.999702605,1.999702605,,0.065789474,,1.886989738,,0.002631579,,0.004965762
274592,Koumetio,DEF,4,LIV,0.004884858,1.9996217,1.9996217,,0.065789474,,1.856246053,,0.002631579,,0.004884858
273787,Ashby,DEF,4,WHU,0.003773939,1.998510781,1.998510781,,0.065789474,,1.434096969,,0.002631579,,0.003773939
273846,McCarron,DEF,4,LEE,0.022953046,1.996637256,1.996637256,,0.526315789,,1.744431464,,0.013157895,,0.022953046
280662,Hjelde,DEF,4.5,LEE,0.048941345,1.996309766,1.996309766,,1.842105263,,1.859771104,,0.026315789,,0.048941345
260200,C Cresswell,DEF,4.5,LEE,0.047747426,1.995115847,1.995115847,,1.842105263,,1.814402198,,0.026315789,,0.047747426
242872,Valery,DEF,4,SOU,0.168500624,1.957974308,1.957974308,,7.368421053,,1.600755927,,0.105263158,,0.168500624
46637,Walker-Peters,DEF,4.7,SOU,1.907121891,1.949227154,1.949227154,,84.98571429,,1.948135265,,0.978947368,,1.907121891
262155,Nkoulou,DEF,4.5,WAT,0.042302956,1.937039798,1.937039798,,3.368421053,,0.80375616,,0.052631579,,0.042302956
92422,Mina,DEF,5,EVE,0.137803353,1.927277037,1.927277037,,8.421052632,,1.309131851,,0.105263158,,0.137803353
24382,Masuaku,DEF,4.9,WHU,0.234005266,1.918215792,1.918215792,,4.736842105,,1.482033352,,0.157894737,,0.234005266
88479,Masina,DEF,4.4,WAT,0.069955214,1.912060478,1.912060478,,5.921052632,,0.886099383,,0.078947368,,0.069955214
88450,Fredericks,DEF,4.5,WHU,0.227077262,1.911287788,1.911287788,,4.736842105,,1.43815599,,0.157894737,,0.227077262
225312,Mosquera,DEF,4.5,WOL,0.060622109,1.902727372,1.902727372,,6.631578947,,0.767880049,,0.078947368,,0.060622109
131352,Godfrey,DEF,4.5,EVE,0.198981354,1.883191881,1.883191881,,14.21052632,,1.260215245,,0.157894737,,0.198981354
45003,Bednarek,DEF,4.2,SOU,1.579416812,1.842574707,1.842574707,,74.21428571,,1.81872239,,0.868421053,,1.579416812
242875,Branthwaite,DEF,4,EVE,0.464127348,1.8325484,1.8325484,,26.52631579,,1.4697366,,0.315789474,,0.464127348
184652,Hoever,DEF,4.5,WOL,0.121976457,1.806186984,1.806186984,,12.63157895,,0.772517563,,0.157894737,,0.121976457
242874,Kenny,DEF,4.4,EVE,0.42755063,1.795971683,1.795971683,,26.52631579,,1.353910329,,0.315789474,,0.42755063
182753,Marcal,DEF,4.7,WOL,0.177048181,1.755995549,1.755995549,,16.84210526,,0.840978858,,0.210526316,,0.177048181
178201,Salisu,DEF,4.4,SOU,1.689572713,1.731677976,1.731677976,,84.98571429,,1.72590761,,0.978947368,,1.689572713
256301,Lyanco,DEF,4.5,SOU,0.811606103,1.706342945,1.706342945,,44.5,,1.468620568,,0.552631579,,0.811606103
192733,Gibson,DEF,4.3,NOR,0.311082966,1.679504019,1.679504019,,29.05263158,,0.985096059,,0.315789474,,0.311082966
23242,J Stephens,DEF,4.5,SOU,1.354154298,1.669943772,1.669943772,,69.02380952,,1.608058229,,0.842105263,,1.354154298
192749,J Sorensen,DEF,4.5,NOR,0.404578455,1.667736349,1.667736349,,27.63157895,,1.098141519,,0.368421053,,0.404578455
150363,B Williams,DEF,4.2,NOR,0.238053721,1.606474774,1.606474774,,25.26315789,,0.753836784,,0.315789474,,0.238053721
225298,Ngakia,DEF,4.5,WAT,0.324045372,1.587203267,1.587203267,,27.63157895,,0.879551723,,0.368421053,,0.324045372
23378,Keane,DEF,4.7,EVE,1.022867937,1.549183727,1.549183727,,62.16666667,,1.388177915,,0.736842105,,1.022867937
274827,Mykolenko,DEF,4.5,EVE,1.283599768,1.546757663,1.546757663,,71.07142857,,1.478084582,,0.868421053,,1.283599768
23059,Coleman,DEF,4.3,EVE,1.308801902,1.466696639,1.466696639,,78.5,,1.420984922,,0.921052632,,1.308801902
23503,Cathcart,DEF,4.1,WAT,0.352458644,1.405090223,1.405090223,,40.35714286,,0.74407936,,0.473684211,,0.352458644
131320,Holgate,DEF,4.5,EVE,1.11720166,1.327727975,1.327727975,,76.35714286,,1.248637149,,0.894736842,,1.11720166
192718,Byram,DEF,4.5,NOR,1.06212157,1.220016307,1.220016307,,76.83333333,,1.153160561,,0.921052632,,1.06212157
225290,Young,DEF,5,AVL,0.606047843,1.184995211,1.184995211,,24.86842105,,0.852956223,,0.710526316,,0.606047843
280711,Toti,DEF,4.5,WOL,0.546404576,1.177983523,1.177983523,,59.21428571,,0.798591303,,0.684210526,,0.546404576
91162,Jonny,DEF,4.7,WOL,1.062135255,1.141082624,1.141082624,,77.36904762,,1.105784649,,0.960526316,,1.062135255
192743,Hanley,DEF,4.4,NOR,1.109258165,1.135573954,1.135573954,,86.53571429,,1.124048274,,0.986842105,,1.109258165
225479,Giannoulis,DEF,4.5,NOR,0.81585187,1.131641343,1.131641343,,69.02380952,,0.968824095,,0.842105263,,0.81585187
45060,Femenia,DEF,4.3,WAT,0.707773159,1.023562633,1.023562633,,65.21428571,,0.840480627,,0.842105263,,0.707773159
192745,Aarons,DEF,4.2,NOR,0.950854583,1.003486162,1.003486162,,82.78571429,,0.976553356,,0.973684211,,0.950854583
187323,Ait-Nouri,DEF,4.8,WOL,0.841434551,0.999329287,0.999329287,,76.83333333,,0.913557512,,0.921052632,,0.841434551
278660,Samir,DEF,4.5,WAT,0.46796217,0.99427796,0.99427796,,63.5,,0.635091517,,0.736842105,,0.46796217
23265,Kabasele,DEF,4,WAT,0.82197018,0.979864917,0.979864917,,78.5,,0.892424767,,0.921052632,,0.82197018
88556,Boly,DEF,4.5,WOL,0.920139464,0.972771043,0.972771043,,85.42857143,,0.945008099,,0.973684211,,0.920139464
88496,Coady,DEF,4.9,WOL,0.886160005,0.938791584,0.938791584,,85.42857143,,0.910110275,,0.973684211,,0.886160005
91483,Digne,DEF,5.2,AVL,0.845249607,0.897881186,0.897881186,,82.78571429,,0.868094191,,0.973684211,,0.845249607
176667,Chambers,DEF,4.5,AVL,0.818845084,0.871476663,0.871476663,,82.78571429,,0.840976032,,0.973684211,,0.818845084
181873,Cash,DEF,5.2,AVL,0.756276976,0.808908554,0.808908554,,85.42857143,,0.776716894,,0.973684211,,0.756276976
276427,H Kamara,DEF,4,WAT,0.75339974,0.806031319,0.806031319,,84.54761905,,0.773761895,,0.973684211,,0.75339974
131314,Mings,DEF,4.9,AVL,0.662832956,0.689148746,0.689148746,,86.53571429,,0.671670729,,0.986842105,,0.662832956
23472,Son,MID,10.5,TOT,7.858584708,7.900689971,7.900689971,,81.44285714,,8.02758653,,0.978947368,,7.858584708
23126,Mane,MID,10.6,LIV,6.976676574,7.029308153,7.029308153,,79.26190476,,7.1652354,,0.973684211,,6.976676574
23161,De Bruyne,MID,11.6,MCI,5.923637473,5.992058526,5.992058526,,75.15238095,,6.133466593,,0.965789474,,5.923637473
139802,Mount,MID,7.2,CHE,5.817252801,5.896200169,5.896200169,,73.89285714,,6.056317985,,0.960526316,,5.817252801
55898,Foden,MID,8.2,MCI,5.753131382,5.821552435,5.821552435,,71.65714286,,5.956920777,,0.965789474,,5.753131382
106430,Saka,MID,7,ARS,5.636782071,5.705203123,5.705203123,,78.64761905,,5.836450101,,0.965789474,,5.636782071
23153,Sterling,MID,9.5,MCI,5.352606565,5.563132881,5.563132881,,60.16666667,,5.982324984,,0.894736842,,5.352606565
88492,Maddison,MID,7,LEI,5.319708857,5.398656225,5.398656225,,76.5,,5.538327029,,0.960526316,,5.319708857
45106,Salah,MID,13.6,LIV,4.928115983,5.349168614,5.349168614,,50.64285714,,6.242280245,,0.789473684,,4.928115983
283021,Diaz,MID,5.7,LIV,5.071684235,5.140105288,5.140105288,,66.41428571,,5.251335175,,0.965789474,,5.071684235
187805,Raphinha,MID,7.5,LEE,4.980177969,5.032809548,5.032809548,,82.78571429,,5.114777373,,0.973684211,,4.980177969
182529,Havertz,MID,7.9,CHE,4.707075426,4.917601742,4.917601742,,55.30952381,,5.260849006,,0.894736842,,4.707075426
45081,B Silva,MID,7.3,MCI,4.784178128,4.863125497,4.863125497,,73.02380952,,4.980788188,,0.960526316,,4.784178128
283053,Eriksen,MID,5.8,BRE,4.742753933,4.811174985,4.811174985,,82.14285714,,4.910753391,,0.965789474,,4.742753933
88567,Jota,MID,7.9,LIV,4.49353715,4.704063466,4.704063466,,48.83333333,,5.02218858,,0.894736842,,4.49353715
23023,Zaha,MID,7.2,CRY,4.640231617,4.68233688,4.68233688,,81.44285714,,4.740021544,,0.978947368,,4.640231617
160701,Fernandes,MID,11.3,MUN,4.619676582,4.672308161,4.672308161,,82.78571429,,4.744532706,,0.973684211,,4.619676582
192214,Mbeumo,MID,6,BRE,4.587371407,4.65579246,4.65579246,,78.64761905,,4.749866852,,0.965789474,,4.587371407
201990,Odegaard,MID,6.3,ARS,4.527038226,4.595459279,4.595459279,,73.4047619,,4.687396528,,0.965789474,,4.527038226
291491,Kulusevski,MID,6.9,TOT,4.432259333,4.511206701,4.511206701,,66.07142857,,4.614406976,,0.960526316,,4.432259333
161049,Bowen,MID,6.9,WHU,4.358942428,4.427363481,4.427363481,,76.9,,4.513346383,,0.965789474,,4.358942428
140008,Martinelli,MID,5.5,ARS,4.336893094,4.415840463,4.415840463,,59.11904762,,4.515121578,,0.960526316,,4.336893094
256300,Cornet,MID,5.7,BUR,4.341081088,4.40950214,4.40950214,,69.03571429,,4.494852352,,0.965789474,,4.341081088
132424,Trossard,MID,6.6,BHA,4.240385732,4.34564889,4.34564889,,72.07142857,,4.475962717,,0.947368421,,4.240385732
132974,Rodri,MID,5,MCI,4.056602544,4.125023596,4.125023596,,82.14285714,,4.200296912,,0.965789474,,4.056602544
45039,H Barnes,MID,7.2,LEI,3.940575323,4.09847006,4.09847006,,55.16666667,,4.278338922,,0.921052632,,3.940575323
283020,Guimaraes,MID,5.3,NEW,4.042341294,4.094972873,4.094972873,,82.78571429,,4.151593761,,0.973684211,,4.042341294
24092,Hojbjerg,MID,5.1,TOT,4.025916372,4.094337425,4.094337425,,83.89047619,,4.168523764,,0.965789474,,4.025916372
23121,J Henderson,MID,5.1,LIV,4.009528513,4.077949565,4.077949565,,78.64761905,,4.151555408,,0.965789474,,4.009528513
139204,Saint-Maximin,MID,6.8,NEW,3.969120884,4.021752463,4.021752463,,79.26190476,,4.076394421,,0.973684211,,3.969120884
176658,Harrison,MID,6.1,LEE,3.957782049,4.010413628,4.010413628,,77.5,,4.064749131,,0.973684211,,3.957782049
23404,Ward-Prowse,MID,6.9,SOU,3.921896914,3.974528493,3.974528493,,85.42857143,,4.027894128,,0.973684211,,3.921896914
23337,Xhaka,MID,4.9,ARS,3.91900465,3.971636229,3.971636229,,85.42857143,,4.024923694,,0.973684211,,3.91900465
163914,Mac Allister,MID,5.6,BHA,3.842605857,3.921553225,3.921553225,,73.02380952,,4.000521166,,0.960526316,,3.842605857
184630,Gallagher,MID,6.2,CRY,3.745787068,3.81420812,3.81420812,,76.9,,3.878471623,,0.965789474,,3.745787068
23394,Loftus-Cheek,MID,5.5,CHE,3.487280579,3.803070053,3.803070053,,61.4047619,,4.141145688,,0.842105263,,3.487280579
88518,Keita,MID,5.1,LIV,3.610044398,3.767939135,3.767939135,,60.16666667,,3.919476775,,0.921052632,,3.610044398
161009,Brownhill,MID,5.2,BUR,3.674313235,3.716418498,3.716418498,,84.98571429,,3.753330724,,0.978947368,,3.674313235
242878,Dewsbury-Hall,MID,4.5,LEI,3.607053021,3.712316179,3.712316179,,77.21428571,,3.807444855,,0.947368421,,3.607053021
96761,McNeil,MID,5.7,BUR,3.568769425,3.637190478,3.637190478,,73.4047619,,3.695183601,,0.965789474,,3.568769425
23109,Mahrez,MID,8.7,MCI,3.33971067,3.602868565,3.602868565,,38.85714286,,3.845727438,,0.868421053,,3.33971067
132425,Fornals,MID,6.1,WHU,3.476489413,3.581752571,3.581752571,,72.92857143,,3.669627714,,0.947368421,,3.476489413
197966,Smith Rowe,MID,6.4,ARS,3.501865722,3.58081309,3.58081309,,52.16666667,,3.645778012,,0.960526316,,3.501865722
291492,Bentancur,MID,5,TOT,3.459065303,3.527486356,3.527486356,,76.9,,3.581593502,,0.965789474,,3.459065303
203010,Caicedo,MID,4.5,BHA,3.368904621,3.474167779,3.474167779,,75.5,,3.556065989,,0.947368421,,3.368904621
184638,Thiago,MID,5.5,LIV,3.402131651,3.470552704,3.470552704,,66.41428571,,3.522643127,,0.965789474,,3.402131651
110910,Tielemans,MID,6.4,LEI,2.925608722,3.451924512,3.451924512,,56.83333333,,3.97046898,,0.736842105,,2.925608722
192201,Norgaard,MID,4.5,BRE,3.366440407,3.43486146,3.43486146,,78.64761905,,3.485687615,,0.965789474,,3.366440407
257179,Cucurella,MID,4.5,BHA,3.374624828,3.427256407,3.427256407,,84.54761905,,3.465830905,,0.973684211,,3.374624828
23464,Cork,MID,4.5,BUR,3.3464774,3.414898453,3.414898453,,82.14285714,,3.465017472,,0.965789474,,3.3464774
183359,Elneny,MID,4.5,ARS,3.344658873,3.413079926,3.413079926,,76.9,,3.463134528,,0.965789474,,3.344658873
77665,Lucas Moura,MID,6.3,TOT,3.328962859,3.407910228,3.407910228,,52.16666667,,3.465769552,,0.960526316,,3.328962859
160700,Soucek,MID,6,WHU,3.097361762,3.360519657,3.360519657,,67.92857143,,3.566658999,,0.868421053,,3.097361762
176631,Ziyech,MID,6.9,CHE,2.824629699,3.350945488,3.350945488,,39.5,,3.83342602,,0.736842105,,2.824629699
219749,Elanga,MID,4.5,MUN,3.245199973,3.297831552,3.297831552,,65.16666667,,3.33290808,,0.973684211,,3.245199973
242911,Wissa,MID,5.5,BRE,3.215845965,3.294793334,3.294793334,,52.16666667,,3.348004019,,0.960526316,,3.215845965
180321,Eze,MID,6,CRY,3.096584147,3.254478884,3.254478884,,63.5,,3.362005645,,0.921052632,,3.096584147
176655,Klich,MID,5.3,LEE,3.17201776,3.240438813,3.240438813,,73.4047619,,3.284378062,,0.965789474,,3.17201776
132434,Pulisic,MID,7.7,CHE,2.313498581,3.208235423,3.208235423,,29.84210526,,4.186330765,,0.552631579,,2.313498581
176648,K Phillips,MID,5,LEE,3.152824762,3.194930025,3.194930025,,84.1,,3.220627445,,0.978947368,,3.152824762
95817,S Longstaff,MID,5,NEW,3.093033147,3.171980515,3.171980515,,73.02380952,,3.220144098,,0.960526316,,3.093033147
32973,Rice,MID,5.1,WHU,3.083768941,3.162716309,3.162716309,,81.71428571,,3.210499171,,0.960526316,,3.083768941
88532,Fred,MID,5.1,MUN,3.09024509,3.142876669,3.142876669,,73.97619048,,3.173765227,,0.973684211,,3.09024509
40951,McTominay,MID,5.5,MUN,3.063325082,3.131746135,3.131746135,,76.9,,3.171835235,,0.965789474,,3.063325082
23103,Schlupp,MID,5.6,CRY,2.979672083,3.084935241,3.084935241,,61.78571429,,3.145209421,,0.947368421,,2.979672083
242910,Elyounoussi,MID,5.3,SOU,2.800717198,3.063875093,3.063875093,,53.78571429,,3.225068289,,0.868421053,,2.800717198
90433,Bissouma,MID,4.5,BHA,2.963748531,3.032169583,3.032169583,,76.9,,3.068731449,,0.965789474,,2.963748531
23226,Redmond,MID,6,SOU,2.913756632,3.01901979,3.01901979,,61.78571429,,3.075632001,,0.947368421,,2.913756632
160697,Bergwijn,MID,5.9,TOT,2.673174556,2.988964029,2.988964029,,33.68421053,,3.174394785,,0.842105263,,2.673174556
131338,Grealish,MID,7.4,MCI,2.373234701,2.95218207,2.95218207,,36.92857143,,3.340108098,,0.710526316,,2.373234701
186746,Lookman,MID,6,LEI,2.18577225,2.922614355,2.922614355,,32.84210526,,3.460806062,,0.631578947,,2.18577225
230256,Lees-Melou,MID,5,NOR,2.848182811,2.916603864,2.916603864,,75.15238095,,2.949072121,,0.965789474,,2.848182811
28842,Sissoko,MID,4.5,WAT,2.860062537,2.912694116,2.912694116,,85.42857143,,2.937361525,,0.973684211,,2.860062537
192730,Dowell,MID,5,NOR,2.635769284,2.846295599,2.846295599,,60.16666667,,2.945859788,,0.894736842,,2.635769284
23160,Gundogan,MID,7.4,MCI,2.157045287,2.841255814,2.841255814,,29.60526316,,3.278708837,,0.657894737,,2.157045287
23326,Iwobi,MID,5.5,EVE,2.628548684,2.839074999,2.839074999,,66.64285714,,2.937789705,,0.894736842,,2.628548684
278661,Coutinho,MID,6.5,AVL,2.754468374,2.833415742,2.833415742,,62.5952381,,2.867665704,,0.960526316,,2.754468374
110898,Almiron,MID,5.5,NEW,2.693921748,2.799184906,2.799184906,,58.35714286,,2.843584067,,0.947368421,,2.693921748
225295,Rashica,MID,5.4,NOR,2.563600655,2.774126971,2.774126971,,60.16666667,,2.865200732,,0.894736842,,2.563600655
242870,A Gordon,MID,4.5,EVE,2.662055456,2.767318614,2.767318614,,68.64285714,,2.809947425,,0.947368421,,2.662055456
88507,S Armstrong,MID,5.7,SOU,2.545051564,2.75557788,2.75557788,,55.30952381,,2.844469395,,0.894736842,,2.545051564
131333,McGinn,MID,5.6,AVL,2.669347712,2.737768765,2.737768765,,82.14285714,,2.763902263,,0.965789474,,2.669347712
189709,Benrahma,MID,5.8,WHU,2.517906705,2.72843302,2.72843302,,47.21428571,,2.814131023,,0.894736842,,2.517906705
45084,Gross,MID,5.7,BHA,2.190093651,2.71640944,2.71640944,,40.83333333,,2.972269955,,0.736842105,,2.190093651
91130,Moutinho,MID,5.7,WOL,2.63615051,2.704571563,2.704571563,,80.3952381,,2.729529139,,0.965789474,,2.63615051
88639,Jorginho,MID,5.5,CHE,1.517386767,2.675281504,2.675281504,,32,,3.603793572,,0.421052632,,1.517386767
234800,D Gray,MID,5.6,EVE,2.565372045,2.670635203,2.670635203,,58.35714286,,2.707892714,,0.947368421,,2.565372045
23194,Rashford,MID,7.9,MUN,1.924913378,2.661755483,2.661755483,,35.36842105,,3.047779514,,0.631578947,,1.924913378
186002,J Ramsey,MID,4.7,AVL,2.575940378,2.654887747,2.654887747,,76.5,,2.681800942,,0.960526316,,2.575940378
257277,Saul,MID,6,CHE,1.900780987,2.637623092,2.637623092,,37.78571429,,3.009569896,,0.631578947,,1.900780987
23102,Kante,MID,5.1,CHE,1.472028651,2.629923388,2.629923388,,27.78947368,,3.496068046,,0.421052632,,1.472028651
88466,Neves,MID,6.1,WOL,2.509720131,2.614983289,2.614983289,,75.5,,2.649149027,,0.947368421,,2.509720131
192211,Janelt,MID,5,BRE,2.437808011,2.595702748,2.595702748,,53.5,,2.646762984,,0.921052632,,2.437808011
23539,Lanzini,MID,5.5,WHU,2.444949593,2.550212751,2.550212751,,54.92857143,,2.580780126,,0.947368421,,2.444949593
23058,Barkley,MID,5.5,CHE,1.370134908,2.528029645,2.528029645,,18.94736842,,3.254070407,,0.421052632,,1.370134908
257281,Normann,MID,5,NOR,2.451836974,2.504468553,2.504468553,,73.97619048,,2.518102838,,0.973684211,,2.451836974
192736,Rupp,MID,4.5,NOR,2.389950774,2.495213932,2.495213932,,60.07142857,,2.522725817,,0.947368421,,2.389950774
23492,Doucoure,MID,5.9,EVE,1.908404989,2.487352357,2.487352357,,53.64285714,,2.685903318,,0.710526316,,1.908404989
228177,Sancho,MID,7.7,MUN,1.320093594,2.477988331,2.477988331,,25.26315789,,3.135222285,,0.421052632,,1.320093594
92413,Dendoncker,MID,5,WOL,2.123018871,2.438808345,2.438808345,,60.64285714,,2.52108491,,0.842105263,,2.123018871
23236,Romeu,MID,4.5,SOU,2.264581787,2.422476524,2.422476524,,63.5,,2.458688797,,0.921052632,,2.264581787
192212,Canos,MID,5.3,BRE,1.732786365,2.416996892,2.416996892,,34.21052632,,2.633835276,,0.657894737,,1.732786365
226985,Mwepu,MID,5.5,BHA,1.651971043,2.388813148,2.388813148,,32.84210526,,2.615620818,,0.631578947,,1.651971043
183010,Fraser,MID,5.8,NEW,1.334269577,2.386901156,2.386901156,,25.57894737,,2.81679133,,0.473684211,,1.334269577
138306,Pepe,MID,7.4,ARS,1.791426097,2.370373465,2.370373465,,19.18421053,,2.521266359,,0.710526316,,1.791426097
278691,Kayembe,MID,4.5,WAT,2.267176875,2.346124243,2.346124243,,68.67857143,,2.360348527,,0.960526316,,2.267176875
92389,Kovacic,MID,5.1,CHE,0.969003372,2.337424425,2.337424425,,17.68421053,,3.068510678,,0.315789474,,0.969003372
137792,Douglas Luiz,MID,5,AVL,2.223371202,2.32863436,2.32863436,,70.35714286,,2.346891825,,0.947368421,,2.223371202
45036,W Hughes,MID,4.5,CRY,1.899646577,2.320699209,2.320699209,,47.78571429,,2.406218997,,0.789473684,,1.899646577
23053,Cleverley,MID,5,WAT,2.158045191,2.315939928,2.315939928,,63.5,,2.343020493,,0.921052632,,2.158045191
192210,Jensen,MID,5,BRE,2.144403907,2.302298644,2.302298644,,38.5,,2.328209956,,0.921052632,,2.144403907
160975,Podence,MID,5.4,WOL,1.77522905,2.301544839,2.301544839,,46.16666667,,2.409239424,,0.736842105,,1.77522905
185623,Murphy,MID,5,NEW,1.545087606,2.281929711,2.281929711,,28.42105263,,2.446388709,,0.631578947,,1.545087606
139207,Neto,MID,5.9,WOL,2.115200515,2.273095252,2.273095252,,50.16666667,,2.296503416,,0.921052632,,2.115200515
184926,Tella,MID,5,SOU,1.416723965,2.258829229,2.258829229,,32.42105263,,2.447068668,,0.578947368,,1.416723965
255775,Lennon,MID,5,BUR,1.833394433,2.254447065,2.254447065,,42.07142857,,2.322299615,,0.789473684,,1.833394433
94552,N Mendy,MID,4.5,LEI,1.527923993,2.212134519,2.212134519,,41.5952381,,2.322444469,,0.657894737,,1.527923993
23310,Fernandinho,MID,5,MCI,0.731750381,2.205434591,2.205434591,,14.73684211,,2.780651447,,0.263157895,,0.731750381
182530,Allan,MID,4.4,EVE,1.878661885,2.194451359,2.194451359,,60.64285714,,2.230910989,,0.842105263,,1.878661885
154682,C Jones,MID,4.6,LIV,0.769367176,2.190419808,2.190419808,,14.47368421,,2.657813882,,0.289473684,,0.769367176
88550,Fabinho,MID,5.4,LIV,0.607825684,2.186773053,2.186773053,,12.63157895,,2.887172,,0.210526316,,0.607825684
45069,Perez,MID,6,LEI,1.441051908,2.177894013,2.177894013,,18.94736842,,2.28166552,,0.631578947,,1.441051908
23099,Albrighton,MID,5.5,LEI,0.805629732,2.174050785,2.174050785,,17.05263158,,2.551160818,,0.315789474,,0.805629732
144450,Gilmour,MID,4.5,NOR,0.796960753,2.165381806,2.165381806,,22.73684211,,2.523709052,,0.315789474,,0.796960753
181309,van de Beek,MID,5.8,EVE,1.843659283,2.159448756,2.159448756,,44.64285714,,2.189345398,,0.842105263,,1.843659283
23008,Matic,MID,5,MUN,0.978380513,2.13627525,2.13627525,,26.10526316,,2.323653718,,0.421052632,,0.978380513
23117,Milner,MID,5,LIV,1.073179329,2.125810908,2.125810908,,18.94736842,,2.265600805,,0.473684211,,1.073179329
225311,Sema,MID,5.4,WAT,1.903966777,2.114493093,2.114493093,,52.07142857,,2.127962868,,0.894736842,,1.903966777
69539,Hudson-Odoi,MID,5.5,CHE,0.30396714,2.093440824,2.093440824,,4.210526316,,2.887687827,,0.105263158,,0.30396714
282728,Kalu,MID,5.5,WAT,1.815717956,2.078875851,2.078875851,,47.5,,2.090826737,,0.868421053,,1.815717956
274590,Vale,MID,4,CHE,0.498638219,2.077585587,2.077585587,,9.473684211,,2.368531538,,0.210526316,,0.498638219
23482,Alli,MID,6.1,EVE,1.472626675,2.051574043,2.051574043,,34.10526316,,2.07258569,,0.710526316,,1.472626675
23028,McArthur,MID,4.5,CRY,0.577442825,2.051127036,2.051127036,,14.21052632,,2.194282735,,0.263157895,,0.577442825
23353,Gosling,MID,4.5,WAT,1.522886884,2.049202674,2.049202674,,40.83333333,,2.066775057,,0.736842105,,1.522886884
23177,Mata,MID,5,MUN,1.307510867,2.044352972,2.044352972,,25.26315789,,2.070225539,,0.631578947,,1.307510867
233400,Lokonga,MID,5,ARS,0.777290108,2.040448003,2.040448003,,16.57894737,,2.109787437,,0.368421053,,0.777290108
230249,Olise,MID,5.4,CRY,0.340870468,2.025080994,2.025080994,,6.315789474,,2.158846296,,0.157894737,,0.340870468
192735,Buendia,MID,6.3,AVL,1.907534387,2.012797545,2.012797545,,46.35714286,,2.01350852,,0.947368421,,1.907534387
241953,Elliott,MID,5.5,LIV,0.377205335,2.008784283,2.008784283,,5.526315789,,2.047686105,,0.184210526,,0.377205335
242906,Palmer,MID,4.5,MCI,0.005445281,2.000182123,2.000182123,,0.065789474,,2.06920661,,0.002631579,,0.005445281
225306,Baah,MID,4,WAT,0,2,2,,0,,0.001405,,0,,0
192744,Skipp,MID,4.5,TOT,0,2,2,,0,,0.001373,,0,,0
259750,Summerville,MID,4.5,LEE,0,2,2,,0,,0.00156,,0,,0
230251,Etebo,MID,4.5,WAT,0,2,2,,0,,0.001467,,0,,0
33589,Ndidi,MID,5,LEI,0,2,2,,0,,0.001216,,0,,0
206669,Moder,MID,5,BHA,0,2,2,,0,,0.001075,,0,,0
192747,McLean,MID,5,NOR,0,2,2,,0,,0.001318,,0,,0
176657,Forshaw,MID,5,LEE,0,2,2,,0,,0.001561,,0,,0
192216,Ghoddos,MID,5,BRE,0,2,2,,0,,0.001085,,0,,0
176664,T Roberts,MID,5.1,LEE,0,2,2,,0,,0.001193,,0,,0
84632,Willock,MID,5.4,NEW,0,2,2,,0,,0.001019,,0,,0
176640,Dallas,MID,5.4,LEE,0,2,2,,0,,0.001188,,0,,0
272775,Sarmiento,MID,5.5,BHA,0,2,2,,0,,0.001639,,0,,0
35693,Westwood,MID,5.5,BUR,0,2,2,,0,,0.001107,,0,,0
242864,Kucka,MID,5.5,WAT,0,2,2,,0,,0.001512,,0,,0
225310,Louza,MID,5.5,WAT,0,2,2,,0,,0.001403,,0,,0
187806,Partey,MID,5.5,ARS,0,2,2,,0,,0.001015,,0,,0
23016,Townsend,MID,5.6,EVE,0,2,2,,0,,0.001482,,0,,0
45042,Shelvey,MID,6,NEW,0,2,2,,0,,0.001291,,0,,0
132426,D James,MID,6,LEE,0,2,2,,0,,0.001287,,0,,0
139971,I Sarr,MID,6.2,WAT,0,2,2,,0,,0.001399,,0,,0
240547,Bailey,MID,6.4,AVL,0,2,2,,0,,0.001492,,0,,0
24380,Pogba,MID,6.6,MUN,0,2,2,,0,,0.001272,,0,,0
115171,M Greenwood,MID,7.2,MUN,0,2,2,,0,,0.001289,,0,,0
271700,McAtee,MID,4,MCI,0.002631466,1.999999887,1.999999887,,0.032894737,,1.999914423,,0.001315789,,0.002631466
226789,Soumare,MID,5,LEI,0.420789128,1.999736497,1.999736497,,9.473684211,,1.99874836,,0.210526316,,0.420789128
274589,Simons,MID,4,CHE,0.002091772,1.999460193,1.999460193,,0.032894737,,1.589746779,,0.001315789,,0.002091772
200376,Anderson,MID,4.5,NEW,0.004408105,1.999144947,1.999144947,,0.065789474,,1.675079938,,0.002631579,,0.004408105
192199,Fosu,MID,5.5,BRE,0.004245231,1.998982073,1.998982073,,0.065789474,,1.613187747,,0.002631579,,0.004245231
271701,Onyango,MID,4,EVE,0.001607779,1.9989762,1.9989762,,0.026315789,,1.221912278,,0.001315789,,0.001607779
271609,Morton,MID,4.5,LIV,0.004233069,1.998969911,1.998969911,,0.065789474,,1.608566135,,0.002631579,,0.004233069
246493,Rak-Sakyi,MID,4.5,CRY,0.004074421,1.998811263,1.998811263,,0.065789474,,1.548279908,,0.002631579,,0.004074421
271705,McKinstry,MID,4,LEE,0.003914245,1.998651087,1.998651087,,0.065789474,,1.487413005,,0.002631579,,0.003914245
68289,Choudhury,MID,4.5,LEI,0.049712137,1.997080558,1.997080558,,1.052631579,,1.889061222,,0.026315789,,0.049712137
45097,Riedewald,MID,5,CRY,0.020942811,1.994627021,1.994627021,,0.394736842,,1.591653621,,0.013157895,,0.020942811
257177,Vlasic,MID,5.9,WHU,0.731120997,1.994278891,1.994278891,,13.26315789,,1.984471277,,0.368421053,,0.731120997
147612,Alzate,MID,5,BHA,0.20342526,1.992898944,1.992898944,,4.210526316,,1.932539969,,0.105263158,,0.20342526
157062,Minamino,MID,5.4,LIV,0.202465551,1.991939235,1.991939235,,2.105263158,,1.92342273,,0.105263158,,0.202465551
35690,Milivojevic,MID,5.5,CRY,0.937841152,1.990472731,1.990472731,,21.31578947,,1.979886876,,0.473684211,,0.937841152
23324,Walcott,MID,5.9,SOU,0.094110725,1.988847568,1.988847568,,1.578947368,,1.788103783,,0.052631579,,0.094110725
23192,Lingard,MID,6.4,MUN,1.093431875,1.988168717,1.988168717,,19.34210526,,1.978591011,,0.552631579,,1.093431875
257279,Kral,MID,5,WHU,0.040500505,1.987868926,1.987868926,,0.789473684,,1.53901919,,0.026315789,,0.040500505
274588,Patino,MID,4,ARS,0.092777354,1.987514196,1.987514196,,1.578947368,,1.762769722,,0.052631579,,0.092777354
132429,Djenepo,MID,5.9,SOU,0.090777638,1.98551448,1.98551448,,1.578947368,,1.72477512,,0.052631579,,0.090777638
24079,Gudmundsson,MID,5.4,BUR,0.301293627,1.985504154,1.985504154,,5.052631579,,1.908192974,,0.157894737,,0.301293627
23325,Chamberlain,MID,5.6,LIV,0.296351531,1.980562057,1.980562057,,3.947368421,,1.87689303,,0.157894737,,0.296351531
23276,Noble,MID,4.5,WHU,1.393319048,1.972266416,1.972266416,,31.97368421,,1.960967548,,0.710526316,,1.393319048
162785,Smallbone,MID,4.5,SOU,0.076502079,1.971238921,1.971238921,,1.315789474,,1.453539502,,0.052631579,,0.076502079
23162,Delph,MID,4.5,EVE,0.070540878,1.96527772,1.96527772,,1.578947368,,1.340276682,,0.052631579,,0.070540878
131369,El Ghazi,MID,5.8,EVE,0.173891181,1.963364865,1.963364865,,3.157894737,,1.65196622,,0.105263158,,0.173891181
233401,Onyeka,MID,5,BRE,0.17279266,1.962266344,1.962266344,,3.157894737,,1.641530268,,0.105263158,,0.17279266
187324,I Diallo,MID,4.3,SOU,1.212263031,1.949105136,1.949105136,,31.57894737,,1.919416465,,0.631578947,,1.212263031
280714,Cundle,MID,4.5,WOL,0.15850116,1.947974845,1.947974845,,3.684210526,,1.505761024,,0.105263158,,0.15850116
23127,Lallana,MID,5.5,BHA,0.464230993,1.937915203,1.937915203,,7.894736842,,1.764077772,,0.263157895,,0.464230993
280768,Bate,MID,4.5,LEE,0.667708622,1.930866517,1.930866517,,16.57894737,,1.812351973,,0.368421053,,0.667708622
192215,S Baptiste,MID,4.5,BRE,0.246407695,1.930618222,1.930618222,,3.947368421,,1.560582071,,0.157894737,,0.246407695
226791,Trincao,MID,5.8,WOL,0.649771117,1.912929012,1.912929012,,12.89473684,,1.763664461,,0.368421053,,0.649771117
92420,Gomes,MID,5,EVE,0.332737179,1.911684548,1.911684548,,8.421052632,,1.580501602,,0.210526316,,0.332737179
184648,B Traore,MID,5.9,AVL,0.431114583,1.904798794,1.904798794,,8.421052632,,1.638235417,,0.263157895,,0.431114583
25871,Winks,MID,4.5,TOT,0.745831292,1.903726029,1.903726029,,12.63157895,,1.771349319,,0.421052632,,0.745831292
176654,Shackleton,MID,4.5,LEE,1.004804728,1.89954157,1.89954157,,24.86842105,,1.818218078,,0.552631579,,1.004804728
88575,Yarmolenko,MID,5.6,WHU,1.319238873,1.898186242,1.898186242,,22.73684211,,1.856706563,,0.710526316,,1.319238873
202398,Sanson,MID,5,AVL,0.317110033,1.896057401,1.896057401,,7.368421053,,1.506272657,,0.210526316,,0.317110033
221680,Chukwuemeka,MID,4.5,AVL,0.307401779,1.886349147,1.886349147,,7.368421053,,1.460158448,,0.210526316,,0.307401779
192202,Dasilva,MID,5.5,BRE,1.141871596,1.878713701,1.878713701,,18.94736842,,1.807963361,,0.631578947,,1.141871596
45021,D Stephens,MID,4.5,BUR,0.507642112,1.876063165,1.876063165,,9.473684211,,1.607533354,,0.315789474,,0.507642112
34400,T Davies,MID,5,EVE,0.397345232,1.871029443,1.871029443,,7.894736842,,1.509911883,,0.263157895,,0.397345232
192753,Placheta,MID,4.5,NOR,0.923093531,1.870461952,1.870461952,,18.42105263,,1.753877708,,0.526315789,,0.923093531
138600,Nakamba,MID,4.5,AVL,0.684361694,1.842256431,1.842256431,,22.73684211,,1.625359023,,0.421052632,,0.684361694
242984,Tzolis,MID,5,NOR,0.759035473,1.811667052,1.811667052,,13.26315789,,1.602408222,,0.473684211,,0.759035473
293578,Chiquinho,MID,5,WOL,0.969533062,1.706375167,1.706375167,,18.94736842,,1.535094015,,0.631578947,,0.969533062
23474,Kane,FWD,11.8,TOT,6.376481064,6.639638959,6.639638959,,72.64285714,,7.342614559,,0.868421053,,6.376481064
76982,Nketiah,FWD,6,ARS,5.310173462,5.378594514,5.378594514,,73.4047619,,5.498272249,,0.965789474,,5.310173462
192217,Toney,FWD,6.5,BRE,4.838477096,4.906898149,4.906898149,,82.14285714,,5.009867293,,0.965789474,,4.838477096
254679,Ronaldo,FWD,11.4,MUN,4.503107716,4.571528769,4.571528769,,79.52142857,,4.662618344,,0.965789474,,4.503107716
23097,Vardy,FWD,9.5,LEI,4.442240267,4.547503424,4.547503424,,63.5,,4.689031392,,0.947368421,,4.442240267
32986,Jesus,FWD,8.7,MCI,4.230646434,4.38854117,4.38854117,,58.5,,4.593273271,,0.921052632,,4.230646434
23331,Welbeck,FWD,6,BHA,4.223652518,4.292073571,4.292073571,,73.4047619,,4.373264187,,0.965789474,,4.223652518
192758,Pukki,FWD,6.2,NOR,4.066330689,4.118962268,4.118962268,,84.54761905,,4.176231519,,0.973684211,,4.066330689
240869,Lukaku,FWD,9.8,CHE,3.386221512,3.912537301,3.912537301,,43.5,,4.595586338,,0.736842105,,3.386221512
23360,Wilson,FWD,7.6,NEW,3.786397408,3.854818461,3.854818461,,71.65714286,,3.920520477,,0.965789474,,3.786397408
23550,Antonio,FWD,7.3,WHU,3.567060098,3.646007467,3.646007467,,69.54761905,,3.713651609,,0.960526316,,3.567060098
201968,Mateta,FWD,5.4,CRY,3.537460802,3.64272396,3.64272396,,58.35714286,,3.733986402,,0.947368421,,3.537460802
137599,Joelinton,FWD,5.7,NEW,3.39678714,3.449418719,3.449418719,,82.78571429,,3.488592198,,0.973684211,,3.39678714
23170,Iheanacho,FWD,7.2,LEI,2.633974294,3.370816399,3.370816399,,40.07142857,,4.170459298,,0.631578947,,2.633974294
179153,Rodrigo,FWD,6.2,LEE,3.301756584,3.370177637,3.370177637,,71.65714286,,3.418712539,,0.965789474,,3.301756584
183114,Watkins,FWD,7.1,AVL,3.197620306,3.276567675,3.276567675,,79.97619048,,3.32902936,,0.960526316,,3.197620306
132437,Adams,FWD,6.9,SOU,2.762713127,3.183765758,3.183765758,,52.07142857,,3.499436627,,0.789473684,,2.762713127
164449,Joao Pedro,FWD,5.4,WAT,3.035230788,3.103651841,3.103651841,,82.14285714,,3.142745776,,0.965789474,,3.035230788
23364,King,FWD,5.3,WAT,2.938165045,3.096059782,3.096059782,,71,,3.190007763,,0.921052632,,2.938165045
45474,Richarlison,FWD,6.9,EVE,2.743836091,3.059625564,3.059625564,,62.92857143,,3.258305358,,0.842105263,,2.743836091
23290,A Barnes,FWD,5.1,BUR,2.77087611,2.981402426,2.981402426,,53.69047619,,3.096861535,,0.894736842,,2.77087611
40266,Calvert-Lewin,FWD,7.5,EVE,2.693012016,2.956169911,2.956169911,,58.5,,3.10104414,,0.868421053,,2.693012016
35701,Ayew,FWD,5.7,CRY,2.771571846,2.929466583,2.929466583,,58.5,,3.009135147,,0.921052632,,2.771571846
88528,Jimenez,FWD,7,WOL,2.800006422,2.90526958,2.90526958,,67.78571429,,2.955562335,,0.947368421,,2.800006422
242869,Broja,FWD,4.8,SOU,2.693420109,2.903946424,2.903946424,,56.92857143,,3.010293062,,0.894736842,,2.693420109
283052,Weghorst,FWD,5.6,BUR,2.54114946,2.751675776,2.751675776,,45.5952381,,2.84010822,,0.894736842,,2.54114946
176665,Bamford,FWD,7.5,LEE,2.01405042,2.698260947,2.698260947,,31.57894737,,3.061356639,,0.657894737,,2.01405042
139797,Maupay,FWD,5.7,BHA,1.96050012,2.697342226,2.697342226,,37.78571429,,3.10412519,,0.631578947,,1.96050012
176630,Werner,FWD,8.2,CHE,1.520680737,2.678575474,2.678575474,,18.94736842,,3.611616751,,0.421052632,,1.520680737
225294,Daka,FWD,6.8,LEI,1.606022465,2.658654044,2.658654044,,22.73684211,,3.390491871,,0.473684211,,1.606022465
23134,Ings,FWD,7.5,AVL,2.282400353,2.545558247,2.545558247,,55.35714286,,2.628218588,,0.868421053,,2.282400353
257274,Edouard,FWD,6,CRY,1.487575684,2.540207263,2.540207263,,26.52631579,,3.140437555,,0.473684211,,1.487575684
23119,Firmino,FWD,7.3,LIV,1.854891732,2.539102258,2.539102258,,26.31578947,,2.819435432,,0.657894737,,1.854891732
134602,Jay Rodriguez,FWD,5.3,BUR,1.60387878,2.498615622,2.498615622,,30.94736842,,2.90225684,,0.552631579,,1.60387878
57345,Wood,FWD,5.8,NEW,1.741150062,2.425360588,2.425360588,,34.21052632,,2.646548094,,0.657894737,,1.741150062
259613,Gelhardt,FWD,4,LEE,2.096528849,2.307055165,2.307055165,,39.92857143,,2.343179302,,0.894736842,,2.096528849
242879,A Armstrong,FWD,6.1,SOU,1.013356519,2.276514413,2.276514413,,19.89473684,,2.750539122,,0.368421053,,1.013356519
187803,Cavani,FWD,7.6,MUN,1.342342945,2.237079787,2.237079787,,22.10526316,,2.42900152,,0.552631579,,1.342342945
45079,Lacazette,FWD,7.5,ARS,1.492869354,2.17707988,2.17707988,,18.42105263,,2.269161418,,0.657894737,,1.492869354
257178,Hwang,FWD,5.9,WOL,1.878182572,2.088708888,2.088708888,,47.21428571,,2.099145228,,0.894736842,,1.878182572
102349,Origi,FWD,5,LIV,0.486371996,2.065319365,2.065319365,,5.263157895,,2.310266982,,0.210526316,,0.486371996
23118,Benteke,FWD,5.8,CRY,0.970221228,2.022852807,2.022852807,,14.21052632,,2.048244814,,0.473684211,,0.970221228
242871,S Long,FWD,5,SOU,0.860594488,2.018489225,2.018489225,,16.84210526,,2.043911909,,0.421052632,,0.860594488
225321,Dennis,FWD,5.2,WAT,0,2,2,,0,,0.00145,,0,,0
192765,Idah,FWD,5.2,NOR,0,2,2,,0,,0.001329,,0,,0
92351,Vydra,FWD,5.5,BUR,0,2,2,,0,,0.001111,,0,,0
242865,Sargent,FWD,5.5,NOR,0,2,2,,0,,0.001513,,0,,0
257278,Rondon,FWD,5.5,EVE,0,2,2,,0,,0.001612,,0,,0
203938,Scarlett,FWD,4.5,TOT,0.025951812,1.999636022,1.999636022,,0.328947368,,1.972337699,,0.013157895,,0.025951812
242907,Edozie,FWD,4.5,MCI,0.002103731,1.999472152,1.999472152,,0.032894737,,1.598835852,,0.001315789,,0.002103731
274591,Soonsup-Bell,FWD,4,CHE,0.002025218,1.999393639,1.999393639,,0.032894737,,1.539165854,,0.001315789,,0.002025218
265469,Tosun,FWD,5.5,EVE,0.001894286,1.999262707,1.999262707,,0.026315789,,1.439657597,,0.001315789,,0.001894286
259614,Munoz,FWD,4,NEW,0.004286985,1.999023827,1.999023827,,0.065789474,,1.629054386,,0.002631579,,0.004286985
131312,Gayle,FWD,6,NEW,0.256618819,1.940829345,1.940829345,,3.157894737,,1.625252518,,0.157894737,,0.256618819
230257,Cucho,FWD,5,WAT,0.651210693,1.914368588,1.914368588,,16.57894737,,1.767571881,,0.368421053,,0.651210693
260243,Dobbin,FWD,4,EVE,0.222948036,1.907158563,1.907158563,,4.736842105,,1.41200423,,0.157894737,,0.222948036
249318,S Greenwood,FWD,5,LEE,0.681501581,1.839396318,1.839396318,,11.78947368,,1.618566256,,0.421052632,,0.681501581
182752,F Silva,FWD,5.7,WOL,0.804883864,1.752252285,1.752252285,,13.15789474,,1.529279342,,0.526315789,,0.804883864
